<?xml version="1.0" encoding="utf-8"?>
<COLLADA version="1.4.0" xmlns="http://www.collada.org/2005/11/COLLADASchema">
	<asset>
		<contributor>
			<author> SimLab Soft http://www.simLab-soft.com </author>
			<authoring_tool>SimLab Collada Exporter for Inventor</authoring_tool>
		</contributor>
		<created>2019-07-04T10:07:03</created>
		<modified>2019-07-04T10:07:03</modified>
		<unit meter="1.000000000000000" name="Meter"/>
		<up_axis>Z_UP</up_axis>
	</asset>
	<library_visual_scenes>
		<visual_scene id="Scene" name="Scene">
			<node>
				<matrix> 1 0 0 0 0 1 0 0 0 0 1 0 0 0 0 1 </matrix>
				<node  id="ID0" name="Camera_4">
					<matrix> 1 0 0 -0.0524998 0 0 -1 -1.75181 0 1 0 0 0 0 0 1 </matrix>
					<instance_camera url="#ID1" />
				</node>
				<node  id="ID2" name="Assembly_272">
					<matrix> 0.001 0 0 0 0 0 -0.001 0 0 0.001 0 0 0 0 0 1 </matrix>
					<node  id="ID3" name="Parte6">
						<matrix> 10 0 0 0 0 0 -10 0 0 10 0 0 0 0 0 1 </matrix>
						<node  id="ID4" name="">
							<matrix> 1 0 0 0 0 1 0 0 0 0 1 0 0 0 0 1 </matrix>
							<node  id="ID5" name="">
								<matrix> 1 0 0 0 0 1 0 0 0 0 1 0 0 0 0 1 </matrix>
								<node  id="ID6" name="">
									<matrix> 1 0 0 0 0 1 0 0 0 0 1 0 0 0 0 1 </matrix>
									<instance_geometry url="#ID7">
										<bind_material>
											<technique_common>
												<instance_material symbol="R179_G0_B0" target="#ID8">
													<bind_vertex_input semantic="UVSET0" input_semantic="TEXCOORD" input_set="0" />
												</instance_material>
											</technique_common>
										</bind_material>
									</instance_geometry>
								</node>
								<node  id="ID9" name="">
									<matrix> 1 0 0 0 0 1 0 0 0 0 1 0 0 0 0 1 </matrix>
									<instance_geometry url="#ID10">
										<bind_material>
											<technique_common>
												<instance_material symbol="R255_G254_B247" target="#ID11">
													<bind_vertex_input semantic="UVSET0" input_semantic="TEXCOORD" input_set="0" />
												</instance_material>
											</technique_common>
										</bind_material>
									</instance_geometry>
								</node>
							</node>
						</node>
					</node>
				</node>
			</node>
		</visual_scene>
	</library_visual_scenes>
	<library_cameras>
		<camera id="ID1" name="Camera_4">
			<optics>
				<technique_common>
					<perspective>
						<yfov>45</yfov>
						<aspect_ratio>1.33333</aspect_ratio>
						<znear>0.0180316</znear>
						<zfar>180.316</zfar>
					</perspective>
				</technique_common>
			</optics>
			<extra>
				<technique  >
					<camera_target type="float">-0.0524998 -6.66134e-16 0</camera_target>
				</technique>
			</extra>
		</camera >
	</library_cameras>
	<library_geometries>
		<geometry id="ID7" name="geo_0">
			<mesh>
				<source id="geo_0-Position">
					<float_array count="22923" id="geo_0-Position-array">-13.1591 2.4 -2.32919 -13.15 2.4 -2.225 -13.15 2.4 2.225 -13.1591 2.4 2.32919 -13.1862 2.4 2.43021 -13.2304 2.4 2.525 -13.2904 2.4 2.61067 -13.3643 2.4 2.68463 -13.45 2.4 2.74462 -13.5448 2.4 2.78882 -13.6458 2.4 2.81588 -13.75 2.4 2.825 -24.75 2.4 2.825 -24.9651 2.39034 2.825 -25.1785 2.36143 2.825 -25.3885 2.31351 2.825 -25.5933 2.24696 2.825 -25.7913 2.16233 2.825 -25.981 2.06028 2.825 -26.1607 1.94164 2.825 -26.3291 1.80737 2.825 -26.4847 1.65855 2.825 -26.6264 1.49638 2.825 -26.753 1.32215 2.825 -26.8634 1.13728 2.825 -26.9569 0.94326 2.825 -27.0325 0.741641 2.825 -27.0898 0.53405 2.825 -27.1283 0.32216 2.825 -27.1476 0.107676 2.825 -27.1476 -0.107676 2.825 -27.1283 -0.32216 2.825 -27.0898 -0.53405 2.825 -27.0325 -0.741641 2.825 -26.9569 -0.94326 2.825 -26.8634 -1.13728 2.825 -26.753 -1.32215 2.825 -26.6264 -1.49638 2.825 -26.4847 -1.65855 2.825 -26.3291 -1.80737 2.825 -26.1607 -1.94164 2.825 -25.981 -2.06028 2.825 -25.7913 -2.16233 2.825 -25.5933 -2.24696 2.825 -25.3885 -2.31351 2.825 -25.1785 -2.36143 2.825 -24.9651 -2.39034 2.825 -24.75 -2.4 2.825 -13.75 -2.4 2.825 -13.6458 -2.4 2.81588 -13.5448 -2.4 2.78882 -13.45 -2.4 2.74462 -13.3643 -2.4 2.68463 -13.2904 -2.4 2.61067 -13.2304 -2.4 2.525 -13.1862 -2.4 2.43021 -13.1591 -2.4 2.32919 -13.15 -2.4 2.225 -13.15 -2.4 -2.225 -13.1591 -2.4 -2.32919 -13.1862 -2.4 -2.43021 -13.2304 -2.4 -2.525 -13.2904 -2.4 -2.61067 -13.3643 -2.4 -2.68463 -13.45 -2.4 -2.74462 -13.5448 -2.4 -2.78882 -13.6458 -2.4 -2.81588 -13.75 -2.4 -2.825 -24.75 -2.4 -2.825 -24.9651 -2.39034 -2.825 -25.1785 -2.36143 -2.825 -25.3885 -2.31351 -2.825 -25.5933 -2.24696 -2.825 -25.7913 -2.16233 -2.825 -25.981 -2.06028 -2.825 -26.1607 -1.94164 -2.825 -26.3291 -1.80737 -2.825 -26.4847 -1.65855 -2.825 -26.6264 -1.49638 -2.825 -26.753 -1.32215 -2.825 -26.8634 -1.13728 -2.825 -26.9569 -0.94326 -2.825 -27.0325 -0.741641 -2.825 -27.0898 -0.53405 -2.825 -27.1283 -0.32216 -2.825 -27.1476 -0.107676 -2.825 -27.1476 0.107676 -2.825 -27.1283 0.32216 -2.825 -27.0898 0.53405 -2.825 -27.0325 0.741641 -2.825 -26.9569 0.94326 -2.825 -26.8634 1.13728 -2.825 -26.753 1.32215 -2.825 -26.6264 1.49638 -2.825 -26.4847 1.65855 -2.825 -26.3291 1.80737 -2.825 -26.1607 1.94164 -2.825 -25.981 2.06028 -2.825 -25.7913 2.16233 -2.825 -25.5933 2.24696 -2.825 -25.3885 2.31351 -2.825 -25.1785 2.36143 -2.825 -24.9651 2.39034 -2.825 -24.75 2.4 -2.825 -13.75 2.4 -2.825 -13.6458 2.4 -2.81588 -13.5448 2.4 -2.78882 -13.45 2.4 -2.74462 -13.3643 2.4 -2.68463 -13.2904 2.4 -2.61067 -13.2304 2.4 -2.525 -13.1862 2.4 -2.43021 -12.65 2.4 -2.325 -12.65 2.4 2.325 -12.6586 2.4 2.45553 -12.6841 2.4 2.58382 -12.7261 2.4 2.70768 -12.784 2.4 2.825 -12.8566 2.4 2.93376 -12.9429 2.4 3.03211 -13.0412 2.4 3.11835 -13.15 2.4 3.19103 -13.2673 2.4 3.24888 -13.3912 2.4 3.29093 -13.5195 2.4 3.31644 -13.65 2.4 3.325 -23.0078 2.4 3.325 -23.116 2.4 3.32833 -23.2282 2.4 3.33802 -23.342 2.4 3.35365 -23.4555 2.4 3.3746 -23.5664 2.4 3.3996 -23.6727 2.4 3.42723 -23.7775 2.4 3.45764 -23.8877 2.4 3.49224 -24.3128 2.4 3.63669 -24.4176 2.4 3.66932 -24.5285 2.4 3.69822 -24.641 2.4 3.71793 -24.75 2.4 3.725 -24.9651 2.39034 3.725 -25.1785 2.36143 3.725 -25.3885 2.31351 3.725 -25.5933 2.24696 3.725 -25.7913 2.16233 3.725 -25.981 2.06028 3.725 -26.1607 1.94164 3.725 -26.3291 1.80737 3.725 -26.4847 1.65855 3.725 -26.6264 1.49638 3.725 -26.753 1.32215 3.725 -26.8634 1.13728 3.725 -26.9569 0.94326 3.725 -27.0325 0.741641 3.725 -27.0898 0.53405 3.725 -27.1283 0.32216 3.725 -27.1476 0.107676 3.725 -27.1476 -0.107676 3.725 -27.1283 -0.32216 3.725 -27.0898 -0.53405 3.725 -27.0325 -0.741641 3.725 -26.9569 -0.94326 3.725 -26.8634 -1.13728 3.725 -26.753 -1.32215 3.725 -26.6264 -1.49638 3.725 -26.4847 -1.65855 3.725 -26.3291 -1.80737 3.725 -26.1607 -1.94164 3.725 -25.981 -2.06028 3.725 -25.7913 -2.16233 3.725 -25.5933 -2.24696 3.725 -25.3885 -2.31351 3.725 -25.1785 -2.36143 3.725 -24.9651 -2.39034 3.725 -24.75 -2.4 3.725 -24.641 -2.4 3.71793 -24.5285 -2.4 3.69822 -24.4176 -2.4 3.66932 -24.3128 -2.4 3.63669 -23.8877 -2.4 3.49224 -23.7775 -2.4 3.45764 -23.6727 -2.4 3.42723 -23.5664 -2.4 3.3996 -23.4555 -2.4 3.3746 -23.342 -2.4 3.35365 -23.2282 -2.4 3.33802 -23.116 -2.4 3.32833 -23.0078 -2.4 3.325 -13.65 -2.4 3.325 -13.5195 -2.4 3.31644 -13.3912 -2.4 3.29093 -13.2673 -2.4 3.24888 -13.15 -2.4 3.19103 -13.0412 -2.4 3.11835 -12.9429 -2.4 3.03211 -12.8566 -2.4 2.93376 -12.784 -2.4 2.825 -12.7261 -2.4 2.70768 -12.6841 -2.4 2.58382 -12.6586 -2.4 2.45553 -12.65 -2.4 2.325 -12.65 -2.4 -2.325 -12.6586 -2.4 -2.45553 -12.6841 -2.4 -2.58382 -12.7261 -2.4 -2.70768 -12.784 -2.4 -2.825 -12.8566 -2.4 -2.93376 -12.9429 -2.4 -3.03211 -13.0412 -2.4 -3.11835 -13.15 -2.4 -3.19103 -13.2673 -2.4 -3.24888 -13.3912 -2.4 -3.29093 -13.5195 -2.4 -3.31644 -13.65 -2.4 -3.325 -23.0078 -2.4 -3.325 -23.116 -2.4 -3.32833 -23.2282 -2.4 -3.33802 -23.342 -2.4 -3.35365 -23.4555 -2.4 -3.3746 -23.5664 -2.4 -3.3996 -23.6727 -2.4 -3.42723 -23.7775 -2.4 -3.45764 -23.8877 -2.4 -3.49224 -24.3128 -2.4 -3.63669 -24.4176 -2.4 -3.66932 -24.5285 -2.4 -3.69822 -24.641 -2.4 -3.71793 -24.75 -2.4 -3.725 -24.9651 -2.39034 -3.725 -25.1785 -2.36143 -3.725 -25.3885 -2.31351 -3.725 -25.5933 -2.24696 -3.725 -25.7913 -2.16233 -3.725 -25.981 -2.06028 -3.725 -26.1607 -1.94164 -3.725 -26.3291 -1.80737 -3.725 -26.4847 -1.65855 -3.725 -26.6264 -1.49638 -3.725 -26.753 -1.32215 -3.725 -26.8634 -1.13728 -3.725 -26.9569 -0.94326 -3.725 -27.0325 -0.741641 -3.725 -27.0898 -0.53405 -3.725 -27.1283 -0.32216 -3.725 -27.1476 -0.107676 -3.725 -27.1476 0.107676 -3.725 -27.1283 0.32216 -3.725 -27.0898 0.53405 -3.725 -27.0325 0.741641 -3.725 -26.9569 0.94326 -3.725 -26.8634 1.13728 -3.725 -26.753 1.32215 -3.725 -26.6264 1.49638 -3.725 -26.4847 1.65855 -3.725 -26.3291 1.80737 -3.725 -26.1607 1.94164 -3.725 -25.981 2.06028 -3.725 -25.7913 2.16233 -3.725 -25.5933 2.24696 -3.725 -25.3885 2.31351 -3.725 -25.1785 2.36143 -3.725 -24.9651 2.39034 -3.725 -24.75 2.4 -3.725 -24.641 2.4 -3.71793 -24.5285 2.4 -3.69822 -24.4176 2.4 -3.66932 -24.3128 2.4 -3.63669 -23.8877 2.4 -3.49224 -23.7775 2.4 -3.45764 -23.6727 2.4 -3.42723 -23.5664 2.4 -3.3996 -23.4555 2.4 -3.3746 -23.342 2.4 -3.35365 -23.2282 2.4 -3.33802 -23.116 2.4 -3.32833 -23.0078 2.4 -3.325 -13.65 2.4 -3.325 -13.5195 2.4 -3.31644 -13.3912 2.4 -3.29093 -13.2673 2.4 -3.24888 -13.15 2.4 -3.19103 -13.0412 2.4 -3.11835 -12.9429 2.4 -3.03211 -12.8566 2.4 -2.93376 -12.784 2.4 -2.825 -12.7261 2.4 -2.70768 -12.6841 2.4 -2.58382 -12.6586 2.4 -2.45553 12.1072 1.4 -1.01919 12.1469 1.4 -0.955146 12.1072 1.4 -1.01919 12.0607 1.4 -1.07854 12.0072 1.4 -1.13137 11.958 1.4 -1.16833 12.0072 1.4 -1.13137 12.0607 1.4 -1.07854 12.6575 1.4 -1.06676 12.65 1.4 -1 12.1806 1.4 -0.887963 12.1004 1.40428 -0.934923 12.0585 1.40374 -1.00622 11.9985 1.40317 -1.08064 11.9638 1.40293 -1.1129 11.9259 1.40272 -1.14099 11.9043 1.4 -1.19818 11.9499 1.4 -1.24916 11.9863 1.4 -1.30765 12.0151 1.4 -1.37136 12.0346 1.4 -1.43565 12.6797 1.4 -1.13017 12.65 1.4 1 12.3158 1.4 -2.2636e-05 12.3133 1.4 -0.150697 12.3058 1.4 -0.301258 12.2914 1.4 -0.451237 12.268 1.4 -0.600047 12.2326 1.4 -0.746787 12.209 1.4 -0.818334 12.1347 1.40485 -0.859143 12.0577 1.41698 -0.910846 12.0214 1.41485 -0.978974 11.969 1.41262 -1.04989 11.9386 1.41165 -1.08057 11.9053 1.41081 -1.10725 11.8639 1.40407 -1.16188 11.885 1.40254 -1.16413 12.0666 1.4 -1.53199 12.1144 1.4 -1.62142 12.7155 1.4 -1.18705 12.763 1.4 -1.23455 12.8198 1.4 -1.27029 12.8832 1.4 -1.29248 12.95 1.4 -1.3 15.25 1.4 -1.3 15.4125 1.39053 -1.3 15.5729 1.36226 -1.3 15.7288 1.31557 -1.3 15.8783 1.25109 -1.3 16.0193 1.16968 -1.3 16.1499 1.07246 -1.3 16.2683 0.960738 -1.3 16.373 0.836022 -1.3 16.4624 0.7 -1.3 16.5355 0.554512 -1.3 16.5912 0.401525 -1.3 16.6287 0.243107 -1.3 16.6476 0.0814028 -1.3 16.6476 -0.0814028 -1.3 16.6287 -0.243107 -1.3 16.5912 -0.401525 -1.3 16.5355 -0.554512 -1.3 16.4624 -0.7 -1.3 16.373 -0.836022 -1.3 16.2683 -0.960738 -1.3 16.1499 -1.07246 -1.3 16.0193 -1.16968 -1.3 15.8783 -1.25109 -1.3 15.7288 -1.31557 -1.3 15.5729 -1.36226 -1.3 15.4125 -1.39053 -1.3 15.25 -1.4 -1.3 12.95 -1.4 -1.3 12.8832 -1.4 -1.29248 12.8198 -1.4 -1.27029 12.763 -1.4 -1.23455 12.7155 -1.4 -1.18705 12.6797 -1.4 -1.13017 12.6575 -1.4 -1.06676 12.65 -1.4 -1 12.65 -1.4 1 12.6575 -1.4 1.06676 12.6797 -1.4 1.13017 12.7155 -1.4 1.18705 12.763 -1.4 1.23455 12.8198 -1.4 1.27029 12.8832 -1.4 1.29248 12.95 -1.4 1.3 15.25 -1.4 1.3 15.4125 -1.39053 1.3 15.5729 -1.36226 1.3 15.7288 -1.31557 1.3 15.8783 -1.25109 1.3 16.0193 -1.16968 1.3 16.1499 -1.07246 1.3 16.2683 -0.960738 1.3 16.373 -0.836022 1.3 16.4624 -0.7 1.3 16.5355 -0.554512 1.3 16.5912 -0.401525 1.3 16.6287 -0.243107 1.3 16.6476 -0.0814028 1.3 16.6476 0.0814028 1.3 16.6287 0.243107 1.3 16.5912 0.401525 1.3 16.5355 0.554512 1.3 16.4624 0.7 1.3 16.373 0.836022 1.3 16.2683 0.960738 1.3 16.1499 1.07246 1.3 16.0193 1.16968 1.3 15.8783 1.25109 1.3 15.7288 1.31557 1.3 15.5729 1.36226 1.3 15.4125 1.39053 1.3 15.25 1.4 1.3 12.95 1.4 1.3 12.8832 1.4 1.29248 12.8198 1.4 1.27029 12.763 1.4 1.23455 12.7155 1.4 1.18705 12.6797 1.4 1.13017 12.6575 1.4 1.06676 12.1469 1.4 0.955145 12.1806 1.4 0.887758 12.2089 1.4 0.817941 12.2325 1.4 0.746389 12.268 1.4 0.600019 12.2913 1.4 0.451117 12.3056 1.4 0.301126 12.3133 1.4 0.150654 12.2435 1.40884 0.00822871 12.2421 1.40873 -0.12926 12.2376 1.40837 -0.266418 12.2203 1.40737 -0.484646 12.2052 1.40672 -0.592192 12.1842 1.40601 -0.698235 12.1623 1.40543 -0.779982 12.0871 1.41923 -0.838214 12.036 1.42699 -0.898636 12.0025 1.42362 -0.965079 11.9539 1.42008 -1.03412 11.9257 1.41855 -1.06394 11.8947 1.41722 -1.08987 11.8611 1.41613 -1.11119 11.8693 1.41012 -1.12921 11.8255 1.41532 -1.12711 11.8239 1.4156 -1.12668 11.7857 1.43352 -1.09211 11.7505 1.45672 -1.05734 11.75 1.45714 -1.05676 11.796 1.4592 -1.04785 11.839 1.46507 -1.02229 11.8773 1.47399 -0.982906 11.91 1.48511 -0.932822 11.9374 1.49768 -0.874456 11.9599 1.51102 -0.809968 11.9781 1.5246 -0.740673 11.9926 1.53802 -0.667294 12.013 1.56284 -0.511127 12.025 1.58263 -0.345909 12.031 1.59553 -0.174543 12.0329 1.59997 -2.68786e-05 12.031 1.59554 0.174507 12.0249 1.5827 0.345863 12.013 1.56285 0.511091 11.9926 1.53807 0.667077 11.978 1.52465 0.740458 11.9598 1.51103 0.809896 11.9374 1.49768 0.874452 11.91 1.48512 0.932772 11.8773 1.47399 0.982931 11.839 1.46507 1.02228 11.7959 1.45922 1.04777 11.75 1.45714 1.05676 11.7505 1.45672 1.05734 11.7857 1.43351 1.09213 11.8239 1.4156 1.1267 11.8639 1.40406 1.1619 11.9043 1.4 1.19818 11.9499 1.4 1.24916 11.9863 1.4 1.30765 12.0151 1.4 1.37136 12.0346 1.4 1.43565 12.0666 1.4 1.53209 12.1146 1.4 1.62172 12.177 1.4 1.70194 12.2519 1.4 1.7707 12.337 1.4 1.82604 12.4301 1.4 1.86676 12.5286 1.4 1.89162 12.6298 1.4 1.9 15.25 1.4 1.9 15.4125 1.39053 1.9 15.5729 1.36226 1.9 15.7288 1.31557 1.9 15.8783 1.25109 1.9 16.0193 1.16968 1.9 16.1499 1.07246 1.9 16.2683 0.960738 1.9 16.373 0.836022 1.9 16.4624 0.7 1.9 16.5355 0.554512 1.9 16.5912 0.401525 1.9 16.6287 0.243107 1.9 16.6476 0.0814028 1.9 16.6476 -0.0814028 1.9 16.6287 -0.243107 1.9 16.5912 -0.401525 1.9 16.5355 -0.554512 1.9 16.4624 -0.7 1.9 16.373 -0.836022 1.9 16.2683 -0.960738 1.9 16.1499 -1.07246 1.9 16.0193 -1.16968 1.9 15.8783 -1.25109 1.9 15.7288 -1.31557 1.9 15.5729 -1.36226 1.9 15.4125 -1.39053 1.9 15.25 -1.4 1.9 12.6298 -1.4 1.9 12.5285 -1.4 1.8916 12.4298 -1.4 1.86665 12.3367 -1.4 1.82588 12.2515 -1.4 1.77034 12.1768 -1.4 1.70169 12.1144 -1.4 1.62142 12.0666 -1.4 1.53199 12.0346 -1.4 1.43565 12.0151 -1.4 1.37136 11.9863 -1.4 1.30765 11.9499 -1.4 1.24916 11.9043 -1.4 1.19818 11.8639 -1.40407 1.16188 11.8239 -1.4156 1.12668 11.7857 -1.43352 1.09211 11.7505 -1.45672 1.05734 11.75 -1.45714 1.05676 11.796 -1.4592 1.04785 11.839 -1.46507 1.02229 11.8773 -1.47399 0.982906 11.91 -1.48511 0.932822 11.9374 -1.49768 0.874456 11.9599 -1.51102 0.809968 11.9781 -1.5246 0.740673 11.9926 -1.53802 0.667294 12.013 -1.56284 0.511127 12.025 -1.58263 0.345909 12.031 -1.59553 0.174543 12.0329 -1.59997 2.68786e-05 12.031 -1.59554 -0.174507 12.0249 -1.5827 -0.345863 12.013 -1.56285 -0.511091 11.9926 -1.53807 -0.667077 11.978 -1.52465 -0.740458 11.9598 -1.51103 -0.809896 11.9374 -1.49768 -0.874452 11.91 -1.48512 -0.932772 11.8773 -1.47399 -0.982931 11.839 -1.46507 -1.02228 11.7959 -1.45922 -1.04777 11.75 -1.45714 -1.05676 11.7505 -1.45672 -1.05734 11.7857 -1.43351 -1.09213 11.8239 -1.4156 -1.1267 11.8639 -1.40406 -1.1619 11.9043 -1.4 -1.19818 11.9499 -1.4 -1.24916 11.9863 -1.4 -1.30765 12.0151 -1.4 -1.37136 12.0346 -1.4 -1.43565 12.0666 -1.4 -1.53209 12.1146 -1.4 -1.62172 12.177 -1.4 -1.70194 12.2519 -1.4 -1.7707 12.337 -1.4 -1.82604 12.4301 -1.4 -1.86676 12.5286 -1.4 -1.89162 12.6298 -1.4 -1.9 15.25 -1.4 -1.9 15.4125 -1.39053 -1.9 15.5729 -1.36226 -1.9 15.7288 -1.31557 -1.9 15.8783 -1.25109 -1.9 16.0193 -1.16968 -1.9 16.1499 -1.07246 -1.9 16.2683 -0.960738 -1.9 16.373 -0.836022 -1.9 16.4624 -0.7 -1.9 16.5355 -0.554512 -1.9 16.5912 -0.401525 -1.9 16.6287 -0.243107 -1.9 16.6476 -0.0814028 -1.9 16.6476 0.0814028 -1.9 16.6287 0.243107 -1.9 16.5912 0.401525 -1.9 16.5355 0.554512 -1.9 16.4624 0.7 -1.9 16.373 0.836022 -1.9 16.2683 0.960738 -1.9 16.1499 1.07246 -1.9 16.0193 1.16968 -1.9 15.8783 1.25109 -1.9 15.7288 1.31557 -1.9 15.5729 1.36226 -1.9 15.4125 1.39053 -1.9 15.25 1.4 -1.9 12.6298 1.4 -1.9 12.5285 1.4 -1.8916 12.4298 1.4 -1.86665 12.3367 1.4 -1.82588 12.2515 1.4 -1.77034 12.1768 1.4 -1.70169 12.1072 -1.4 -1.01914 12.1469 -1.4 -0.955145 12.1806 -1.4 -0.887758 12.2089 -1.4 -0.817941 12.2325 -1.4 -0.746389 12.268 -1.4 -0.600019 12.2913 -1.4 -0.451117 12.3056 -1.4 -0.301126 12.3133 -1.4 -0.150654 12.3158 -1.4 2.2636e-05 12.3133 -1.4 0.150697 12.3058 -1.4 0.301258 12.2914 -1.4 0.451237 12.268 -1.4 0.600047 12.2326 -1.4 0.746787 12.209 -1.4 0.818334 12.1806 -1.4 0.887963 12.1469 -1.4 0.955146 12.1072 -1.4 1.01919 12.1072 1.4 1.01914 12.099 1.40426 0.937683 12.1372 1.4049 0.85226 12.1795 1.40588 0.717244 12.2077 1.40682 0.577087 12.2235 1.40754 0.455135 12.2337 1.40813 0.33187 12.2411 1.40865 0.170405 12.1754 1.43484 0.00810864 12.1744 1.43442 -0.127366 12.1712 1.43302 -0.262255 12.1581 1.42912 -0.475877 12.146 1.42659 -0.580527 12.1288 1.42381 -0.683233 12.1105 1.42153 -0.762097 12.0631 1.43054 -0.827661 12.0013 1.44896 -0.879051 11.9719 1.44291 -0.942616 11.9293 1.43655 -1.00841 11.9045 1.43379 -1.03676 11.8773 1.43139 -1.06136 11.8478 1.42941 -1.08158 11.8164 1.42794 -1.09665 11.8078 1.44409 -1.06776 11.7792 1.44267 -1.07648 11.8351 1.44639 -1.05357 11.8609 1.44948 -1.03453 11.8847 1.45322 -1.01131 11.9064 1.45751 -0.984482 11.9438 1.46737 -0.921994 11.9698 1.47671 -0.861324 11.9909 1.48645 -0.795906 12.0078 1.4963 -0.726587 12.021 1.506 -0.654001 12.0334 1.51768 -0.558333 12.0422 1.52818 -0.459555 12.0519 1.54412 -0.254775 12.0543 1.54975 -0.124002 12.0551 1.55147 0.00789732 12.0538 1.54845 0.16336 12.0498 1.54022 0.316756 12.044 1.5308 0.432207 12.0349 1.51925 0.544555 12.0181 1.50379 0.671036 11.9925 1.48731 0.789959 11.969 1.47635 0.863688 11.9468 1.46833 0.915866 11.9206 1.46086 0.963441 11.8853 1.45334 1.01056 11.8444 1.4474 1.04739 11.7986 1.44355 1.07113 11.7745 1.44253 1.07736 11.8058 1.42759 1.10023 11.8584 1.43005 1.07501 11.8732 1.41649 1.10426 11.8822 1.41035 1.12207 11.8997 1.4026 1.1566 11.9581 1.4 1.16833 12.0072 1.4 1.13137 12.0608 1.4 1.07848 12.0633 1.40379 0.99897 12.0565 1.4169 0.913487 12.0893 1.41943 0.831615 12.1249 1.42329 0.701611 12.148 1.42697 0.565856 12.1605 1.42976 0.447094 12.1684 1.43206 0.326499 12.1737 1.43409 0.167871 12.1425 1.45504 0.00805071 12.1417 1.45437 -0.126449 12.139 1.45219 -0.260234 12.1275 1.44609 -0.471572 12.1167 1.44212 -0.57476 12.1012 1.43776 -0.675759 12.0846 1.43416 -0.753131 12.0249 1.4553 -0.810873 12.0436 1.46175 -0.738991 12.0581 1.46813 -0.664076 12.0715 1.47584 -0.565848 12.0808 1.48282 -0.46499 12.0906 1.4935 -0.257196 12.0928 1.4973 -0.12508 12.0935 1.49845 0.00796451 12.0923 1.49642 0.164809 12.0885 1.49088 0.319934 12.0826 1.48458 0.437143 12.0731 1.47688 0.55175 12.055 1.46666 0.681602 12.0267 1.45586 0.804676 12.0003 1.44873 0.881522 11.9753 1.44353 0.936178 11.9455 1.4387 0.98622 11.9053 1.43386 1.03598 11.9265 1.41859 1.06312 11.9395 1.41168 1.07972 11.9649 1.40293 1.11201 12.0212 1.40336 1.05547 12.0256 1.41507 0.972054 12.0349 1.42686 0.901214 12.0651 1.43086 0.821212 12.0976 1.43693 0.693813 12.1185 1.44271 0.560309 12.1297 1.44709 0.443153 12.1365 1.45069 0.323883 12.1411 1.45386 0.166644 12.0063 1.42396 0.958336 11.9724 1.42128 1.0108 11.9889 1.41337 1.02592 12.0607 -1.4 1.07854 12.0072 -1.4 1.13137 11.958 -1.4 1.16833 11.9259 -1.40272 1.14099 11.885 -1.40254 1.16413 11.9053 -1.41081 1.10725 11.8693 -1.41012 1.12921 11.8255 -1.41532 1.12711 11.8611 -1.41613 1.11119 11.8164 -1.42794 1.09665 11.8078 -1.44409 1.06776 11.7792 -1.44267 1.07648 11.8351 -1.44639 1.05357 11.8609 -1.44948 1.03453 11.8847 -1.45322 1.01131 11.9064 -1.45751 0.984482 11.9438 -1.46737 0.921994 11.9698 -1.47671 0.861324 11.9909 -1.48645 0.795906 12.0078 -1.4963 0.726587 12.021 -1.506 0.654001 12.0334 -1.51768 0.558333 12.0422 -1.52818 0.459555 12.0519 -1.54412 0.254775 12.0543 -1.54975 0.124002 12.0551 -1.55147 -0.00789732 12.0538 -1.54845 -0.16336 12.0498 -1.54022 -0.316756 12.044 -1.5308 -0.432207 12.0349 -1.51925 -0.544555 12.0181 -1.50379 -0.671036 11.9925 -1.48731 -0.789959 11.969 -1.47635 -0.863688 11.9468 -1.46833 -0.915866 11.9206 -1.46086 -0.963441 11.8853 -1.45334 -1.01056 11.8444 -1.4474 -1.04739 11.7986 -1.44355 -1.07113 11.7745 -1.44253 -1.07736 11.8058 -1.42759 -1.10023 11.8584 -1.43005 -1.07501 11.8732 -1.41649 -1.10426 11.8822 -1.41035 -1.12207 11.8997 -1.4026 -1.1566 11.9581 -1.4 -1.16833 12.0072 -1.4 -1.13137 12.0608 -1.4 -1.07848 12.0633 -1.40379 -0.99897 12.099 -1.40426 -0.937683 12.1806 -1.4 -0.887758 12.1372 -1.4049 -0.85226 12.1795 -1.40588 -0.717244 12.2077 -1.40682 -0.577087 12.2235 -1.40754 -0.455135 12.2337 -1.40813 -0.33187 12.2411 -1.40865 -0.170405 12.2435 -1.40884 -0.00822871 12.2421 -1.40873 0.12926 12.2376 -1.40837 0.266418 12.2203 -1.40737 0.484646 12.2052 -1.40672 0.592192 12.1842 -1.40601 0.698235 12.1623 -1.40543 0.779982 12.1347 -1.40485 0.859143 12.1004 -1.40428 0.934923 12.1072 -1.4 1.01919 12.0072 -1.4 1.13137 11.9638 -1.40293 1.1129 11.9386 -1.41165 1.08057 11.8947 -1.41722 1.08987 11.8478 -1.42941 1.08158 11.8773 -1.43139 1.06136 11.9045 -1.43379 1.03676 11.9293 -1.43655 1.00841 11.9719 -1.44291 0.942616 12.0013 -1.44896 0.879051 12.0249 -1.4553 0.810873 12.0436 -1.46175 0.738991 12.0581 -1.46813 0.664076 12.0715 -1.47584 0.565848 12.0808 -1.48282 0.46499 12.0906 -1.4935 0.257196 12.0928 -1.4973 0.12508 12.0935 -1.49845 -0.00796451 12.0923 -1.49642 -0.164809 12.0885 -1.49088 -0.319934 12.0826 -1.48458 -0.437143 12.0731 -1.47688 -0.55175 12.055 -1.46666 -0.681602 12.0267 -1.45586 -0.804676 12.0003 -1.44873 -0.881522 11.9753 -1.44353 -0.936178 11.9455 -1.4387 -0.98622 11.9053 -1.43386 -1.03598 11.9265 -1.41859 -1.06312 11.9395 -1.41168 -1.07972 11.9649 -1.40293 -1.11201 12.0212 -1.40336 -1.05547 12.0256 -1.41507 -0.972054 12.0565 -1.4169 -0.913487 12.0893 -1.41943 -0.831615 12.1249 -1.42329 -0.701611 12.148 -1.42697 -0.565856 12.1605 -1.42976 -0.447094 12.1684 -1.43206 -0.326499 12.1737 -1.43409 -0.167871 12.1754 -1.43484 -0.00810864 12.1744 -1.43442 0.127366 12.1712 -1.43302 0.262255 12.1581 -1.42912 0.475877 12.146 -1.42659 0.580527 12.1288 -1.42381 0.683233 12.1105 -1.42153 0.762097 12.0871 -1.41923 0.838214 12.0577 -1.41698 0.910846 12.0214 -1.41485 0.978974 12.0585 -1.40374 1.00622 12.0607 -1.4 1.07854 11.9985 -1.40317 1.08064 11.969 -1.41262 1.04989 11.9257 -1.41855 1.06394 11.9539 -1.42008 1.03412 12.0025 -1.42362 0.965079 12.036 -1.42699 0.898636 12.0631 -1.43054 0.827661 12.0846 -1.43416 0.753131 12.1012 -1.43776 0.675759 12.1167 -1.44212 0.57476 12.1275 -1.44609 0.471572 12.139 -1.45219 0.260234 12.1417 -1.45437 0.126449 12.1425 -1.45504 -0.00805071 12.1411 -1.45386 -0.166644 12.1365 -1.45069 -0.323883 12.1297 -1.44709 -0.443153 12.1185 -1.44271 -0.560309 12.0976 -1.43693 -0.693813 12.0651 -1.43086 -0.821212 12.0349 -1.42686 -0.901214 12.0063 -1.42396 -0.958336 11.9724 -1.42128 -1.0108 11.9889 -1.41337 -1.02592 12.95 -1.4 1.3 12.8832 -1.4 1.29248 12.8198 -1.4 1.27029 12.763 -1.4 1.23455 12.7155 -1.4 1.18705 12.6797 -1.4 1.13017 12.6575 -1.4 1.06676 12.65 -1.4 1 12.65 -1.4 -1 12.6575 -1.4 -1.06676 12.6797 -1.4 -1.13017 12.7155 -1.4 -1.18705 12.763 -1.4 -1.23455 12.8198 -1.4 -1.27029 12.8832 -1.4 -1.29248 12.95 -1.4 -1.3 15.25 -1.4 -1.3 15.4125 -1.39053 -1.3 15.5729 -1.36226 -1.3 15.7288 -1.31557 -1.3 15.8783 -1.25109 -1.3 16.0193 -1.16968 -1.3 16.1499 -1.07246 -1.3 16.2683 -0.960738 -1.3 16.373 -0.836022 -1.3 16.4624 -0.7 -1.3 16.5355 -0.554512 -1.3 16.5912 -0.401525 -1.3 16.6287 -0.243107 -1.3 16.6476 -0.0814028 -1.3 16.6476 0.0814028 -1.3 16.6287 0.243107 -1.3 16.5912 0.401525 -1.3 16.5355 0.554512 -1.3 16.4624 0.7 -1.3 16.373 0.836022 -1.3 16.2683 0.960738 -1.3 16.1499 1.07246 -1.3 16.0193 1.16968 -1.3 15.8783 1.25109 -1.3 15.7288 1.31557 -1.3 15.5729 1.36226 -1.3 15.4125 1.39053 -1.3 15.25 1.4 -1.3 12.95 1.4 -1.3 12.8832 1.4 -1.29248 12.8198 1.4 -1.27029 12.763 1.4 -1.23455 12.7155 1.4 -1.18705 12.6797 1.4 -1.13017 12.6575 1.4 -1.06676 12.65 1.4 -1 12.65 1.4 1 12.6575 1.4 1.06676 12.6797 1.4 1.13017 12.7155 1.4 1.18705 12.763 1.4 1.23455 12.8198 1.4 1.27029 12.8832 1.4 1.29248 12.95 1.4 1.3 15.25 1.4 1.3 15.4125 1.39053 1.3 15.5729 1.36226 1.3 15.7288 1.31557 1.3 15.8783 1.25109 1.3 16.0193 1.16968 1.3 16.1499 1.07246 1.3 16.2683 0.960738 1.3 16.373 0.836022 1.3 16.4624 0.7 1.3 16.5355 0.554512 1.3 16.5912 0.401525 1.3 16.6287 0.243107 1.3 16.6476 0.0814028 1.3 16.6476 -0.0814028 1.3 16.6287 -0.243107 1.3 16.5912 -0.401525 1.3 16.5355 -0.554512 1.3 16.4624 -0.7 1.3 16.373 -0.836022 1.3 16.2683 -0.960738 1.3 16.1499 -1.07246 1.3 16.0193 -1.16968 1.3 15.8783 -1.25109 1.3 15.7288 -1.31557 1.3 15.5729 -1.36226 1.3 15.4125 -1.39053 1.3 15.25 -1.4 1.3 14.4 0 -1.3 14.4095 -0.126686 -1.3 14.4378 -0.250542 -1.3 14.4842 -0.368801 -1.3 14.5477 -0.478822 -1.3 14.6269 -0.578147 -1.3 14.72 -0.664557 -1.3 14.825 -0.736122 -1.3 14.9395 -0.791243 -1.3 15.0609 -0.828689 -1.3 15.1865 -0.847623 -1.3 15.3135 -0.847623 -1.3 15.4391 -0.828689 -1.3 15.5605 -0.791243 -1.3 15.675 -0.736122 -1.3 15.78 -0.664557 -1.3 15.8731 -0.578147 -1.3 15.9523 -0.478822 -1.3 16.0158 -0.368801 -1.3 16.0622 -0.250542 -1.3 16.0905 -0.126686 -1.3 16.1 0 -1.3 16.0905 0.126686 -1.3 16.0622 0.250542 -1.3 16.0158 0.368801 -1.3 15.9523 0.478822 -1.3 15.8731 0.578147 -1.3 15.78 0.664557 -1.3 15.675 0.736122 -1.3 15.5605 0.791243 -1.3 15.4391 0.828689 -1.3 15.3135 0.847623 -1.3 15.1865 0.847623 -1.3 15.0609 0.828689 -1.3 14.9395 0.791243 -1.3 14.825 0.736122 -1.3 14.72 0.664557 -1.3 14.6269 0.578147 -1.3 14.5477 0.478822 -1.3 14.4842 0.368801 -1.3 14.4378 0.250542 -1.3 14.4095 0.126686 -1.3 14.4307 0.117801 -1.30251 14.4223 0 -1.30251 14.4307 -0.117801 -1.30251 14.4558 -0.233204 -1.30251 14.4971 -0.343859 -1.30251 14.5537 -0.447514 -1.30251 14.6244 -0.54206 -1.30251 14.7079 -0.62557 -1.30251 14.8025 -0.696346 -1.30251 14.9061 -0.752946 -1.30251 15.0168 -0.794218 -1.30251 15.1322 -0.819323 -1.30251 15.25 -0.827748 -1.30251 15.3678 -0.819323 -1.30251 15.4832 -0.794218 -1.30251 15.5939 -0.752946 -1.30251 15.6975 -0.696346 -1.30251 15.7921 -0.62557 -1.30251 15.8756 -0.54206 -1.30251 15.9463 -0.447514 -1.30251 16.0029 -0.343859 -1.30251 16.0442 -0.233204 -1.30251 16.0693 -0.117801 -1.30251 16.0777 0 -1.30251 16.0693 0.117801 -1.30251 16.0442 0.233204 -1.30251 16.0029 0.343859 -1.30251 15.9463 0.447514 -1.30251 15.8756 0.54206 -1.30251 15.7921 0.62557 -1.30251 15.6975 0.696346 -1.30251 15.5939 0.752946 -1.30251 15.4832 0.794218 -1.30251 15.3678 0.819323 -1.30251 15.25 0.827748 -1.30251 15.1322 0.819323 -1.30251 15.0168 0.794218 -1.30251 14.9061 0.752946 -1.30251 14.8025 0.696346 -1.30251 14.7079 0.62557 -1.30251 14.6244 0.54206 -1.30251 14.5537 0.447514 -1.30251 14.4971 0.343859 -1.30251 14.4558 0.233204 -1.30251 14.4704 0.112094 -1.32182 14.4623 0 -1.32182 14.4704 -0.112094 -1.32182 14.4943 -0.221907 -1.32182 14.5335 -0.327202 -1.32182 14.5874 -0.425836 -1.32182 14.6547 -0.515802 -1.32182 14.7342 -0.595267 -1.32182 14.8242 -0.662614 -1.32182 14.9228 -0.716473 -1.32182 15.0281 -0.755746 -1.32182 15.1379 -0.779634 -1.32182 15.25 -0.787651 -1.32182 15.3621 -0.779634 -1.32182 15.4719 -0.755746 -1.32182 15.5772 -0.716473 -1.32182 15.6758 -0.662614 -1.32182 15.7658 -0.595267 -1.32182 15.8453 -0.515802 -1.32182 15.9126 -0.425836 -1.32182 15.9665 -0.327202 -1.32182 16.0057 -0.221907 -1.32182 16.0296 -0.112094 -1.32182 16.0377 0 -1.32182 16.0296 0.112094 -1.32182 16.0057 0.221907 -1.32182 15.9665 0.327202 -1.32182 15.9126 0.425836 -1.32182 15.8453 0.515802 -1.32182 15.7658 0.595267 -1.32182 15.6758 0.662614 -1.32182 15.5772 0.716473 -1.32182 15.4719 0.755746 -1.32182 15.3621 0.779634 -1.32182 15.25 0.787651 -1.32182 15.1379 0.779634 -1.32182 15.0281 0.755746 -1.32182 14.9228 0.716473 -1.32182 14.8242 0.662614 -1.32182 14.7342 0.595267 -1.32182 14.6547 0.515802 -1.32182 14.5874 0.425836 -1.32182 14.5335 0.327202 -1.32182 14.4943 0.221907 -1.32182 14.4978 0.108145 -1.35661 14.4901 0 -1.35661 14.4978 -0.108145 -1.35661 14.5209 -0.214089 -1.35661 14.5588 -0.315675 -1.35661 14.6107 -0.410835 -1.35661 14.6757 -0.497631 -1.35661 14.7524 -0.574296 -1.35661 14.8392 -0.639271 -1.35661 14.9343 -0.691232 -1.35661 15.0359 -0.729122 -1.35661 15.1419 -0.752168 -1.35661 15.25 -0.759903 -1.35661 15.3581 -0.752168 -1.35661 15.4641 -0.729122 -1.35661 15.5657 -0.691232 -1.35661 15.6608 -0.639271 -1.35661 15.7476 -0.574296 -1.35661 15.8243 -0.497631 -1.35661 15.8893 -0.410835 -1.35661 15.9412 -0.315675 -1.35661 15.9791 -0.214089 -1.35661 16.0022 -0.108145 -1.35661 16.0099 0 -1.35661 16.0022 0.108145 -1.35661 15.9791 0.214089 -1.35661 15.9412 0.315675 -1.35661 15.8893 0.410835 -1.35661 15.8243 0.497631 -1.35661 15.7476 0.574296 -1.35661 15.6608 0.639271 -1.35661 15.5657 0.691232 -1.35661 15.4641 0.729122 -1.35661 15.3581 0.752168 -1.35661 15.25 0.759903 -1.35661 15.1419 0.752168 -1.35661 15.0359 0.729122 -1.35661 14.9343 0.691232 -1.35661 14.8392 0.639271 -1.35661 14.7524 0.574296 -1.35661 14.6757 0.497631 -1.35661 14.6107 0.410835 -1.35661 14.5588 0.315675 -1.35661 14.5209 0.214089 -1.35661 14.5097 0.120308 -1.4 14.5 0 -1.4 14.5097 -0.120308 -1.4 14.5386 -0.237501 -1.4 14.5859 -0.348542 -1.4 14.6504 -0.450557 -1.4 14.7305 -0.540902 -1.4 14.824 -0.617238 -1.4 14.9285 -0.677588 -1.4 15.0413 -0.720389 -1.4 15.1596 -0.744532 -1.4 15.2802 -0.749392 -1.4 15.4 -0.734843 -1.4 15.516 -0.701262 -1.4 15.625 -0.649519 -1.4 15.7243 -0.580954 -1.4 15.8114 -0.497342 -1.4 15.8839 -0.400849 -1.4 15.94 -0.293975 -1.4 15.9782 -0.179487 -1.4 15.9976 -0.0603499 -1.4 15.9976 0.0603499 -1.4 15.9782 0.179487 -1.4 15.94 0.293975 -1.4 15.8839 0.400849 -1.4 15.8114 0.497342 -1.4 15.7243 0.580954 -1.4 15.625 0.649519 -1.4 15.516 0.701262 -1.4 15.4 0.734843 -1.4 15.2802 0.749392 -1.4 15.1596 0.744532 -1.4 15.0413 0.720389 -1.4 14.9285 0.677588 -1.4 14.824 0.617238 -1.4 14.7305 0.540902 -1.4 14.6504 0.450557 -1.4 14.5859 0.348542 -1.4 14.5386 0.237501 -1.4 14.5097 0.120308 -1.8 14.5 0 -1.8 14.5097 -0.120308 -1.8 14.5386 -0.237501 -1.8 14.5859 -0.348542 -1.8 14.6504 -0.450557 -1.8 14.7305 -0.540902 -1.8 14.824 -0.617238 -1.8 14.9285 -0.677588 -1.8 15.0413 -0.720389 -1.8 15.1596 -0.744532 -1.8 15.2802 -0.749392 -1.8 15.4 -0.734843 -1.8 15.516 -0.701262 -1.8 15.625 -0.649519 -1.8 15.7243 -0.580954 -1.8 15.8114 -0.497342 -1.8 15.8839 -0.400849 -1.8 15.94 -0.293975 -1.8 15.9782 -0.179487 -1.8 15.9976 -0.0603499 -1.8 15.9976 0.0603499 -1.8 15.9782 0.179487 -1.8 15.94 0.293975 -1.8 15.8839 0.400849 -1.8 15.8114 0.497342 -1.8 15.7243 0.580954 -1.8 15.625 0.649519 -1.8 15.516 0.701262 -1.8 15.4 0.734843 -1.8 15.2802 0.749392 -1.8 15.1596 0.744532 -1.8 15.0413 0.720389 -1.8 14.9285 0.677588 -1.8 14.824 0.617238 -1.8 14.7305 0.540902 -1.8 14.6504 0.450557 -1.8 14.5859 0.348542 -1.8 14.5386 0.237501 -1.8 14.5209 0.214089 -1.84339 14.4978 0.108145 -1.84339 14.4901 0 -1.84339 14.4978 -0.108145 -1.84339 14.5209 -0.214089 -1.84339 14.5588 -0.315675 -1.84339 14.6107 -0.410835 -1.84339 14.6757 -0.497631 -1.84339 14.7524 -0.574296 -1.84339 14.8392 -0.639271 -1.84339 14.9343 -0.691232 -1.84339 15.0359 -0.729122 -1.84339 15.1419 -0.752168 -1.84339 15.25 -0.759903 -1.84339 15.3581 -0.752168 -1.84339 15.4641 -0.729122 -1.84339 15.5657 -0.691232 -1.84339 15.6608 -0.639271 -1.84339 15.7476 -0.574296 -1.84339 15.8243 -0.497631 -1.84339 15.8893 -0.410835 -1.84339 15.9412 -0.315675 -1.84339 15.9791 -0.214089 -1.84339 16.0022 -0.108145 -1.84339 16.0099 0 -1.84339 16.0022 0.108145 -1.84339 15.9791 0.214089 -1.84339 15.9412 0.315675 -1.84339 15.8893 0.410835 -1.84339 15.8243 0.497631 -1.84339 15.7476 0.574296 -1.84339 15.6608 0.639271 -1.84339 15.5657 0.691232 -1.84339 15.4641 0.729122 -1.84339 15.3581 0.752168 -1.84339 15.25 0.759903 -1.84339 15.1419 0.752168 -1.84339 15.0359 0.729122 -1.84339 14.9343 0.691232 -1.84339 14.8392 0.639271 -1.84339 14.7524 0.574296 -1.84339 14.6757 0.497631 -1.84339 14.6107 0.410835 -1.84339 14.5588 0.315675 -1.84339 14.4943 0.221907 -1.87818 14.4704 0.112094 -1.87818 14.4623 0 -1.87818 14.4704 -0.112094 -1.87818 14.4943 -0.221907 -1.87818 14.5335 -0.327202 -1.87818 14.5874 -0.425836 -1.87818 14.6547 -0.515802 -1.87818 14.7342 -0.595267 -1.87818 14.8242 -0.662614 -1.87818 14.9228 -0.716473 -1.87818 15.0281 -0.755746 -1.87818 15.1379 -0.779634 -1.87818 15.25 -0.787651 -1.87818 15.3621 -0.779634 -1.87818 15.4719 -0.755746 -1.87818 15.5772 -0.716473 -1.87818 15.6758 -0.662614 -1.87818 15.7658 -0.595267 -1.87818 15.8453 -0.515802 -1.87818 15.9126 -0.425836 -1.87818 15.9665 -0.327202 -1.87818 16.0057 -0.221907 -1.87818 16.0296 -0.112094 -1.87818 16.0377 0 -1.87818 16.0296 0.112094 -1.87818 16.0057 0.221907 -1.87818 15.9665 0.327202 -1.87818 15.9126 0.425836 -1.87818 15.8453 0.515802 -1.87818 15.7658 0.595267 -1.87818 15.6758 0.662614 -1.87818 15.5772 0.716473 -1.87818 15.4719 0.755746 -1.87818 15.3621 0.779634 -1.87818 15.25 0.787651 -1.87818 15.1379 0.779634 -1.87818 15.0281 0.755746 -1.87818 14.9228 0.716473 -1.87818 14.8242 0.662614 -1.87818 14.7342 0.595267 -1.87818 14.6547 0.515802 -1.87818 14.5874 0.425836 -1.87818 14.5335 0.327202 -1.87818 14.4558 0.233204 -1.89749 14.4307 0.117801 -1.89749 14.4223 0 -1.89749 14.4307 -0.117801 -1.89749 14.4558 -0.233204 -1.89749 14.4971 -0.343859 -1.89749 14.5537 -0.447514 -1.89749 14.6244 -0.54206 -1.89749 14.7079 -0.62557 -1.89749 14.8025 -0.696346 -1.89749 14.9061 -0.752946 -1.89749 15.0168 -0.794218 -1.89749 15.1322 -0.819323 -1.89749 15.25 -0.827748 -1.89749 15.3678 -0.819323 -1.89749 15.4832 -0.794218 -1.89749 15.5939 -0.752946 -1.89749 15.6975 -0.696346 -1.89749 15.7921 -0.62557 -1.89749 15.8756 -0.54206 -1.89749 15.9463 -0.447514 -1.89749 16.0029 -0.343859 -1.89749 16.0442 -0.233204 -1.89749 16.0693 -0.117801 -1.89749 16.0777 0 -1.89749 16.0693 0.117801 -1.89749 16.0442 0.233204 -1.89749 16.0029 0.343859 -1.89749 15.9463 0.447514 -1.89749 15.8756 0.54206 -1.89749 15.7921 0.62557 -1.89749 15.6975 0.696346 -1.89749 15.5939 0.752946 -1.89749 15.4832 0.794218 -1.89749 15.3678 0.819323 -1.89749 15.25 0.827748 -1.89749 15.1322 0.819323 -1.89749 15.0168 0.794218 -1.89749 14.9061 0.752946 -1.89749 14.8025 0.696346 -1.89749 14.7079 0.62557 -1.89749 14.6244 0.54206 -1.89749 14.5537 0.447514 -1.89749 14.4971 0.343859 -1.89749 14.4378 0.250542 -1.9 14.4095 0.126686 -1.9 14.4 0 -1.9 14.4095 -0.126686 -1.9 14.4378 -0.250542 -1.9 14.4842 -0.368801 -1.9 14.5477 -0.478822 -1.9 14.6269 -0.578147 -1.9 14.72 -0.664557 -1.9 14.825 -0.736122 -1.9 14.9395 -0.791243 -1.9 15.0609 -0.828689 -1.9 15.1865 -0.847623 -1.9 15.3135 -0.847623 -1.9 15.4391 -0.828689 -1.9 15.5605 -0.791243 -1.9 15.675 -0.736122 -1.9 15.78 -0.664557 -1.9 15.8731 -0.578147 -1.9 15.9523 -0.478822 -1.9 16.0158 -0.368801 -1.9 16.0622 -0.250542 -1.9 16.0905 -0.126686 -1.9 16.1 0 -1.9 16.0905 0.126686 -1.9 16.0622 0.250542 -1.9 16.0158 0.368801 -1.9 15.9523 0.478822 -1.9 15.8731 0.578147 -1.9 15.78 0.664557 -1.9 15.675 0.736122 -1.9 15.5605 0.791243 -1.9 15.4391 0.828689 -1.9 15.3135 0.847623 -1.9 15.1865 0.847623 -1.9 15.0609 0.828689 -1.9 14.9395 0.791243 -1.9 14.825 0.736122 -1.9 14.72 0.664557 -1.9 14.6269 0.578147 -1.9 14.5477 0.478822 -1.9 14.4842 0.368801 -1.9 12.3697 0.636265 -1.9 12.2989 0.483127 -1.9 12.2332 0.327851 -1.9 12.205 0.248359 -1.9 12.1825 0.16712 -1.9 12.1677 0.0840735 -1.9 12.1623 -6.63422e-06 -1.9 12.1676 -0.084121 -1.9 12.1824 -0.16713 -1.9 12.2049 -0.248312 -1.9 12.2328 -0.327765 -1.9 12.299 -0.483084 -1.9 12.3696 -0.636292 -1.9 12.4391 -0.789914 -1.9 12.5034 -0.945763 -1.9 12.5592 -1.10504 -1.9 12.6039 -1.26772 -1.9 12.6298 -1.4 -1.9 15.25 -1.4 -1.9 15.4125 -1.39053 -1.9 15.5729 -1.36226 -1.9 15.7288 -1.31557 -1.9 15.8783 -1.25109 -1.9 16.0193 -1.16968 -1.9 16.1499 -1.07246 -1.9 16.2683 -0.960738 -1.9 16.373 -0.836022 -1.9 16.4624 -0.7 -1.9 16.5355 -0.554512 -1.9 16.5912 -0.401525 -1.9 16.6287 -0.243107 -1.9 16.6476 -0.0814028 -1.9 16.6476 0.0814028 -1.9 16.6287 0.243107 -1.9 16.5912 0.401525 -1.9 16.5355 0.554512 -1.9 16.4624 0.7 -1.9 16.373 0.836022 -1.9 16.2683 0.960738 -1.9 16.1499 1.07246 -1.9 16.0193 1.16968 -1.9 15.8783 1.25109 -1.9 15.7288 1.31557 -1.9 15.5729 1.36226 -1.9 15.4125 1.39053 -1.9 15.25 1.4 -1.9 12.6298 1.4 -1.9 12.6039 1.26772 -1.9 12.5592 1.10499 -1.9 12.5034 0.945787 -1.9 12.4392 0.789929 -1.9 12.3737 0.782814 -1.89727 12.3066 0.616936 -1.89799 12.2643 0.513355 -1.89838 12.2277 0.419793 -1.89868 12.1938 0.324478 -1.89894 12.1649 0.226718 -1.89914 12.1441 0.12605 -1.89927 12.1367 0.0624619 -1.89932 12.1341 -0.00158628 -1.89934 12.1368 -0.0656554 -1.89932 12.1445 -0.129201 -1.89927 12.1597 -0.205707 -1.89917 12.1797 -0.280489 -1.89904 12.2297 -0.425766 -1.89867 12.2662 -0.517827 -1.89836 12.3033 -0.608834 -1.89802 12.3402 -0.699291 -1.89765 12.3762 -0.789515 -1.89724 12.4222 -0.912302 -1.89665 12.4634 -1.03593 -1.89603 12.4986 -1.16045 -1.89538 12.5063 -1.29041 -1.89157 12.5647 -1.37061 -1.89704 12.5286 -1.4 -1.89162 12.5285 1.4 -1.8916 12.5063 1.29041 -1.89157 12.487 1.11654 -1.89561 12.435 0.948952 -1.89647 12.322 0.805755 -1.88913 12.2624 0.637457 -1.89198 12.2244 0.531502 -1.89353 12.1913 0.435305 -1.89474 12.1605 0.336899 -1.89576 12.1341 0.235631 -1.89656 12.1151 0.131091 -1.8971 12.1083 0.064974 -1.89729 12.106 -0.00165037 -1.89735 12.1085 -0.0682965 -1.89728 12.1155 -0.134367 -1.89709 12.1294 -0.213829 -1.8967 12.1476 -0.291366 -1.89616 12.1931 -0.441454 -1.89467 12.2261 -0.536088 -1.89347 12.2595 -0.629192 -1.89211 12.2924 -0.72124 -1.89062 12.3242 -0.812516 -1.88901 12.3642 -0.935801 -1.88668 12.3994 -1.05877 -1.8842 12.4285 -1.18137 -1.88162 12.4114 -1.31245 -1.86651 12.4352 -1.39404 -1.86881 12.5069 -1.38107 -1.88824 12.4301 -1.4 -1.86676 12.337 -1.4 -1.82604 12.2519 -1.4 -1.7707 12.177 -1.4 -1.70194 12.1146 -1.4 -1.62172 12.0666 -1.4 -1.53209 12.0346 -1.4 -1.43565 12.0197 -1.27504 -1.50008 12.0011 -1.13886 -1.56545 11.9797 -0.990273 -1.62982 11.9565 -0.827532 -1.69084 11.933 -0.648669 -1.74567 11.9216 -0.552445 -1.76977 11.9109 -0.451398 -1.79092 11.9016 -0.345375 -1.8085 11.8941 -0.234226 -1.8219 11.8892 -0.118438 -1.8304 11.8874 -1.21035e-05 -1.83333 11.8892 0.118354 -1.83037 11.8942 0.234209 -1.8219 11.9017 0.345487 -1.80847 11.9111 0.451622 -1.79083 11.9217 0.552621 -1.76969 11.933 0.648719 -1.74567 11.9566 0.827524 -1.69082 11.9797 0.990301 -1.62979 12.0011 1.13889 -1.56543 12.0197 1.27502 -1.50007 12.0346 1.4 -1.43565 12.0666 1.4 -1.53199 12.1144 1.4 -1.62142 12.1768 1.4 -1.70169 12.2515 1.4 -1.77034 12.3367 1.4 -1.82588 12.4298 1.4 -1.86665 12.4114 1.31245 -1.86651 12.4191 1.13828 -1.88254 12.3753 0.972381 -1.88595 12.2712 0.828278 -1.87565 12.2188 0.657701 -1.88201 12.185 0.549452 -1.88548 12.1553 0.45068 -1.88819 12.1274 0.349232 -1.89048 12.1035 0.244493 -1.89228 12.0863 0.136108 -1.89348 12.0801 0.0674748 -1.8939 12.0779 -0.0017142 -1.89404 12.0802 -0.0709255 -1.89389 12.0866 -0.139508 -1.89346 12.0992 -0.221907 -1.89258 12.1158 -0.302172 -1.89137 12.1569 -0.457002 -1.88804 12.1865 -0.55415 -1.88534 12.2162 -0.64928 -1.8823 12.2453 -0.742843 -1.87897 12.2731 -0.835092 -1.87538 12.3076 -0.958774 -1.87017 12.3371 -1.08099 -1.86465 12.3607 -1.20164 -1.85892 12.3219 -1.33324 -1.82553 12.2404 -1.35219 -1.76978 12.1691 -1.36877 -1.70083 12.11 -1.3825 -1.62061 12.0647 -1.39301 -1.53138 12.0417 -1.29689 -1.53722 12.0301 -1.1906 -1.58322 12.0157 -1.07719 -1.62885 11.9991 -0.956229 -1.67327 11.9858 -0.861928 -1.70457 11.9719 -0.762787 -1.73416 11.9577 -0.658475 -1.76158 11.9435 -0.548501 -1.78628 11.924 -0.367252 -1.81725 11.9161 -0.27099 -1.82872 11.9101 -0.170933 -1.83699 11.907 -0.0870427 -1.84105 11.906 -0.00210655 -1.84247 11.907 0.082802 -1.84115 11.9099 0.166776 -1.83723 11.9181 0.298227 -1.82582 11.9295 0.42309 -1.80898 11.9428 0.541304 -1.78771 11.9569 0.653221 -1.76288 11.9731 0.77185 -1.7316 11.9982 0.949405 -1.6756 12.0202 1.11167 -1.61538 12.0379 1.2603 -1.55337 12.0647 1.39301 -1.53138 12.11 1.3825 -1.62061 12.1691 1.36877 -1.70083 12.2404 1.35219 -1.76978 12.3219 1.33324 -1.82553 12.3531 1.15938 -1.86096 12.3169 0.995256 -1.86856 12.2218 0.850177 -1.85694 12.1761 0.677535 -1.86815 12.1462 0.567107 -1.87427 12.1197 0.465852 -1.87906 12.0947 0.361433 -1.88311 12.0732 0.253278 -1.88629 12.0576 0.141088 -1.88843 12.052 0.0699583 -1.88917 12.0501 -0.00177761 -1.88941 12.0522 -0.0735367 -1.88915 12.0579 -0.144611 -1.88839 12.0693 -0.229918 -1.88684 12.0843 -0.312872 -1.88468 12.1211 -0.47234 -1.87878 12.1475 -0.571913 -1.87402 12.1739 -0.668967 -1.86865 12.1994 -0.763931 -1.86278 12.2235 -0.857035 -1.85646 12.2529 -0.980964 -1.8473 12.2774 -1.10232 -1.83764 12.296 -1.22094 -1.82762 12.2321 -1.24002 -1.78568 12.1825 -1.25485 -1.74345 12.1376 -1.26825 -1.69573 12.0981 -1.28005 -1.6431 12.0645 -1.29009 -1.5862 12.0542 -1.18197 -1.62667 12.0406 -1.06709 -1.66659 12.0241 -0.945195 -1.70526 12.0104 -0.850628 -1.7324 11.9959 -0.751627 -1.75798 11.9808 -0.647904 -1.78161 11.9657 -0.538998 -1.80284 11.9445 -0.360292 -1.8294 11.9359 -0.265683 -1.83922 11.9293 -0.167511 -1.84629 11.926 -0.0852813 -1.84976 11.9248 -0.00206352 -1.85097 11.9259 0.0811274 -1.84985 11.9291 0.163436 -1.84649 11.9381 0.292432 -1.83673 11.9505 0.415247 -1.82231 11.9649 0.531873 -1.80407 11.9801 0.642693 -1.78272 11.9972 0.76066 -1.75577 12.0231 0.938332 -1.70729 12.045 1.10196 -1.65483 12.0613 1.25282 -1.60043 12.0952 1.24196 -1.655 12.1346 1.22934 -1.70536 12.179 1.21514 -1.75095 12.2278 1.19952 -1.79122 12.2902 1.17954 -1.83118 12.2607 1.01731 -1.84448 12.1716 0.872467 -1.83163 12.1322 0.697939 -1.84933 12.106 0.585376 -1.85902 12.0827 0.48162 -1.86662 12.0606 0.374161 -1.87306 12.0415 0.262469 -1.87812 12.0276 0.146308 -1.88153 12.0226 0.072563 -1.8827 12.0209 -0.00184417 -1.88309 12.0227 -0.0762752 -1.88267 12.0279 -0.14996 -1.88146 12.038 -0.238303 -1.87899 12.0513 -0.324049 -1.87556 12.084 -0.488276 -1.86619 12.1072 -0.59029 -1.85862 12.1302 -0.68923 -1.85013 12.1523 -0.785515 -1.84084 12.173 -0.879358 -1.83088 12.1978 -1.00334 -1.81647 12.2177 -1.12361 -1.80133 12.1707 -1.1404 -1.76464 12.1274 -1.15583 -1.723 12.0885 -1.16974 -1.67685 12.0748 -1.05323 -1.70994 12.0574 -0.930444 -1.74182 12.0428 -0.835756 -1.76409 12.0271 -0.737134 -1.78501 12.0106 -0.634329 -1.80428 11.9939 -0.526906 -1.82155 11.9703 -0.351529 -1.84308 11.9607 -0.259028 -1.85102 11.9534 -0.16323 -1.85674 11.9496 -0.0830809 -1.85954 11.9483 -0.00200984 -1.86052 11.9495 0.0790352 -1.85961 11.9532 0.159258 -1.8569 11.9632 0.285158 -1.84901 11.9771 0.405346 -1.83734 11.993 0.519881 -1.82254 12.0098 0.62918 -1.80519 12.0285 0.746113 -1.78321 12.0564 0.92355 -1.74349 12.0792 1.08852 -1.70021 12.1175 1.07352 -1.74179 12.1593 1.05712 -1.77918 12.2042 1.03948 -1.81204 12.131 0.890495 -1.80588 12.0962 0.714666 -1.83012 12.0729 0.600459 -1.84342 12.052 0.494709 -1.85387 12.0322 0.384774 -1.86275 12.015 0.270159 -1.86973 12.0024 0.150686 -1.87444 11.998 0.074749 -1.87605 11.9964 -0.00190007 -1.87659 11.998 -0.0785737 -1.87601 12.0027 -0.154446 -1.87434 12.0118 -0.245323 -1.87093 12.0238 -0.333384 -1.86619 12.0532 -0.501498 -1.85328 12.0739 -0.605458 -1.84287 12.0944 -0.705852 -1.83121 12.114 -0.803095 -1.81848 12.1322 -0.897401 -1.80486 12.1537 -1.02121 -1.78522 12.1126 -1.03789 -1.7496 12.0936 -0.914472 -1.7751 12.0774 -0.819878 -1.79284 12.06 -0.721849 -1.80946 12.0417 -0.620159 -1.82473 12.0231 -0.51439 -1.83838 11.9968 -0.342552 -1.85535 11.9861 -0.252237 -1.8616 11.9778 -0.158872 -1.8661 11.9736 -0.0808437 -1.8683 11.9722 -0.00195532 -1.86907 11.9736 0.0769077 -1.86835 11.9776 0.155005 -1.86622 11.9889 0.277728 -1.86002 12.0043 0.395179 -1.85083 12.0221 0.507478 -1.83916 12.0407 0.615082 -1.82545 12.0616 0.730753 -1.80803 12.0925 0.907565 -1.77643 14.4 0 1.3 14.4095 0.126686 1.3 14.4378 0.250542 1.3 14.4842 0.368801 1.3 14.5477 0.478822 1.3 14.6269 0.578147 1.3 14.72 0.664557 1.3 14.825 0.736122 1.3 14.9395 0.791243 1.3 15.0609 0.828689 1.3 15.1865 0.847623 1.3 15.3135 0.847623 1.3 15.4391 0.828689 1.3 15.5605 0.791243 1.3 15.675 0.736122 1.3 15.78 0.664557 1.3 15.8731 0.578147 1.3 15.9523 0.478822 1.3 16.0158 0.368801 1.3 16.0622 0.250542 1.3 16.0905 0.126686 1.3 16.1 0 1.3 16.0905 -0.126686 1.3 16.0622 -0.250542 1.3 16.0158 -0.368801 1.3 15.9523 -0.478822 1.3 15.8731 -0.578147 1.3 15.78 -0.664557 1.3 15.675 -0.736122 1.3 15.5605 -0.791243 1.3 15.4391 -0.828689 1.3 15.3135 -0.847623 1.3 15.1865 -0.847623 1.3 15.0609 -0.828689 1.3 14.9395 -0.791243 1.3 14.825 -0.736122 1.3 14.72 -0.664557 1.3 14.6269 -0.578147 1.3 14.5477 -0.478822 1.3 14.4842 -0.368801 1.3 14.4378 -0.250542 1.3 14.4095 -0.126686 1.3 14.4307 -0.117801 1.30251 14.4223 0 1.30251 14.4307 0.117801 1.30251 14.4558 0.233204 1.30251 14.4971 0.343859 1.30251 14.5537 0.447514 1.30251 14.6244 0.54206 1.30251 14.7079 0.62557 1.30251 14.8025 0.696346 1.30251 14.9061 0.752946 1.30251 15.0168 0.794218 1.30251 15.1322 0.819323 1.30251 15.25 0.827748 1.30251 15.3678 0.819323 1.30251 15.4832 0.794218 1.30251 15.5939 0.752946 1.30251 15.6975 0.696346 1.30251 15.7921 0.62557 1.30251 15.8756 0.54206 1.30251 15.9463 0.447514 1.30251 16.0029 0.343859 1.30251 16.0442 0.233204 1.30251 16.0693 0.117801 1.30251 16.0777 0 1.30251 16.0693 -0.117801 1.30251 16.0442 -0.233204 1.30251 16.0029 -0.343859 1.30251 15.9463 -0.447514 1.30251 15.8756 -0.54206 1.30251 15.7921 -0.62557 1.30251 15.6975 -0.696346 1.30251 15.5939 -0.752946 1.30251 15.4832 -0.794218 1.30251 15.3678 -0.819323 1.30251 15.25 -0.827748 1.30251 15.1322 -0.819323 1.30251 15.0168 -0.794218 1.30251 14.9061 -0.752946 1.30251 14.8025 -0.696346 1.30251 14.7079 -0.62557 1.30251 14.6244 -0.54206 1.30251 14.5537 -0.447514 1.30251 14.4971 -0.343859 1.30251 14.4558 -0.233204 1.30251 14.4704 -0.112094 1.32182 14.4623 0 1.32182 14.4704 0.112094 1.32182 14.4943 0.221907 1.32182 14.5335 0.327202 1.32182 14.5874 0.425836 1.32182 14.6547 0.515802 1.32182 14.7342 0.595267 1.32182 14.8242 0.662614 1.32182 14.9228 0.716473 1.32182 15.0281 0.755746 1.32182 15.1379 0.779634 1.32182 15.25 0.787651 1.32182 15.3621 0.779634 1.32182 15.4719 0.755746 1.32182 15.5772 0.716473 1.32182 15.6758 0.662614 1.32182 15.7658 0.595267 1.32182 15.8453 0.515802 1.32182 15.9126 0.425836 1.32182 15.9665 0.327202 1.32182 16.0057 0.221907 1.32182 16.0296 0.112094 1.32182 16.0377 0 1.32182 16.0296 -0.112094 1.32182 16.0057 -0.221907 1.32182 15.9665 -0.327202 1.32182 15.9126 -0.425836 1.32182 15.8453 -0.515802 1.32182 15.7658 -0.595267 1.32182 15.6758 -0.662614 1.32182 15.5772 -0.716473 1.32182 15.4719 -0.755746 1.32182 15.3621 -0.779634 1.32182 15.25 -0.787651 1.32182 15.1379 -0.779634 1.32182 15.0281 -0.755746 1.32182 14.9228 -0.716473 1.32182 14.8242 -0.662614 1.32182 14.7342 -0.595267 1.32182 14.6547 -0.515802 1.32182 14.5874 -0.425836 1.32182 14.5335 -0.327202 1.32182 14.4943 -0.221907 1.32182 14.4978 -0.108145 1.35661 14.4901 0 1.35661 14.4978 0.108145 1.35661 14.5209 0.214089 1.35661 14.5588 0.315675 1.35661 14.6107 0.410835 1.35661 14.6757 0.497631 1.35661 14.7524 0.574296 1.35661 14.8392 0.639271 1.35661 14.9343 0.691232 1.35661 15.0359 0.729122 1.35661 15.1419 0.752168 1.35661 15.25 0.759903 1.35661 15.3581 0.752168 1.35661 15.4641 0.729122 1.35661 15.5657 0.691232 1.35661 15.6608 0.639271 1.35661 15.7476 0.574296 1.35661 15.8243 0.497631 1.35661 15.8893 0.410835 1.35661 15.9412 0.315675 1.35661 15.9791 0.214089 1.35661 16.0022 0.108145 1.35661 16.0099 0 1.35661 16.0022 -0.108145 1.35661 15.9791 -0.214089 1.35661 15.9412 -0.315675 1.35661 15.8893 -0.410835 1.35661 15.8243 -0.497631 1.35661 15.7476 -0.574296 1.35661 15.6608 -0.639271 1.35661 15.5657 -0.691232 1.35661 15.4641 -0.729122 1.35661 15.3581 -0.752168 1.35661 15.25 -0.759903 1.35661 15.1419 -0.752168 1.35661 15.0359 -0.729122 1.35661 14.9343 -0.691232 1.35661 14.8392 -0.639271 1.35661 14.7524 -0.574296 1.35661 14.6757 -0.497631 1.35661 14.6107 -0.410835 1.35661 14.5588 -0.315675 1.35661 14.5209 -0.214089 1.35661 14.5097 -0.120308 1.4 14.5 0 1.4 14.5097 0.120308 1.4 14.5386 0.237501 1.4 14.5859 0.348542 1.4 14.6504 0.450557 1.4 14.7305 0.540902 1.4 14.824 0.617238 1.4 14.9285 0.677588 1.4 15.0413 0.720389 1.4 15.1596 0.744532 1.4 15.2802 0.749392 1.4 15.4 0.734843 1.4 15.516 0.701262 1.4 15.625 0.649519 1.4 15.7243 0.580954 1.4 15.8114 0.497342 1.4 15.8839 0.400849 1.4 15.94 0.293975 1.4 15.9782 0.179487 1.4 15.9976 0.0603499 1.4 15.9976 -0.0603499 1.4 15.9782 -0.179487 1.4 15.94 -0.293975 1.4 15.8839 -0.400849 1.4 15.8114 -0.497342 1.4 15.7243 -0.580954 1.4 15.625 -0.649519 1.4 15.516 -0.701262 1.4 15.4 -0.734843 1.4 15.2802 -0.749392 1.4 15.1596 -0.744532 1.4 15.0413 -0.720389 1.4 14.9285 -0.677588 1.4 14.824 -0.617238 1.4 14.7305 -0.540902 1.4 14.6504 -0.450557 1.4 14.5859 -0.348542 1.4 14.5386 -0.237501 1.4 14.5097 -0.120308 1.8 14.5 0 1.8 14.5097 0.120308 1.8 14.5386 0.237501 1.8 14.5859 0.348542 1.8 14.6504 0.450557 1.8 14.7305 0.540902 1.8 14.824 0.617238 1.8 14.9285 0.677588 1.8 15.0413 0.720389 1.8 15.1596 0.744532 1.8 15.2802 0.749392 1.8 15.4 0.734843 1.8 15.516 0.701262 1.8 15.625 0.649519 1.8 15.7243 0.580954 1.8 15.8114 0.497342 1.8 15.8839 0.400849 1.8 15.94 0.293975 1.8 15.9782 0.179487 1.8 15.9976 0.0603499 1.8 15.9976 -0.0603499 1.8 15.9782 -0.179487 1.8 15.94 -0.293975 1.8 15.8839 -0.400849 1.8 15.8114 -0.497342 1.8 15.7243 -0.580954 1.8 15.625 -0.649519 1.8 15.516 -0.701262 1.8 15.4 -0.734843 1.8 15.2802 -0.749392 1.8 15.1596 -0.744532 1.8 15.0413 -0.720389 1.8 14.9285 -0.677588 1.8 14.824 -0.617238 1.8 14.7305 -0.540902 1.8 14.6504 -0.450557 1.8 14.5859 -0.348542 1.8 14.5386 -0.237501 1.8 14.5209 -0.214089 1.84339 14.4978 -0.108145 1.84339 14.4901 0 1.84339 14.4978 0.108145 1.84339 14.5209 0.214089 1.84339 14.5588 0.315675 1.84339 14.6107 0.410835 1.84339 14.6757 0.497631 1.84339 14.7524 0.574296 1.84339 14.8392 0.639271 1.84339 14.9343 0.691232 1.84339 15.0359 0.729122 1.84339 15.1419 0.752168 1.84339 15.25 0.759903 1.84339 15.3581 0.752168 1.84339 15.4641 0.729122 1.84339 15.5657 0.691232 1.84339 15.6608 0.639271 1.84339 15.7476 0.574296 1.84339 15.8243 0.497631 1.84339 15.8893 0.410835 1.84339 15.9412 0.315675 1.84339 15.9791 0.214089 1.84339 16.0022 0.108145 1.84339 16.0099 0 1.84339 16.0022 -0.108145 1.84339 15.9791 -0.214089 1.84339 15.9412 -0.315675 1.84339 15.8893 -0.410835 1.84339 15.8243 -0.497631 1.84339 15.7476 -0.574296 1.84339 15.6608 -0.639271 1.84339 15.5657 -0.691232 1.84339 15.4641 -0.729122 1.84339 15.3581 -0.752168 1.84339 15.25 -0.759903 1.84339 15.1419 -0.752168 1.84339 15.0359 -0.729122 1.84339 14.9343 -0.691232 1.84339 14.8392 -0.639271 1.84339 14.7524 -0.574296 1.84339 14.6757 -0.497631 1.84339 14.6107 -0.410835 1.84339 14.5588 -0.315675 1.84339 14.4943 -0.221907 1.87818 14.4704 -0.112094 1.87818 14.4623 0 1.87818 14.4704 0.112094 1.87818 14.4943 0.221907 1.87818 14.5335 0.327202 1.87818 14.5874 0.425836 1.87818 14.6547 0.515802 1.87818 14.7342 0.595267 1.87818 14.8242 0.662614 1.87818 14.9228 0.716473 1.87818 15.0281 0.755746 1.87818 15.1379 0.779634 1.87818 15.25 0.787651 1.87818 15.3621 0.779634 1.87818 15.4719 0.755746 1.87818 15.5772 0.716473 1.87818 15.6758 0.662614 1.87818 15.7658 0.595267 1.87818 15.8453 0.515802 1.87818 15.9126 0.425836 1.87818 15.9665 0.327202 1.87818 16.0057 0.221907 1.87818 16.0296 0.112094 1.87818 16.0377 0 1.87818 16.0296 -0.112094 1.87818 16.0057 -0.221907 1.87818 15.9665 -0.327202 1.87818 15.9126 -0.425836 1.87818 15.8453 -0.515802 1.87818 15.7658 -0.595267 1.87818 15.6758 -0.662614 1.87818 15.5772 -0.716473 1.87818 15.4719 -0.755746 1.87818 15.3621 -0.779634 1.87818 15.25 -0.787651 1.87818 15.1379 -0.779634 1.87818 15.0281 -0.755746 1.87818 14.9228 -0.716473 1.87818 14.8242 -0.662614 1.87818 14.7342 -0.595267 1.87818 14.6547 -0.515802 1.87818 14.5874 -0.425836 1.87818 14.5335 -0.327202 1.87818 14.4558 -0.233204 1.89749 14.4307 -0.117801 1.89749 14.4223 0 1.89749 14.4307 0.117801 1.89749 14.4558 0.233204 1.89749 14.4971 0.343859 1.89749 14.5537 0.447514 1.89749 14.6244 0.54206 1.89749 14.7079 0.62557 1.89749 14.8025 0.696346 1.89749 14.9061 0.752946 1.89749 15.0168 0.794218 1.89749 15.1322 0.819323 1.89749 15.25 0.827748 1.89749 15.3678 0.819323 1.89749 15.4832 0.794218 1.89749 15.5939 0.752946 1.89749 15.6975 0.696346 1.89749 15.7921 0.62557 1.89749 15.8756 0.54206 1.89749 15.9463 0.447514 1.89749 16.0029 0.343859 1.89749 16.0442 0.233204 1.89749 16.0693 0.117801 1.89749 16.0777 0 1.89749 16.0693 -0.117801 1.89749 16.0442 -0.233204 1.89749 16.0029 -0.343859 1.89749 15.9463 -0.447514 1.89749 15.8756 -0.54206 1.89749 15.7921 -0.62557 1.89749 15.6975 -0.696346 1.89749 15.5939 -0.752946 1.89749 15.4832 -0.794218 1.89749 15.3678 -0.819323 1.89749 15.25 -0.827748 1.89749 15.1322 -0.819323 1.89749 15.0168 -0.794218 1.89749 14.9061 -0.752946 1.89749 14.8025 -0.696346 1.89749 14.7079 -0.62557 1.89749 14.6244 -0.54206 1.89749 14.5537 -0.447514 1.89749 14.4971 -0.343859 1.89749 14.4378 -0.250542 1.9 14.4095 -0.126686 1.9 14.4 0 1.9 14.4095 0.126686 1.9 14.4378 0.250542 1.9 14.4842 0.368801 1.9 14.5477 0.478822 1.9 14.6269 0.578147 1.9 14.72 0.664557 1.9 14.825 0.736122 1.9 14.9395 0.791243 1.9 15.0609 0.828689 1.9 15.1865 0.847623 1.9 15.3135 0.847623 1.9 15.4391 0.828689 1.9 15.5605 0.791243 1.9 15.675 0.736122 1.9 15.78 0.664557 1.9 15.8731 0.578147 1.9 15.9523 0.478822 1.9 16.0158 0.368801 1.9 16.0622 0.250542 1.9 16.0905 0.126686 1.9 16.1 0 1.9 16.0905 -0.126686 1.9 16.0622 -0.250542 1.9 16.0158 -0.368801 1.9 15.9523 -0.478822 1.9 15.8731 -0.578147 1.9 15.78 -0.664557 1.9 15.675 -0.736122 1.9 15.5605 -0.791243 1.9 15.4391 -0.828689 1.9 15.3135 -0.847623 1.9 15.1865 -0.847623 1.9 15.0609 -0.828689 1.9 14.9395 -0.791243 1.9 14.825 -0.736122 1.9 14.72 -0.664557 1.9 14.6269 -0.578147 1.9 14.5477 -0.478822 1.9 14.4842 -0.368801 1.9 12.3697 -0.636265 1.9 12.2989 -0.483127 1.9 12.2332 -0.327851 1.9 12.205 -0.248359 1.9 12.1825 -0.16712 1.9 12.1677 -0.0840735 1.9 12.1623 6.63422e-06 1.9 12.1676 0.084121 1.9 12.1824 0.16713 1.9 12.2049 0.248312 1.9 12.2328 0.327765 1.9 12.299 0.483084 1.9 12.3696 0.636292 1.9 12.4391 0.789914 1.9 12.5034 0.945763 1.9 12.5592 1.10504 1.9 12.6039 1.26772 1.9 12.6298 1.4 1.9 15.25 1.4 1.9 15.4125 1.39053 1.9 15.5729 1.36226 1.9 15.7288 1.31557 1.9 15.8783 1.25109 1.9 16.0193 1.16968 1.9 16.1499 1.07246 1.9 16.2683 0.960738 1.9 16.373 0.836022 1.9 16.4624 0.7 1.9 16.5355 0.554512 1.9 16.5912 0.401525 1.9 16.6287 0.243107 1.9 16.6476 0.0814028 1.9 16.6476 -0.0814028 1.9 16.6287 -0.243107 1.9 16.5912 -0.401525 1.9 16.5355 -0.554512 1.9 16.4624 -0.7 1.9 16.373 -0.836022 1.9 16.2683 -0.960738 1.9 16.1499 -1.07246 1.9 16.0193 -1.16968 1.9 15.8783 -1.25109 1.9 15.7288 -1.31557 1.9 15.5729 -1.36226 1.9 15.4125 -1.39053 1.9 15.25 -1.4 1.9 12.6298 -1.4 1.9 12.6039 -1.26772 1.9 12.5592 -1.10499 1.9 12.5034 -0.945787 1.9 12.4392 -0.789929 1.9 12.3737 -0.782814 1.89727 12.3066 -0.616936 1.89799 12.2643 -0.513355 1.89838 12.2277 -0.419793 1.89868 12.1938 -0.324478 1.89894 12.1649 -0.226718 1.89914 12.1441 -0.12605 1.89927 12.1367 -0.0624619 1.89932 12.1341 0.00158628 1.89934 12.1368 0.0656554 1.89932 12.1445 0.129201 1.89927 12.1597 0.205707 1.89917 12.1797 0.280489 1.89904 12.2297 0.425766 1.89867 12.2662 0.517827 1.89836 12.3033 0.608834 1.89802 12.3402 0.699291 1.89765 12.3762 0.789515 1.89724 12.4222 0.912302 1.89665 12.4634 1.03593 1.89603 12.4986 1.16045 1.89538 12.5063 1.29041 1.89157 12.5285 -1.4 1.8916 12.5063 -1.29041 1.89157 12.487 -1.11654 1.89561 12.435 -0.948952 1.89647 12.322 -0.805755 1.88913 12.2624 -0.637457 1.89198 12.2244 -0.531502 1.89353 12.1913 -0.435305 1.89474 12.1605 -0.336899 1.89576 12.1341 -0.235631 1.89656 12.1151 -0.131091 1.8971 12.1083 -0.064974 1.89729 12.106 0.00165037 1.89735 12.1085 0.0682965 1.89728 12.1155 0.134367 1.89709 12.1294 0.213829 1.8967 12.1476 0.291366 1.89616 12.1931 0.441454 1.89467 12.2261 0.536088 1.89347 12.2595 0.629192 1.89211 12.2924 0.72124 1.89062 12.3242 0.812516 1.88901 12.3642 0.935801 1.88668 12.3994 1.05877 1.8842 12.4285 1.18137 1.88162 12.4114 1.31245 1.86651 12.4352 1.39404 1.86881 12.5069 1.38107 1.88824 12.5647 1.37061 1.89704 12.6039 1.26772 1.9 12.5286 1.4 1.89162 12.4301 1.4 1.86676 12.337 1.4 1.82604 12.2519 1.4 1.7707 12.177 1.4 1.70194 12.1146 1.4 1.62172 12.0666 1.4 1.53209 12.0346 1.4 1.43565 12.0197 1.27504 1.50008 12.0011 1.13886 1.56545 11.9797 0.990273 1.62982 11.9565 0.827532 1.69084 11.933 0.648669 1.74567 11.9216 0.552445 1.76977 11.9109 0.451398 1.79092 11.9016 0.345375 1.8085 11.8941 0.234226 1.8219 11.8892 0.118438 1.8304 11.8874 1.21035e-05 1.83333 11.8892 -0.118354 1.83037 11.8942 -0.234209 1.8219 11.9017 -0.345487 1.80847 11.9111 -0.451622 1.79083 11.9217 -0.552621 1.76969 11.933 -0.648719 1.74567 11.9566 -0.827524 1.69082 11.9797 -0.990301 1.62979 12.0011 -1.13889 1.56543 12.0197 -1.27502 1.50007 12.0346 -1.4 1.43565 12.0666 -1.4 1.53199 12.1144 -1.4 1.62142 12.1768 -1.4 1.70169 12.2515 -1.4 1.77034 12.3367 -1.4 1.82588 12.4298 -1.4 1.86665 12.4114 -1.31245 1.86651 12.4191 -1.13828 1.88254 12.3753 -0.972381 1.88595 12.2712 -0.828278 1.87565 12.2188 -0.657701 1.88201 12.185 -0.549452 1.88548 12.1553 -0.45068 1.88819 12.1274 -0.349232 1.89048 12.1035 -0.244493 1.89228 12.0863 -0.136108 1.89348 12.0801 -0.0674748 1.8939 12.0779 0.0017142 1.89404 12.0802 0.0709255 1.89389 12.0866 0.139508 1.89346 12.0992 0.221907 1.89258 12.1158 0.302172 1.89137 12.1569 0.457002 1.88804 12.1865 0.55415 1.88534 12.2162 0.64928 1.8823 12.2453 0.742843 1.87897 12.2731 0.835092 1.87538 12.3076 0.958774 1.87017 12.3371 1.08099 1.86465 12.3607 1.20164 1.85892 12.3219 1.33324 1.82553 12.2404 1.35219 1.76978 12.1691 1.36877 1.70083 12.11 1.3825 1.62061 12.0647 1.39301 1.53138 12.0417 1.29689 1.53722 12.0301 1.1906 1.58322 12.0157 1.07719 1.62885 11.9991 0.956229 1.67327 11.9858 0.861928 1.70457 11.9719 0.762787 1.73416 11.9577 0.658475 1.76158 11.9435 0.548501 1.78628 11.924 0.367252 1.81725 11.9161 0.27099 1.82872 11.9101 0.170933 1.83699 11.907 0.0870427 1.84105 11.906 0.00210655 1.84247 11.907 -0.082802 1.84115 11.9099 -0.166776 1.83723 11.9181 -0.298227 1.82582 11.9295 -0.42309 1.80898 11.9428 -0.541304 1.78771 11.9569 -0.653221 1.76288 11.9731 -0.77185 1.7316 11.9982 -0.949405 1.6756 12.0202 -1.11167 1.61538 12.0379 -1.2603 1.55337 12.0647 -1.39301 1.53138 12.11 -1.3825 1.62061 12.1691 -1.36877 1.70083 12.2404 -1.35219 1.76978 12.3219 -1.33324 1.82553 12.3531 -1.15938 1.86096 12.3169 -0.995256 1.86856 12.2218 -0.850177 1.85694 12.1761 -0.677535 1.86815 12.1462 -0.567107 1.87427 12.1197 -0.465852 1.87906 12.0947 -0.361433 1.88311 12.0732 -0.253278 1.88629 12.0576 -0.141088 1.88843 12.052 -0.0699583 1.88917 12.0501 0.00177761 1.88941 12.0522 0.0735367 1.88915 12.0579 0.144611 1.88839 12.0693 0.229918 1.88684 12.0843 0.312872 1.88468 12.1211 0.47234 1.87878 12.1475 0.571913 1.87402 12.1739 0.668967 1.86865 12.1994 0.763931 1.86278 12.2235 0.857035 1.85646 12.2529 0.980964 1.8473 12.2774 1.10232 1.83764 12.296 1.22094 1.82762 12.2321 1.24002 1.78568 12.1825 1.25485 1.74345 12.1376 1.26825 1.69573 12.0981 1.28005 1.6431 12.0645 1.29009 1.5862 12.0542 1.18197 1.62667 12.0406 1.06709 1.66659 12.0241 0.945195 1.70526 12.0104 0.850628 1.7324 11.9959 0.751627 1.75798 11.9808 0.647904 1.78161 11.9657 0.538998 1.80284 11.9445 0.360292 1.8294 11.9359 0.265683 1.83922 11.9293 0.167511 1.84629 11.926 0.0852813 1.84976 11.9248 0.00206352 1.85097 11.9259 -0.0811274 1.84985 11.9291 -0.163436 1.84649 11.9381 -0.292432 1.83673 11.9505 -0.415247 1.82231 11.9649 -0.531873 1.80407 11.9801 -0.642693 1.78272 11.9972 -0.76066 1.75577 12.0231 -0.938332 1.70729 12.045 -1.10196 1.65483 12.0613 -1.25282 1.60043 12.0952 -1.24196 1.655 12.1346 -1.22934 1.70536 12.179 -1.21514 1.75095 12.2278 -1.19952 1.79122 12.2902 -1.17954 1.83118 12.2607 -1.01731 1.84448 12.1716 -0.872467 1.83163 12.1322 -0.697939 1.84933 12.106 -0.585376 1.85902 12.0827 -0.48162 1.86662 12.0606 -0.374161 1.87306 12.0415 -0.262469 1.87812 12.0276 -0.146308 1.88153 12.0226 -0.072563 1.8827 12.0209 0.00184417 1.88309 12.0227 0.0762752 1.88267 12.0279 0.14996 1.88146 12.038 0.238303 1.87899 12.0513 0.324049 1.87556 12.084 0.488276 1.86619 12.1072 0.59029 1.85862 12.1302 0.68923 1.85013 12.1523 0.785515 1.84084 12.173 0.879358 1.83088 12.1978 1.00334 1.81647 12.2177 1.12361 1.80133 12.1707 1.1404 1.76464 12.1274 1.15583 1.723 12.0885 1.16974 1.67685 12.0748 1.05323 1.70994 12.0574 0.930444 1.74182 12.0428 0.835756 1.76409 12.0271 0.737134 1.78501 12.0106 0.634329 1.80428 11.9939 0.526906 1.82155 11.9703 0.351529 1.84308 11.9607 0.259028 1.85102 11.9534 0.16323 1.85674 11.9496 0.0830809 1.85954 11.9483 0.00200984 1.86052 11.9495 -0.0790352 1.85961 11.9532 -0.159258 1.8569 11.9632 -0.285158 1.84901 11.9771 -0.405346 1.83734 11.993 -0.519881 1.82254 12.0098 -0.62918 1.80519 12.0285 -0.746113 1.78321 12.0564 -0.92355 1.74349 12.0792 -1.08852 1.70021 12.1175 -1.07352 1.74179 12.1593 -1.05712 1.77918 12.2042 -1.03948 1.81204 12.131 -0.890495 1.80588 12.0962 -0.714666 1.83012 12.0729 -0.600459 1.84342 12.052 -0.494709 1.85387 12.0322 -0.384774 1.86275 12.015 -0.270159 1.86973 12.0024 -0.150686 1.87444 11.998 -0.074749 1.87605 11.9964 0.00190007 1.87659 11.998 0.0785737 1.87601 12.0027 0.154446 1.87434 12.0118 0.245323 1.87093 12.0238 0.333384 1.86619 12.0532 0.501498 1.85328 12.0739 0.605458 1.84287 12.0944 0.705852 1.83121 12.114 0.803095 1.81848 12.1322 0.897401 1.80486 12.1537 1.02121 1.78522 12.1126 1.03789 1.7496 12.0936 0.914472 1.7751 12.0774 0.819878 1.79284 12.06 0.721849 1.80946 12.0417 0.620159 1.82473 12.0231 0.51439 1.83838 11.9968 0.342552 1.85535 11.9861 0.252237 1.8616 11.9778 0.158872 1.8661 11.9736 0.0808437 1.8683 11.9722 0.00195532 1.86907 11.9736 -0.0769077 1.86835 11.9776 -0.155005 1.86622 11.9889 -0.277728 1.86002 12.0043 -0.395179 1.85083 12.0221 -0.507478 1.83916 12.0407 -0.615082 1.82545 12.0616 -0.730753 1.80803 12.0925 -0.907565 1.77643 -10.05 0 1.8 -10.05 0.188151 1.79014 -10.05 0.374241 1.76067 -10.05 0.556231 1.7119 -10.05 0.732126 1.64438 -10.05 0.9 1.55885 -10.05 1.05801 1.45623 -10.05 1.20444 1.33766 -10.05 1.33766 1.20444 -10.05 1.45623 1.05801 -10.05 1.55885 0.9 -10.05 1.64438 0.732126 -10.05 1.7119 0.556231 -10.05 1.76067 0.374241 -10.05 1.79014 0.188151 -10.05 1.8 0 -10.05 1.79014 -0.188151 -10.05 1.76067 -0.374241 -10.05 1.7119 -0.556231 -10.05 1.64438 -0.732126 -10.05 1.55885 -0.9 -10.05 1.45623 -1.05801 -10.05 1.33766 -1.20444 -10.05 1.20444 -1.33766 -10.05 1.05801 -1.45623 -10.05 0.9 -1.55885 -10.05 0.732126 -1.64438 -10.05 0.556231 -1.7119 -10.05 0.374241 -1.76067 -10.05 0.188151 -1.79014 -10.05 0 -1.8 -10.05 -0.188151 -1.79014 -10.05 -0.374241 -1.76067 -10.05 -0.556231 -1.7119 -10.05 -0.732126 -1.64438 -10.05 -0.9 -1.55885 -10.05 -1.05801 -1.45623 -10.05 -1.20444 -1.33766 -10.05 -1.33766 -1.20444 -10.05 -1.45623 -1.05801 -10.05 -1.55885 -0.9 -10.05 -1.64438 -0.732126 -10.05 -1.7119 -0.556231 -10.05 -1.76067 -0.374241 -10.05 -1.79014 -0.188151 -10.05 -1.8 0 -10.05 -1.79014 0.188151 -10.05 -1.76067 0.374241 -10.05 -1.7119 0.556231 -10.05 -1.64438 0.732126 -10.05 -1.55885 0.9 -10.05 -1.45623 1.05801 -10.05 -1.33766 1.20444 -10.05 -1.20444 1.33766 -10.05 -1.05801 1.45623 -10.05 -0.9 1.55885 -10.05 -0.732126 1.64438 -10.05 -0.556231 1.7119 -10.05 -0.374241 1.76067 -10.05 -0.188151 1.79014 -11.85 0.188151 1.79014 -11.85 0.374241 1.76067 -11.85 0.556231 1.7119 -11.85 0.732126 1.64438 -11.85 0.9 1.55885 -11.85 1.05801 1.45623 -11.85 1.20444 1.33766 -11.85 1.33766 1.20444 -11.85 1.45623 1.05801 -11.85 1.55885 0.9 -11.85 1.64438 0.732126 -11.85 1.7119 0.556231 -11.85 1.76067 0.374241 -11.85 1.79014 0.188151 -11.85 1.8 0 -11.85 1.79014 -0.188151 -11.85 1.76067 -0.374241 -11.85 1.7119 -0.556231 -11.85 1.64438 -0.732126 -11.85 1.55885 -0.9 -11.85 1.45623 -1.05801 -11.85 1.33766 -1.20444 -11.85 1.20444 -1.33766 -11.85 1.05801 -1.45623 -11.85 0.9 -1.55885 -11.85 0.732126 -1.64438 -11.85 0.556231 -1.7119 -11.85 0.374241 -1.76067 -11.85 0.188151 -1.79014 -11.85 0 -1.8 -11.85 -0.188151 -1.79014 -11.85 -0.374241 -1.76067 -11.85 -0.556231 -1.7119 -11.85 -0.732126 -1.64438 -11.85 -0.9 -1.55885 -11.85 -1.05801 -1.45623 -11.85 -1.20444 -1.33766 -11.85 -1.33766 -1.20444 -11.85 -1.45623 -1.05801 -11.85 -1.55885 -0.9 -11.85 -1.64438 -0.732126 -11.85 -1.7119 -0.556231 -11.85 -1.76067 -0.374241 -11.85 -1.79014 -0.188151 -11.85 -1.8 0 -11.85 -1.79014 0.188151 -11.85 -1.76067 0.374241 -11.85 -1.7119 0.556231 -11.85 -1.64438 0.732126 -11.85 -1.55885 0.9 -11.85 -1.45623 1.05801 -11.85 -1.33766 1.20444 -11.85 -1.20444 1.33766 -11.85 -1.05801 1.45623 -11.85 -0.9 1.55885 -11.85 -0.732126 1.64438 -11.85 -0.556231 1.7119 -11.85 -0.374241 1.76067 -11.85 -0.188151 1.79014 -11.85 0 1.8 -11.9118 0.0848289 1.8078 -11.9118 0.253741 1.79191 -11.9118 0.420424 1.76028 -11.9118 0.583411 1.71317 -11.9118 0.741272 1.65102 -11.9118 0.892618 1.57435 -11.9118 1.03612 1.48384 -11.9118 1.17052 1.3803 -11.9118 1.29463 1.26462 -11.9118 1.40736 1.13784 -11.9118 1.50772 1.00105 -11.9118 1.59484 0.855466 -11.9118 1.66794 0.702364 -11.9118 1.72638 0.54309 -11.9118 1.76965 0.379043 -11.9118 1.79737 0.211664 -11.9118 1.80929 0.0424261 -11.9118 1.80531 -0.127185 -11.9118 1.78547 -0.295678 -11.9118 1.74994 -0.461574 -11.9118 1.69903 -0.623412 -11.9118 1.63318 -0.779772 -11.9118 1.55299 -0.92928 -11.9118 1.45915 -1.07062 -11.9118 1.35248 -1.20255 -11.9118 1.23393 -1.32392 -11.9118 1.10453 -1.43365 -11.9118 0.96543 -1.53078 -11.9118 0.817844 -1.61446 -11.9118 0.66307 -1.68395 -11.9118 0.50247 -1.73864 -11.9118 0.337453 -1.77805 -11.9118 0.169471 -1.80184 -11.9118 0 -1.80979 -11.9118 -0.169471 -1.80184 -11.9118 -0.337453 -1.77805 -11.9118 -0.50247 -1.73864 -11.9118 -0.66307 -1.68395 -11.9118 -0.817844 -1.61446 -11.9118 -0.96543 -1.53078 -11.9118 -1.10453 -1.43365 -11.9118 -1.23393 -1.32392 -11.9118 -1.35248 -1.20255 -11.9118 -1.45915 -1.07062 -11.9118 -1.55299 -0.92928 -11.9118 -1.63318 -0.779772 -11.9118 -1.69903 -0.623412 -11.9118 -1.74994 -0.461574 -11.9118 -1.78547 -0.295678 -11.9118 -1.80531 -0.127185 -11.9118 -1.80929 0.0424261 -11.9118 -1.79737 0.211664 -11.9118 -1.76965 0.379043 -11.9118 -1.72638 0.54309 -11.9118 -1.66794 0.702364 -11.9118 -1.59484 0.855466 -11.9118 -1.50772 1.00105 -11.9118 -1.40736 1.13784 -11.9118 -1.29463 1.26462 -11.9118 -1.17052 1.3803 -11.9118 -1.03612 1.48384 -11.9118 -0.892618 1.57435 -11.9118 -0.741272 1.65102 -11.9118 -0.583411 1.71317 -11.9118 -0.420424 1.76028 -11.9118 -0.253741 1.79191 -11.9118 -0.0848289 1.8078 -11.9676 0.0861604 1.83618 -11.9676 0.257724 1.82004 -11.9676 0.427023 1.78791 -11.9676 0.592569 1.74007 -11.9676 0.752908 1.67693 -11.9676 0.90663 1.59906 -11.9676 1.05238 1.50713 -11.9676 1.18889 1.40197 -11.9676 1.31495 1.28448 -11.9676 1.42945 1.1557 -11.9676 1.53139 1.01676 -11.9676 1.61987 0.868894 -11.9676 1.69412 0.713389 -11.9676 1.75348 0.551615 -11.9676 1.79743 0.384992 -11.9676 1.82558 0.214987 -11.9676 1.83769 0.0430921 -11.9676 1.83365 -0.129181 -11.9676 1.8135 -0.30032 -11.9676 1.77741 -0.468819 -11.9676 1.7257 -0.633198 -11.9676 1.65882 -0.792012 -11.9676 1.57737 -0.943866 -11.9676 1.48205 -1.08743 -11.9676 1.37371 -1.22143 -11.9676 1.2533 -1.3447 -11.9676 1.12187 -1.45615 -11.9676 0.980585 -1.55481 -11.9676 0.830682 -1.6398 -11.9676 0.673479 -1.71038 -11.9676 0.510357 -1.76593 -11.9676 0.34275 -1.80596 -11.9676 0.172131 -1.83012 -11.9676 0 -1.8382 -11.9676 -0.172131 -1.83012 -11.9676 -0.34275 -1.80596 -11.9676 -0.510357 -1.76593 -11.9676 -0.673479 -1.71038 -11.9676 -0.830682 -1.6398 -11.9676 -0.980585 -1.55481 -11.9676 -1.12187 -1.45615 -11.9676 -1.2533 -1.3447 -11.9676 -1.37371 -1.22143 -11.9676 -1.48205 -1.08743 -11.9676 -1.57737 -0.943866 -11.9676 -1.65882 -0.792012 -11.9676 -1.7257 -0.633198 -11.9676 -1.77741 -0.468819 -11.9676 -1.8135 -0.30032 -11.9676 -1.83365 -0.129181 -11.9676 -1.83769 0.0430921 -11.9676 -1.82558 0.214987 -11.9676 -1.79743 0.384992 -11.9676 -1.75348 0.551615 -11.9676 -1.69412 0.713389 -11.9676 -1.61987 0.868894 -11.9676 -1.53139 1.01676 -11.9676 -1.42945 1.1557 -11.9676 -1.31495 1.28448 -11.9676 -1.18889 1.40197 -11.9676 -1.05238 1.50713 -11.9676 -0.90663 1.59906 -11.9676 -0.752908 1.67693 -11.9676 -0.592569 1.74007 -11.9676 -0.427023 1.78791 -11.9676 -0.257724 1.82004 -11.9676 -0.0861604 1.83618 -12.0118 0.0882344 1.88037 -12.0118 0.263928 1.86385 -12.0118 0.437302 1.83094 -12.0118 0.606832 1.78195 -12.0118 0.77103 1.7173 -12.0118 0.928453 1.63755 -12.0118 1.07772 1.54341 -12.0118 1.21751 1.43571 -12.0118 1.3466 1.31539 -12.0118 1.46386 1.18352 -12.0118 1.56825 1.04124 -12.0118 1.65886 0.889809 -12.0118 1.7349 0.730561 -12.0118 1.79569 0.564892 -12.0118 1.84069 0.394259 -12.0118 1.86952 0.220162 -12.0118 1.88193 0.0441293 -12.0118 1.87779 -0.132291 -12.0118 1.85715 -0.307549 -12.0118 1.82019 -0.480103 -12.0118 1.76723 -0.648439 -12.0118 1.69875 -0.811076 -12.0118 1.61533 -0.966586 -12.0118 1.51772 -1.1136 -12.0118 1.40678 -1.25083 -12.0118 1.28346 -1.37707 -12.0118 1.14887 -1.4912 -12.0118 1.00419 -1.59223 -12.0118 0.850677 -1.67927 -12.0118 0.68969 -1.75155 -12.0118 0.522641 -1.80844 -12.0118 0.351 -1.84943 -12.0118 0.176275 -1.87417 -12.0118 0 -1.88244 -12.0118 -0.176275 -1.87417 -12.0118 -0.351 -1.84943 -12.0118 -0.522641 -1.80844 -12.0118 -0.68969 -1.75155 -12.0118 -0.850677 -1.67927 -12.0118 -1.00419 -1.59223 -12.0118 -1.14887 -1.4912 -12.0118 -1.28346 -1.37707 -12.0118 -1.40678 -1.25083 -12.0118 -1.51772 -1.1136 -12.0118 -1.61533 -0.966586 -12.0118 -1.69875 -0.811076 -12.0118 -1.76723 -0.648439 -12.0118 -1.82019 -0.480103 -12.0118 -1.85715 -0.307549 -12.0118 -1.87779 -0.132291 -12.0118 -1.88193 0.0441293 -12.0118 -1.86952 0.220162 -12.0118 -1.84069 0.394259 -12.0118 -1.79569 0.564892 -12.0118 -1.7349 0.730561 -12.0118 -1.65886 0.889809 -12.0118 -1.56825 1.04124 -12.0118 -1.46386 1.18352 -12.0118 -1.3466 1.31539 -12.0118 -1.21751 1.43571 -12.0118 -1.07772 1.54341 -12.0118 -0.928453 1.63755 -12.0118 -0.77103 1.7173 -12.0118 -0.606832 1.78195 -12.0118 -0.437302 1.83094 -12.0118 -0.263928 1.86385 -12.0118 -0.0882344 1.88037 -12.0402 0.0908477 1.93607 -12.0402 0.271745 1.91905 -12.0402 0.450253 1.88517 -12.0402 0.624805 1.83473 -12.0402 0.793867 1.76816 -12.0402 0.955951 1.68605 -12.0402 1.10963 1.58912 -12.0402 1.25357 1.47823 -12.0402 1.38648 1.35435 -12.0402 1.50721 1.21857 -12.0402 1.6147 1.07208 -12.0402 1.708 0.916163 -12.0402 1.78628 0.752198 -12.0402 1.84887 0.581623 -12.0402 1.89521 0.405936 -12.0402 1.9249 0.226682 -12.0402 1.93766 0.0454363 -12.0402 1.9334 -0.136209 -12.0402 1.91215 -0.316657 -12.0402 1.8741 -0.494323 -12.0402 1.81958 -0.667645 -12.0402 1.74906 -0.835099 -12.0402 1.66318 -0.995214 -12.0402 1.56267 -1.14658 -12.0402 1.44844 -1.28788 -12.0402 1.32148 -1.41785 -12.0402 1.1829 -1.53537 -12.0402 1.03393 -1.63939 -12.0402 0.875872 -1.729 -12.0402 0.710117 -1.80342 -12.0402 0.538121 -1.862 -12.0402 0.361396 -1.90421 -12.0402 0.181496 -1.92968 -12.0402 0 -1.9382 -12.0402 -0.181496 -1.92968 -12.0402 -0.361396 -1.90421 -12.0402 -0.538121 -1.862 -12.0402 -0.710117 -1.80342 -12.0402 -0.875872 -1.729 -12.0402 -1.03393 -1.63939 -12.0402 -1.1829 -1.53537 -12.0402 -1.32148 -1.41785 -12.0402 -1.44844 -1.28788 -12.0402 -1.56267 -1.14658 -12.0402 -1.66318 -0.995214 -12.0402 -1.74906 -0.835099 -12.0402 -1.81958 -0.667645 -12.0402 -1.8741 -0.494323 -12.0402 -1.91215 -0.316657 -12.0402 -1.9334 -0.136209 -12.0402 -1.93766 0.0454363 -12.0402 -1.9249 0.226682 -12.0402 -1.89521 0.405936 -12.0402 -1.84887 0.581623 -12.0402 -1.78628 0.752198 -12.0402 -1.708 0.916163 -12.0402 -1.6147 1.07208 -12.0402 -1.50721 1.21857 -12.0402 -1.38648 1.35435 -12.0402 -1.25357 1.47823 -12.0402 -1.10963 1.58912 -12.0402 -0.955951 1.68605 -12.0402 -0.793867 1.76816 -12.0402 -0.624805 1.83473 -12.0402 -0.450253 1.88517 -12.0402 -0.271745 1.91905 -12.0402 -0.0908477 1.93607 -12.05 0 2 -12.05 0.196034 1.99037 -12.05 0.390181 1.96157 -12.05 0.580569 1.91388 -12.05 0.765367 1.84776 -12.05 0.942793 1.76384 -12.05 1.11114 1.66294 -12.05 1.26879 1.54602 -12.05 1.41421 1.41421 -12.05 1.54602 1.26879 -12.05 1.66294 1.11114 -12.05 1.76384 0.942793 -12.05 1.84776 0.765367 -12.05 1.91388 0.580569 -12.05 1.96157 0.390181 -12.05 1.99037 0.196034 -12.05 2 0 -12.05 1.99037 -0.196034 -12.05 1.96157 -0.390181 -12.05 1.91388 -0.580569 -12.05 1.84776 -0.765367 -12.05 1.76384 -0.942793 -12.05 1.66294 -1.11114 -12.05 1.54602 -1.26879 -12.05 1.41421 -1.41421 -12.05 1.26879 -1.54602 -12.05 1.11114 -1.66294 -12.05 0.942793 -1.76384 -12.05 0.765367 -1.84776 -12.05 0.580569 -1.91388 -12.05 0.390181 -1.96157 -12.05 0.196034 -1.99037 -12.05 0 -2 -12.05 -0.196034 -1.99037 -12.05 -0.390181 -1.96157 -12.05 -0.580569 -1.91388 -12.05 -0.765367 -1.84776 -12.05 -0.942793 -1.76384 -12.05 -1.11114 -1.66294 -12.05 -1.26879 -1.54602 -12.05 -1.41421 -1.41421 -12.05 -1.54602 -1.26879 -12.05 -1.66294 -1.11114 -12.05 -1.76384 -0.942793 -12.05 -1.84776 -0.765367 -12.05 -1.91388 -0.580569 -12.05 -1.96157 -0.390181 -12.05 -1.99037 -0.196034 -12.05 -2 0 -12.05 -1.99037 0.196034 -12.05 -1.96157 0.390181 -12.05 -1.91388 0.580569 -12.05 -1.84776 0.765367 -12.05 -1.76384 0.942793 -12.05 -1.66294 1.11114 -12.05 -1.54602 1.26879 -12.05 -1.41421 1.41421 -12.05 -1.26879 1.54602 -12.05 -1.11114 1.66294 -12.05 -0.942793 1.76384 -12.05 -0.765367 1.84776 -12.05 -0.580569 1.91388 -12.05 -0.390181 1.96157 -12.05 -0.196034 1.99037 -12.05 0 2 -12.05 0.196034 1.99037 -12.05 0.390181 1.96157 -12.05 0.580569 1.91388 -12.05 0.765367 1.84776 -12.05 0.942793 1.76384 -12.05 1.11114 1.66294 -12.05 1.26879 1.54602 -12.05 1.41421 1.41421 -12.05 1.54602 1.26879 -12.05 1.66294 1.11114 -12.05 1.76384 0.942793 -12.05 1.84776 0.765367 -12.05 1.91388 0.580569 -12.05 1.96157 0.390181 -12.05 1.99037 0.196034 -12.05 2 0 -12.05 1.99037 -0.196034 -12.05 1.96157 -0.390181 -12.05 1.91388 -0.580569 -12.05 1.84776 -0.765367 -12.05 1.76384 -0.942793 -12.05 1.66294 -1.11114 -12.05 1.54602 -1.26879 -12.05 1.41421 -1.41421 -12.05 1.26879 -1.54602 -12.05 1.11114 -1.66294 -12.05 0.942793 -1.76384 -12.05 0.765367 -1.84776 -12.05 0.580569 -1.91388 -12.05 0.390181 -1.96157 -12.05 0.196034 -1.99037 -12.05 0 -2 -12.05 -0.196034 -1.99037 -12.05 -0.390181 -1.96157 -12.05 -0.580569 -1.91388 -12.05 -0.765367 -1.84776 -12.05 -0.942793 -1.76384 -12.05 -1.11114 -1.66294 -12.05 -1.26879 -1.54602 -12.05 -1.41421 -1.41421 -12.05 -1.54602 -1.26879 -12.05 -1.66294 -1.11114 -12.05 -1.76384 -0.942793 -12.05 -1.84776 -0.765367 -12.05 -1.91388 -0.580569 -12.05 -1.96157 -0.390181 -12.05 -1.99037 -0.196034 -12.05 -2 0 -12.05 -1.99037 0.196034 -12.05 -1.96157 0.390181 -12.05 -1.91388 0.580569 -12.05 -1.84776 0.765367 -12.05 -1.76384 0.942793 -12.05 -1.66294 1.11114 -12.05 -1.54602 1.26879 -12.05 -1.41421 1.41421 -12.05 -1.26879 1.54602 -12.05 -1.11114 1.66294 -12.05 -0.942793 1.76384 -12.05 -0.765367 1.84776 -12.05 -0.580569 1.91388 -12.05 -0.390181 1.96157 -12.05 -0.196034 1.99037 -12.35 0.196034 1.99037 -12.35 0.390181 1.96157 -12.35 0.580569 1.91388 -12.35 0.765367 1.84776 -12.35 0.942793 1.76384 -12.35 1.11114 1.66294 -12.35 1.26879 1.54602 -12.35 1.41421 1.41421 -12.35 1.54602 1.26879 -12.35 1.66294 1.11114 -12.35 1.76384 0.942793 -12.35 1.84776 0.765367 -12.35 1.91388 0.580569 -12.35 1.96157 0.390181 -12.35 1.99037 0.196034 -12.35 2 0 -12.35 1.99037 -0.196034 -12.35 1.96157 -0.390181 -12.35 1.91388 -0.580569 -12.35 1.84776 -0.765367 -12.35 1.76384 -0.942793 -12.35 1.66294 -1.11114 -12.35 1.54602 -1.26879 -12.35 1.41421 -1.41421 -12.35 1.26879 -1.54602 -12.35 1.11114 -1.66294 -12.35 0.942793 -1.76384 -12.35 0.765367 -1.84776 -12.35 0.580569 -1.91388 -12.35 0.390181 -1.96157 -12.35 0.196034 -1.99037 -12.35 0 -2 -12.35 -0.196034 -1.99037 -12.35 -0.390181 -1.96157 -12.35 -0.580569 -1.91388 -12.35 -0.765367 -1.84776 -12.35 -0.942793 -1.76384 -12.35 -1.11114 -1.66294 -12.35 -1.26879 -1.54602 -12.35 -1.41421 -1.41421 -12.35 -1.54602 -1.26879 -12.35 -1.66294 -1.11114 -12.35 -1.76384 -0.942793 -12.35 -1.84776 -0.765367 -12.35 -1.91388 -0.580569 -12.35 -1.96157 -0.390181 -12.35 -1.99037 -0.196034 -12.35 -2 0 -12.35 -1.99037 0.196034 -12.35 -1.96157 0.390181 -12.35 -1.91388 0.580569 -12.35 -1.84776 0.765367 -12.35 -1.76384 0.942793 -12.35 -1.66294 1.11114 -12.35 -1.54602 1.26879 -12.35 -1.41421 1.41421 -12.35 -1.26879 1.54602 -12.35 -1.11114 1.66294 -12.35 -0.942793 1.76384 -12.35 -0.765367 1.84776 -12.35 -0.580569 1.91388 -12.35 -0.390181 1.96157 -12.35 -0.196034 1.99037 -12.35 0 2 -12.4246 0.175133 2.00178 -12.4246 0.348933 1.9789 -12.4246 0.520077 1.94096 -12.4246 0.687264 1.88824 -12.4246 0.84922 1.82116 -12.4246 1.00471 1.74021 -12.4246 1.15256 1.64602 -12.4246 1.29163 1.53931 -12.4246 1.42088 1.42088 -12.4246 1.53931 1.29163 -12.4246 1.64602 1.15256 -12.4246 1.74021 1.00471 -12.4246 1.82116 0.84922 -12.4246 1.88824 0.687264 -12.4246 1.94096 0.520077 -12.4246 1.9789 0.348933 -12.4246 2.00178 0.175133 -12.4246 2.00943 0 -12.4246 2.00178 -0.175133 -12.4246 1.9789 -0.348933 -12.4246 1.94096 -0.520077 -12.4246 1.88824 -0.687264 -12.4246 1.82116 -0.84922 -12.4246 1.74021 -1.00471 -12.4246 1.64602 -1.15256 -12.4246 1.53931 -1.29163 -12.4246 1.42088 -1.42088 -12.4246 1.29163 -1.53931 -12.4246 1.15256 -1.64602 -12.4246 1.00471 -1.74021 -12.4246 0.84922 -1.82116 -12.4246 0.687264 -1.88824 -12.4246 0.520077 -1.94096 -12.4246 0.348933 -1.9789 -12.4246 0.175133 -2.00178 -12.4246 0 -2.00943 -12.4246 -0.175133 -2.00178 -12.4246 -0.348933 -1.9789 -12.4246 -0.520077 -1.94096 -12.4246 -0.687264 -1.88824 -12.4246 -0.84922 -1.82116 -12.4246 -1.00471 -1.74021 -12.4246 -1.15256 -1.64602 -12.4246 -1.29163 -1.53931 -12.4246 -1.42088 -1.42088 -12.4246 -1.53931 -1.29163 -12.4246 -1.64602 -1.15256 -12.4246 -1.74021 -1.00471 -12.4246 -1.82116 -0.84922 -12.4246 -1.88824 -0.687264 -12.4246 -1.94096 -0.520077 -12.4246 -1.9789 -0.348933 -12.4246 -2.00178 -0.175133 -12.4246 -2.00943 0 -12.4246 -2.00178 0.175133 -12.4246 -1.9789 0.348933 -12.4246 -1.94096 0.520077 -12.4246 -1.88824 0.687264 -12.4246 -1.82116 0.84922 -12.4246 -1.74021 1.00471 -12.4246 -1.64602 1.15256 -12.4246 -1.53931 1.29163 -12.4246 -1.42088 1.42088 -12.4246 -1.29163 1.53931 -12.4246 -1.15256 1.64602 -12.4246 -1.00471 1.74021 -12.4246 -0.84922 1.82116 -12.4246 -0.687264 1.88824 -12.4246 -0.520077 1.94096 -12.4246 -0.348933 1.9789 -12.4246 -0.175133 2.00178 -12.4246 0 2.00943 -12.4945 0.177546 2.02936 -12.4945 0.35374 2.00616 -12.4945 0.527242 1.9677 -12.4945 0.696732 1.91426 -12.4945 0.860919 1.84625 -12.4945 1.01855 1.76419 -12.4945 1.16844 1.6687 -12.4945 1.30943 1.56052 -12.4945 1.44045 1.44045 -12.4945 1.56052 1.30943 -12.4945 1.6687 1.16844 -12.4945 1.76419 1.01855 -12.4945 1.84625 0.860919 -12.4945 1.91426 0.696732 -12.4945 1.9677 0.527242 -12.4945 2.00616 0.35374 -12.4945 2.02936 0.177546 -12.4945 2.03711 0 -12.4945 2.02936 -0.177546 -12.4945 2.00616 -0.35374 -12.4945 1.9677 -0.527242 -12.4945 1.91426 -0.696732 -12.4945 1.84625 -0.860919 -12.4945 1.76419 -1.01855 -12.4945 1.6687 -1.16844 -12.4945 1.56052 -1.30943 -12.4945 1.44045 -1.44045 -12.4945 1.30943 -1.56052 -12.4945 1.16844 -1.6687 -12.4945 1.01855 -1.76419 -12.4945 0.860919 -1.84625 -12.4945 0.696732 -1.91426 -12.4945 0.527242 -1.9677 -12.4945 0.35374 -2.00616 -12.4945 0.177546 -2.02936 -12.4945 0 -2.03711 -12.4945 -0.177546 -2.02936 -12.4945 -0.35374 -2.00616 -12.4945 -0.527242 -1.9677 -12.4945 -0.696732 -1.91426 -12.4945 -0.860919 -1.84625 -12.4945 -1.01855 -1.76419 -12.4945 -1.16844 -1.6687 -12.4945 -1.30943 -1.56052 -12.4945 -1.44045 -1.44045 -12.4945 -1.56052 -1.30943 -12.4945 -1.6687 -1.16844 -12.4945 -1.76419 -1.01855 -12.4945 -1.84625 -0.860919 -12.4945 -1.91426 -0.696732 -12.4945 -1.9677 -0.527242 -12.4945 -2.00616 -0.35374 -12.4945 -2.02936 -0.177546 -12.4945 -2.03711 0 -12.4945 -2.02936 0.177546 -12.4945 -2.00616 0.35374 -12.4945 -1.9677 0.527242 -12.4945 -1.91426 0.696732 -12.4945 -1.84625 0.860919 -12.4945 -1.76419 1.01855 -12.4945 -1.6687 1.16844 -12.4945 -1.56052 1.30943 -12.4945 -1.44045 1.44045 -12.4945 -1.30943 1.56052 -12.4945 -1.16844 1.6687 -12.4945 -1.01855 1.76419 -12.4945 -0.860919 1.84625 -12.4945 -0.696732 1.91426 -12.4945 -0.527242 1.9677 -12.4945 -0.35374 2.00616 -12.4945 -0.177546 2.02936 -12.4945 0 2.03711 -12.5554 0.181398 2.07339 -12.5554 0.361416 2.04969 -12.5554 0.538683 2.01039 -12.5554 0.71185 1.95579 -12.5554 0.879599 1.88631 -12.5554 1.04065 1.80247 -12.5554 1.19379 1.70491 -12.5554 1.33784 1.59438 -12.5554 1.47171 1.47171 -12.5554 1.59438 1.33784 -12.5554 1.70491 1.19379 -12.5554 1.80247 1.04065 -12.5554 1.88631 0.879599 -12.5554 1.95579 0.71185 -12.5554 2.01039 0.538683 -12.5554 2.04969 0.361416 -12.5554 2.07339 0.181398 -12.5554 2.08131 0 -12.5554 2.07339 -0.181398 -12.5554 2.04969 -0.361416 -12.5554 2.01039 -0.538683 -12.5554 1.95579 -0.71185 -12.5554 1.88631 -0.879599 -12.5554 1.80247 -1.04065 -12.5554 1.70491 -1.19379 -12.5554 1.59438 -1.33784 -12.5554 1.47171 -1.47171 -12.5554 1.33784 -1.59438 -12.5554 1.19379 -1.70491 -12.5554 1.04065 -1.80247 -12.5554 0.879599 -1.88631 -12.5554 0.71185 -1.95579 -12.5554 0.538683 -2.01039 -12.5554 0.361416 -2.04969 -12.5554 0.181398 -2.07339 -12.5554 0 -2.08131 -12.5554 -0.181398 -2.07339 -12.5554 -0.361416 -2.04969 -12.5554 -0.538683 -2.01039 -12.5554 -0.71185 -1.95579 -12.5554 -0.879599 -1.88631 -12.5554 -1.04065 -1.80247 -12.5554 -1.19379 -1.70491 -12.5554 -1.33784 -1.59438 -12.5554 -1.47171 -1.47171 -12.5554 -1.59438 -1.33784 -12.5554 -1.70491 -1.19379 -12.5554 -1.80247 -1.04065 -12.5554 -1.88631 -0.879599 -12.5554 -1.95579 -0.71185 -12.5554 -2.01039 -0.538683 -12.5554 -2.04969 -0.361416 -12.5554 -2.07339 -0.181398 -12.5554 -2.08131 0 -12.5554 -2.07339 0.181398 -12.5554 -2.04969 0.361416 -12.5554 -2.01039 0.538683 -12.5554 -1.95579 0.71185 -12.5554 -1.88631 0.879599 -12.5554 -1.80247 1.04065 -12.5554 -1.70491 1.19379 -12.5554 -1.59438 1.33784 -12.5554 -1.47171 1.47171 -12.5554 -1.33784 1.59438 -12.5554 -1.19379 1.70491 -12.5554 -1.04065 1.80247 -12.5554 -0.879599 1.88631 -12.5554 -0.71185 1.95579 -12.5554 -0.538683 2.01039 -12.5554 -0.361416 2.04969 -12.5554 -0.181398 2.07339 -12.5554 0 2.08131 -12.6033 0.186448 2.13111 -12.6033 0.371477 2.10675 -12.6033 0.553679 2.06636 -12.6033 0.731667 2.01024 -12.6033 0.904087 1.93882 -12.6033 1.06963 1.85265 -12.6033 1.22702 1.75237 -12.6033 1.37508 1.63876 -12.6033 1.51268 1.51268 -12.6033 1.63876 1.37508 -12.6033 1.75237 1.22702 -12.6033 1.85265 1.06963 -12.6033 1.93882 0.904087 -12.6033 2.01024 0.731667 -12.6033 2.06636 0.553679 -12.6033 2.10675 0.371477 -12.6033 2.13111 0.186448 -12.6033 2.13925 0 -12.6033 2.13111 -0.186448 -12.6033 2.10675 -0.371477 -12.6033 2.06636 -0.553679 -12.6033 2.01024 -0.731667 -12.6033 1.93882 -0.904087 -12.6033 1.85265 -1.06963 -12.6033 1.75237 -1.22702 -12.6033 1.63876 -1.37508 -12.6033 1.51268 -1.51268 -12.6033 1.37508 -1.63876 -12.6033 1.22702 -1.75237 -12.6033 1.06963 -1.85265 -12.6033 0.904087 -1.93882 -12.6033 0.731667 -2.01024 -12.6033 0.553679 -2.06636 -12.6033 0.371477 -2.10675 -12.6033 0.186448 -2.13111 -12.6033 0 -2.13925 -12.6033 -0.186448 -2.13111 -12.6033 -0.371477 -2.10675 -12.6033 -0.553679 -2.06636 -12.6033 -0.731667 -2.01024 -12.6033 -0.904087 -1.93882 -12.6033 -1.06963 -1.85265 -12.6033 -1.22702 -1.75237 -12.6033 -1.37508 -1.63876 -12.6033 -1.51268 -1.51268 -12.6033 -1.63876 -1.37508 -12.6033 -1.75237 -1.22702 -12.6033 -1.85265 -1.06963 -12.6033 -1.93882 -0.904087 -12.6033 -2.01024 -0.731667 -12.6033 -2.06636 -0.553679 -12.6033 -2.10675 -0.371477 -12.6033 -2.13111 -0.186448 -12.6033 -2.13925 0 -12.6033 -2.13111 0.186448 -12.6033 -2.10675 0.371477 -12.6033 -2.06636 0.553679 -12.6033 -2.01024 0.731667 -12.6033 -1.93882 0.904087 -12.6033 -1.85265 1.06963 -12.6033 -1.75237 1.22702 -12.6033 -1.63876 1.37508 -12.6033 -1.51268 1.51268 -12.6033 -1.37508 1.63876 -12.6033 -1.22702 1.75237 -12.6033 -1.06963 1.85265 -12.6033 -0.904087 1.93882 -12.6033 -0.731667 2.01024 -12.6033 -0.553679 2.06636 -12.6033 -0.371477 2.10675 -12.6033 -0.186448 2.13111 -12.6033 0 2.13925 -12.6353 0.192378 2.1989 -12.6353 0.383293 2.17376 -12.6353 0.57129 2.13208 -12.6353 0.754939 2.07418 -12.6353 0.932843 2.00049 -12.6353 1.10365 1.91157 -12.6353 1.26605 1.80811 -12.6353 1.41882 1.69089 -12.6353 1.56079 1.56079 -12.6353 1.69089 1.41882 -12.6353 1.80811 1.26605 -12.6353 1.91157 1.10365 -12.6353 2.00049 0.932843 -12.6353 2.07418 0.754939 -12.6353 2.13208 0.57129 -12.6353 2.17376 0.383293 -12.6353 2.1989 0.192378 -12.6353 2.20729 0 -12.6353 2.1989 -0.192378 -12.6353 2.17376 -0.383293 -12.6353 2.13208 -0.57129 -12.6353 2.07418 -0.754939 -12.6353 2.00049 -0.932843 -12.6353 1.91157 -1.10365 -12.6353 1.80811 -1.26605 -12.6353 1.69089 -1.41882 -12.6353 1.56079 -1.56079 -12.6353 1.41882 -1.69089 -12.6353 1.26605 -1.80811 -12.6353 1.10365 -1.91157 -12.6353 0.932843 -2.00049 -12.6353 0.754939 -2.07418 -12.6353 0.57129 -2.13208 -12.6353 0.383293 -2.17376 -12.6353 0.192378 -2.1989 -12.6353 0 -2.20729 -12.6353 -0.192378 -2.1989 -12.6353 -0.383293 -2.17376 -12.6353 -0.57129 -2.13208 -12.6353 -0.754939 -2.07418 -12.6353 -0.932843 -2.00049 -12.6353 -1.10365 -1.91157 -12.6353 -1.26605 -1.80811 -12.6353 -1.41882 -1.69089 -12.6353 -1.56079 -1.56079 -12.6353 -1.69089 -1.41882 -12.6353 -1.80811 -1.26605 -12.6353 -1.91157 -1.10365 -12.6353 -2.00049 -0.932843 -12.6353 -2.07418 -0.754939 -12.6353 -2.13208 -0.57129 -12.6353 -2.17376 -0.383293 -12.6353 -2.1989 -0.192378 -12.6353 -2.20729 0 -12.6353 -2.1989 0.192378 -12.6353 -2.17376 0.383293 -12.6353 -2.13208 0.57129 -12.6353 -2.07418 0.754939 -12.6353 -2.00049 0.932843 -12.6353 -1.91157 1.10365 -12.6353 -1.80811 1.26605 -12.6353 -1.69089 1.41882 -12.6353 -1.56079 1.56079 -12.6353 -1.41882 1.69089 -12.6353 -1.26605 1.80811 -12.6353 -1.10365 1.91157 -12.6353 -0.932843 2.00049 -12.6353 -0.754939 2.07418 -12.6353 -0.57129 2.13208 -12.6353 -0.383293 2.17376 -12.6353 -0.192378 2.1989 -12.6353 0 2.20729 -12.6494 0.198816 2.27248 -12.6494 0.39612 2.24651 -12.6494 0.590408 2.20343 -12.6494 0.780204 2.14359 -12.6494 0.964061 2.06744 -12.6494 1.14058 1.97554 -12.6494 1.30842 1.86862 -12.6494 1.4663 1.74747 -12.6494 1.61303 1.61303 -12.6494 1.74747 1.4663 -12.6494 1.86862 1.30842 -12.6494 1.97554 1.14058 -12.6494 2.06744 0.964061 -12.6494 2.14359 0.780204 -12.6494 2.20343 0.590408 -12.6494 2.24651 0.39612 -12.6494 2.27248 0.198816 -12.6494 2.28116 0 -12.6494 2.27248 -0.198816 -12.6494 2.24651 -0.39612 -12.6494 2.20343 -0.590408 -12.6494 2.14359 -0.780204 -12.6494 2.06744 -0.964061 -12.6494 1.97554 -1.14058 -12.6494 1.86862 -1.30842 -12.6494 1.74747 -1.4663 -12.6494 1.61303 -1.61303 -12.6494 1.4663 -1.74747 -12.6494 1.30842 -1.86862 -12.6494 1.14058 -1.97554 -12.6494 0.964061 -2.06744 -12.6494 0.780204 -2.14359 -12.6494 0.590408 -2.20343 -12.6494 0.39612 -2.24651 -12.6494 0.198816 -2.27248 -12.6494 0 -2.28116 -12.6494 -0.198816 -2.27248 -12.6494 -0.39612 -2.24651 -12.6494 -0.590408 -2.20343 -12.6494 -0.780204 -2.14359 -12.6494 -0.964061 -2.06744 -12.6494 -1.14058 -1.97554 -12.6494 -1.30842 -1.86862 -12.6494 -1.4663 -1.74747 -12.6494 -1.61303 -1.61303 -12.6494 -1.74747 -1.4663 -12.6494 -1.86862 -1.30842 -12.6494 -1.97554 -1.14058 -12.6494 -2.06744 -0.964061 -12.6494 -2.14359 -0.780204 -12.6494 -2.20343 -0.590408 -12.6494 -2.24651 -0.39612 -12.6494 -2.27248 -0.198816 -12.6494 -2.28116 0 -12.6494 -2.27248 0.198816 -12.6494 -2.24651 0.39612 -12.6494 -2.20343 0.590408 -12.6494 -2.14359 0.780204 -12.6494 -2.06744 0.964061 -12.6494 -1.97554 1.14058 -12.6494 -1.86862 1.30842 -12.6494 -1.74747 1.4663 -12.6494 -1.61303 1.61303 -12.6494 -1.4663 1.74747 -12.6494 -1.30842 1.86862 -12.6494 -1.14058 1.97554 -12.6494 -0.964061 2.06744 -12.6494 -0.780204 2.14359 -12.6494 -0.590408 2.20343 -12.6494 -0.39612 2.24651 -12.6494 -0.198816 2.27248 -12.6494 0 2.28116 -12.65 0 2.3 -12.65 0.212217 2.29019 -12.65 0.422624 2.26084 -12.65 0.629425 2.2122 -12.65 0.830856 2.14469 -12.65 1.0252 2.05888 -12.65 1.21079 1.9555 -12.65 1.38606 1.83544 -12.65 1.5495 1.69972 -12.65 1.69972 1.5495 -12.65 1.83544 1.38606 -12.65 1.9555 1.21079 -12.65 2.05888 1.0252 -12.65 2.14469 0.830856 -12.65 2.2122 0.629425 -12.65 2.26084 0.422624 -12.65 2.29019 0.212217 -12.65 2.3 0 -12.65 2.29019 -0.212217 -12.65 2.26084 -0.422624 -12.65 2.2122 -0.629425 -12.65 2.14469 -0.830856 -12.65 2.05888 -1.0252 -12.65 1.9555 -1.21079 -12.65 1.83544 -1.38606 -12.65 1.69972 -1.5495 -12.65 1.5495 -1.69972 -12.65 1.38606 -1.83544 -12.65 1.21079 -1.9555 -12.65 1.0252 -2.05888 -12.65 0.830856 -2.14469 -12.65 0.629425 -2.2122 -12.65 0.422624 -2.26084 -12.65 0.212217 -2.29019 -12.65 0 -2.3 -12.65 -0.212217 -2.29019 -12.65 -0.422624 -2.26084 -12.65 -0.629425 -2.2122 -12.65 -0.830856 -2.14469 -12.65 -1.0252 -2.05888 -12.65 -1.21079 -1.9555 -12.65 -1.38606 -1.83544 -12.65 -1.5495 -1.69972 -12.65 -1.69972 -1.5495 -12.65 -1.83544 -1.38606 -12.65 -1.9555 -1.21079 -12.65 -2.05888 -1.0252 -12.65 -2.14469 -0.830856 -12.65 -2.2122 -0.629425 -12.65 -2.26084 -0.422624 -12.65 -2.29019 -0.212217 -12.65 -2.3 0 -12.65 -2.29019 0.212217 -12.65 -2.26084 0.422624 -12.65 -2.2122 0.629425 -12.65 -2.14469 0.830856 -12.65 -2.05888 1.0252 -12.65 -1.9555 1.21079 -12.65 -1.83544 1.38606 -12.65 -1.69972 1.5495 -12.65 -1.5495 1.69972 -12.65 -1.38606 1.83544 -12.65 -1.21079 1.9555 -12.65 -1.0252 2.05888 -12.65 -0.830856 2.14469 -12.65 -0.629425 2.2122 -12.65 -0.422624 2.26084 -12.65 -0.212217 2.29019 -12.65 -2.4 2.325 -12.65 2.4 2.325 -12.65 2.4 -2.325 -12.65 -2.4 -2.325 -12.6586 -2.4 2.45553 -12.6586 2.4 2.45553 -12.6586 2.4 -2.45553 -12.6586 -2.4 -2.45553 -12.6841 -2.4 -2.58382 -12.7261 -2.4 -2.70768 -12.784 -2.4 -2.825 -12.8566 -2.4 -2.93376 -12.9429 -2.4 -3.03211 -13.0412 -2.4 -3.11835 -13.15 -2.4 -3.19103 -13.2673 -2.4 -3.24888 -13.3912 -2.4 -3.29093 -13.5195 -2.4 -3.31644 -13.65 -2.4 -3.325 -23.0078 -2.4 -3.325 -23.116 -2.4 -3.32833 -23.2282 -2.4 -3.33802 -23.342 -2.4 -3.35365 -23.4555 -2.4 -3.3746 -23.5664 -2.4 -3.3996 -23.6727 -2.4 -3.42723 -23.7775 -2.4 -3.45764 -23.8877 -2.4 -3.49224 -24.3128 -2.4 -3.63669 -24.4176 -2.4 -3.66932 -24.5285 -2.4 -3.69822 -24.641 -2.4 -3.71793 -24.75 -2.4 -3.725 -24.5349 -2.39034 -3.725 -24.3215 -2.36143 -3.725 -24.1115 -2.31351 -3.725 -23.9067 -2.24696 -3.725 -23.7087 -2.16233 -3.725 -23.519 -2.06028 -3.725 -23.3393 -1.94164 -3.725 -23.1709 -1.80737 -3.725 -23.0153 -1.65855 -3.725 -22.8736 -1.49638 -3.725 -22.747 -1.32215 -3.725 -22.6366 -1.13728 -3.725 -22.5431 -0.94326 -3.725 -22.4675 -0.741641 -3.725 -22.4102 -0.53405 -3.725 -22.3717 -0.32216 -3.725 -22.3524 -0.107676 -3.725 -22.3524 0.107676 -3.725 -22.3717 0.32216 -3.725 -22.4102 0.53405 -3.725 -22.4675 0.741641 -3.725 -22.5431 0.94326 -3.725 -22.6366 1.13728 -3.725 -22.747 1.32215 -3.725 -22.8736 1.49638 -3.725 -23.0153 1.65855 -3.725 -23.1709 1.80737 -3.725 -23.3393 1.94164 -3.725 -23.519 2.06028 -3.725 -23.7087 2.16233 -3.725 -23.9067 2.24696 -3.725 -24.1115 2.31351 -3.725 -24.3215 2.36143 -3.725 -24.5349 2.39034 -3.725 -24.75 2.4 -3.725 -24.641 2.4 -3.71793 -24.5285 2.4 -3.69822 -24.4176 2.4 -3.66932 -24.3128 2.4 -3.63669 -23.8877 2.4 -3.49224 -23.7775 2.4 -3.45764 -23.6727 2.4 -3.42723 -23.5664 2.4 -3.3996 -23.4555 2.4 -3.3746 -23.342 2.4 -3.35365 -23.2282 2.4 -3.33802 -23.116 2.4 -3.32833 -23.0078 2.4 -3.325 -13.65 2.4 -3.325 -13.5195 2.4 -3.31644 -13.3912 2.4 -3.29093 -13.2673 2.4 -3.24888 -13.15 2.4 -3.19103 -13.0412 2.4 -3.11835 -12.9429 2.4 -3.03211 -12.8566 2.4 -2.93376 -12.784 2.4 -2.825 -12.7261 2.4 -2.70768 -12.6841 2.4 -2.58382 -21.7843 0 -3.325 -21.7935 -0.232785 -3.325 -21.8209 -0.464134 -3.325 -21.8663 -0.692619 -3.325 -21.9296 -0.91683 -3.325 -22.0103 -1.13538 -3.325 -22.1078 -1.34693 -3.325 -22.2217 -1.55017 -3.325 -22.3512 -1.74384 -3.325 -22.4955 -1.92675 -3.325 -22.6537 -2.09777 -3.325 -22.8248 -2.25584 -3.325 -22.9429 -2.21764 -3.33425 -23.1116 -2.34505 -3.33425 -23.1698 -2.26165 -3.36173 -23.3412 -2.37218 -3.36173 -23.3899 -2.29019 -3.40658 -23.5627 -2.38439 -3.40658 -23.6011 -2.30737 -3.46741 -23.7746 -2.38592 -3.46741 -23.8026 -2.31736 -3.54237 -23.9764 -2.381 -3.54237 -24.1686 -2.37353 -3.62912 -23.9949 -2.32411 -3.62912 -23.8253 -2.26199 -3.62912 -23.6607 -2.18752 -3.62912 -23.5022 -2.1011 -3.62912 -23.3504 -2.00321 -3.62912 -23.2063 -1.89438 -3.62912 -23.0706 -1.7752 -3.62912 -22.9441 -1.64632 -3.62912 -22.8274 -1.50845 -3.62912 -22.7213 -1.36234 -3.62912 -22.6262 -1.2088 -3.62912 -22.5427 -1.04865 -3.62912 -22.4713 -0.882771 -3.62912 -22.4123 -0.712073 -3.62912 -22.3661 -0.537486 -3.62912 -22.3329 -0.359963 -3.62912 -22.313 -0.180474 -3.62912 -22.3063 0 -3.62912 -22.313 0.180474 -3.62912 -22.3329 0.359963 -3.62912 -22.3661 0.537486 -3.62912 -22.4123 0.712073 -3.62912 -22.4713 0.882771 -3.62912 -22.5427 1.04865 -3.62912 -22.6262 1.2088 -3.62912 -22.7213 1.36234 -3.62912 -22.8274 1.50845 -3.62912 -22.9441 1.64632 -3.62912 -23.0706 1.7752 -3.62912 -23.2063 1.89438 -3.62912 -23.3504 2.00321 -3.62912 -23.5022 2.1011 -3.62912 -23.6607 2.18752 -3.62912 -23.8253 2.26199 -3.62912 -23.9949 2.32411 -3.62912 -24.1686 2.37353 -3.62912 -23.9764 2.381 -3.54237 -23.8026 2.31736 -3.54237 -23.7746 2.38592 -3.46741 -23.6011 2.30737 -3.46741 -23.5627 2.38439 -3.40658 -23.3899 2.29019 -3.40658 -23.3412 2.37218 -3.36173 -23.1698 2.26165 -3.36173 -23.1116 2.34505 -3.33425 -22.9429 2.21764 -3.33425 -22.8248 2.25584 -3.325 -22.6537 2.09777 -3.325 -22.4955 1.92675 -3.325 -22.3512 1.74384 -3.325 -22.2217 1.55017 -3.325 -22.1078 1.34693 -3.325 -22.0103 1.13538 -3.325 -21.9296 0.91683 -3.325 -21.8663 0.692619 -3.325 -21.8209 0.464134 -3.325 -21.7935 0.232785 -3.325 -21.8971 0.211271 -3.33425 -21.8893 0 -3.33425 -21.8971 -0.211271 -3.33425 -21.9205 -0.421389 -3.33425 -21.9593 -0.629204 -3.33425 -22.0134 -0.833584 -3.33425 -22.0825 -1.03341 -3.33425 -22.1661 -1.22759 -3.33425 -22.2638 -1.41507 -3.33425 -22.3751 -1.59482 -3.33425 -22.4993 -1.76586 -3.33425 -22.6359 -1.92725 -3.33425 -22.784 -2.07812 -3.33425 -23.0071 -2.13878 -3.36173 -23.2244 -2.18349 -3.40658 -23.4338 -2.21622 -3.46741 -23.6341 -2.24107 -3.54237 -23.4716 -2.15253 -3.54237 -23.3161 -2.05224 -3.54237 -23.1685 -1.94074 -3.54237 -23.0295 -1.81865 -3.54237 -22.8999 -1.68661 -3.54237 -22.7804 -1.54537 -3.54237 -22.6716 -1.39569 -3.54237 -22.5742 -1.23838 -3.54237 -22.4887 -1.07431 -3.54237 -22.4155 -0.904378 -3.54237 -22.3551 -0.729502 -3.54237 -22.3078 -0.550642 -3.54237 -22.2738 -0.368774 -3.54237 -22.2533 -0.184892 -3.54237 -22.2465 0 -3.54237 -22.2533 0.184892 -3.54237 -22.2738 0.368774 -3.54237 -22.3078 0.550642 -3.54237 -22.3551 0.729502 -3.54237 -22.4155 0.904378 -3.54237 -22.4887 1.07431 -3.54237 -22.5742 1.23838 -3.54237 -22.6716 1.39569 -3.54237 -22.7804 1.54537 -3.54237 -22.8999 1.68661 -3.54237 -23.0295 1.81865 -3.54237 -23.1685 1.94074 -3.54237 -23.3161 2.05224 -3.54237 -23.4716 2.15253 -3.54237 -23.6341 2.24107 -3.54237 -23.4338 2.21622 -3.46741 -23.2737 2.11296 -3.46741 -23.2244 2.18349 -3.40658 -23.0674 2.06486 -3.40658 -23.0071 2.13878 -3.36173 -22.8539 2.00422 -3.36173 -22.784 2.07812 -3.33425 -22.6359 1.92725 -3.33425 -22.4993 1.76586 -3.33425 -22.3751 1.59482 -3.33425 -22.2638 1.41507 -3.33425 -22.1661 1.22759 -3.33425 -22.0825 1.03341 -3.33425 -22.0134 0.833584 -3.33425 -21.9593 0.629204 -3.33425 -21.9205 0.421389 -3.33425 -21.9985 0.203758 -3.36173 -21.991 0 -3.36173 -21.9985 -0.203758 -3.36173 -22.0211 -0.406404 -3.36173 -22.0586 -0.606829 -3.36173 -22.1107 -0.803941 -3.36173 -22.1773 -0.996661 -3.36173 -22.258 -1.18394 -3.36173 -22.3522 -1.36475 -3.36173 -22.4595 -1.53811 -3.36173 -22.5794 -1.70306 -3.36173 -22.7111 -1.85872 -3.36173 -22.8539 -2.00422 -3.36173 -23.0674 -2.06486 -3.40658 -23.2737 -2.11296 -3.46741 -23.1217 -1.99816 -3.46741 -22.9786 -1.87245 -3.46741 -22.8451 -1.73651 -3.46741 -22.7221 -1.59109 -3.46741 -22.6101 -1.43698 -3.46741 -22.5098 -1.27502 -3.46741 -22.4218 -1.1061 -3.46741 -22.3465 -0.931134 -3.46741 -22.2843 -0.751085 -3.46741 -22.2355 -0.566932 -3.46741 -22.2005 -0.379684 -3.46741 -22.1794 -0.190362 -3.46741 -22.1724 0 -3.46741 -22.1794 0.190362 -3.46741 -22.2005 0.379684 -3.46741 -22.2355 0.566932 -3.46741 -22.2843 0.751085 -3.46741 -22.3465 0.931134 -3.46741 -22.4218 1.1061 -3.46741 -22.5098 1.27502 -3.46741 -22.6101 1.43698 -3.46741 -22.7221 1.59109 -3.46741 -22.8451 1.73651 -3.46741 -22.9786 1.87245 -3.46741 -23.1217 1.99816 -3.46741 -22.9195 1.93495 -3.40658 -22.7816 1.79448 -3.40658 -22.7111 1.85872 -3.36173 -22.5794 1.70306 -3.36173 -22.4595 1.53811 -3.36173 -22.3522 1.36475 -3.36173 -22.258 1.18394 -3.36173 -22.1773 0.996661 -3.36173 -22.1107 0.803941 -3.36173 -22.0586 0.606829 -3.36173 -22.0211 0.406404 -3.36173 -22.0936 0.196716 -3.40658 -22.0864 0 -3.40658 -22.0936 -0.196716 -3.40658 -22.1154 -0.392358 -3.40658 -22.1516 -0.585856 -3.40658 -22.202 -0.776155 -3.40658 -22.2662 -0.962215 -3.40658 -22.3441 -1.14302 -3.40658 -22.4351 -1.31758 -3.40658 -22.5387 -1.48495 -3.40658 -22.6544 -1.6442 -3.40658 -22.7816 -1.79448 -3.40658 -22.9195 -1.93495 -3.40658 -22.1154 0.392358 -3.40658 -22.1516 0.585856 -3.40658 -22.202 0.776155 -3.40658 -22.2662 0.962215 -3.40658 -22.3441 1.14302 -3.40658 -22.4351 1.31758 -3.40658 -22.5387 1.48495 -3.40658 -22.6544 1.6442 -3.40658 -12.6841 2.4 2.58382 -12.7261 2.4 2.70768 -12.784 2.4 2.825 -12.8566 2.4 2.93376 -12.9429 2.4 3.03211 -13.0412 2.4 3.11835 -13.15 2.4 3.19103 -13.2673 2.4 3.24888 -13.3912 2.4 3.29093 -13.5195 2.4 3.31644 -13.65 2.4 3.325 -23.0078 2.4 3.325 -23.116 2.4 3.32833 -23.2282 2.4 3.33802 -23.342 2.4 3.35365 -23.4555 2.4 3.3746 -23.5664 2.4 3.3996 -23.6727 2.4 3.42723 -23.7775 2.4 3.45764 -23.8877 2.4 3.49224 -24.3128 2.4 3.63669 -24.4176 2.4 3.66932 -24.5285 2.4 3.69822 -24.641 2.4 3.71793 -24.75 2.4 3.725 -24.5349 2.39034 3.725 -24.3215 2.36143 3.725 -24.1115 2.31351 3.725 -23.9067 2.24696 3.725 -23.7087 2.16233 3.725 -23.519 2.06028 3.725 -23.3393 1.94164 3.725 -23.1709 1.80737 3.725 -23.0153 1.65855 3.725 -22.8736 1.49638 3.725 -22.747 1.32215 3.725 -22.6366 1.13728 3.725 -22.5431 0.94326 3.725 -22.4675 0.741641 3.725 -22.4102 0.53405 3.725 -22.3717 0.32216 3.725 -22.3524 0.107676 3.725 -22.3524 -0.107676 3.725 -22.3717 -0.32216 3.725 -22.4102 -0.53405 3.725 -22.4675 -0.741641 3.725 -22.5431 -0.94326 3.725 -22.6366 -1.13728 3.725 -22.747 -1.32215 3.725 -22.8736 -1.49638 3.725 -23.0153 -1.65855 3.725 -23.1709 -1.80737 3.725 -23.3393 -1.94164 3.725 -23.519 -2.06028 3.725 -23.7087 -2.16233 3.725 -23.9067 -2.24696 3.725 -24.1115 -2.31351 3.725 -24.3215 -2.36143 3.725 -24.5349 -2.39034 3.725 -24.75 -2.4 3.725 -24.641 -2.4 3.71793 -24.5285 -2.4 3.69822 -24.4176 -2.4 3.66932 -24.3128 -2.4 3.63669 -23.8877 -2.4 3.49224 -23.7775 -2.4 3.45764 -23.6727 -2.4 3.42723 -23.5664 -2.4 3.3996 -23.4555 -2.4 3.3746 -23.342 -2.4 3.35365 -23.2282 -2.4 3.33802 -23.116 -2.4 3.32833 -23.0078 -2.4 3.325 -13.65 -2.4 3.325 -13.5195 -2.4 3.31644 -13.3912 -2.4 3.29093 -13.2673 -2.4 3.24888 -13.15 -2.4 3.19103 -13.0412 -2.4 3.11835 -12.9429 -2.4 3.03211 -12.8566 -2.4 2.93376 -12.784 -2.4 2.825 -12.7261 -2.4 2.70768 -12.6841 -2.4 2.58382 -21.7843 0 3.325 -21.7935 0.232785 3.325 -21.8209 0.464134 3.325 -21.8663 0.692619 3.325 -21.9296 0.91683 3.325 -22.0103 1.13538 3.325 -22.1078 1.34693 3.325 -22.2217 1.55017 3.325 -22.3512 1.74384 3.325 -22.4955 1.92675 3.325 -22.6537 2.09777 3.325 -22.8248 2.25584 3.325 -22.9429 2.21764 3.33425 -23.1116 2.34505 3.33425 -23.1698 2.26165 3.36173 -23.3412 2.37218 3.36173 -23.3899 2.29019 3.40658 -23.5627 2.38439 3.40658 -23.6011 2.30737 3.46741 -23.7746 2.38592 3.46741 -23.8026 2.31736 3.54237 -23.9764 2.381 3.54237 -24.1686 2.37353 3.62912 -23.9949 2.32411 3.62912 -23.8253 2.26199 3.62912 -23.6607 2.18752 3.62912 -23.5022 2.1011 3.62912 -23.3504 2.00321 3.62912 -23.2063 1.89438 3.62912 -23.0706 1.7752 3.62912 -22.9441 1.64632 3.62912 -22.8274 1.50845 3.62912 -22.7213 1.36234 3.62912 -22.6262 1.2088 3.62912 -22.5427 1.04865 3.62912 -22.4713 0.882771 3.62912 -22.4123 0.712073 3.62912 -22.3661 0.537486 3.62912 -22.3329 0.359963 3.62912 -22.313 0.180474 3.62912 -22.3063 0 3.62912 -22.313 -0.180474 3.62912 -22.3329 -0.359963 3.62912 -22.3661 -0.537486 3.62912 -22.4123 -0.712073 3.62912 -22.4713 -0.882771 3.62912 -22.5427 -1.04865 3.62912 -22.6262 -1.2088 3.62912 -22.7213 -1.36234 3.62912 -22.8274 -1.50845 3.62912 -22.9441 -1.64632 3.62912 -23.0706 -1.7752 3.62912 -23.2063 -1.89438 3.62912 -23.3504 -2.00321 3.62912 -23.5022 -2.1011 3.62912 -23.6607 -2.18752 3.62912 -23.8253 -2.26199 3.62912 -23.9949 -2.32411 3.62912 -24.1686 -2.37353 3.62912 -23.9764 -2.381 3.54237 -23.8026 -2.31736 3.54237 -23.7746 -2.38592 3.46741 -23.6011 -2.30737 3.46741 -23.5627 -2.38439 3.40658 -23.3899 -2.29019 3.40658 -23.3412 -2.37218 3.36173 -23.1698 -2.26165 3.36173 -23.1116 -2.34505 3.33425 -22.9429 -2.21764 3.33425 -22.8248 -2.25584 3.325 -22.6537 -2.09777 3.325 -22.4955 -1.92675 3.325 -22.3512 -1.74384 3.325 -22.2217 -1.55017 3.325 -22.1078 -1.34693 3.325 -22.0103 -1.13538 3.325 -21.9296 -0.91683 3.325 -21.8663 -0.692619 3.325 -21.8209 -0.464134 3.325 -21.7935 -0.232785 3.325 -21.8971 -0.211271 3.33425 -21.8893 0 3.33425 -21.8971 0.211271 3.33425 -21.9205 0.421389 3.33425 -21.9593 0.629204 3.33425 -22.0134 0.833584 3.33425 -22.0825 1.03341 3.33425 -22.1661 1.22759 3.33425 -22.2638 1.41507 3.33425 -22.3751 1.59482 3.33425 -22.4993 1.76586 3.33425 -22.6359 1.92725 3.33425 -22.784 2.07812 3.33425 -23.0071 2.13878 3.36173 -23.2244 2.18349 3.40658 -23.4338 2.21622 3.46741 -23.6341 2.24107 3.54237 -23.4716 2.15253 3.54237 -23.3161 2.05224 3.54237 -23.1685 1.94074 3.54237 -23.0295 1.81865 3.54237 -22.8999 1.68661 3.54237 -22.7804 1.54537 3.54237 -22.6716 1.39569 3.54237 -22.5742 1.23838 3.54237 -22.4887 1.07431 3.54237 -22.4155 0.904378 3.54237 -22.3551 0.729502 3.54237 -22.3078 0.550642 3.54237 -22.2738 0.368774 3.54237 -22.2533 0.184892 3.54237 -22.2465 0 3.54237 -22.2533 -0.184892 3.54237 -22.2738 -0.368774 3.54237 -22.3078 -0.550642 3.54237 -22.3551 -0.729502 3.54237 -22.4155 -0.904378 3.54237 -22.4887 -1.07431 3.54237 -22.5742 -1.23838 3.54237 -22.6716 -1.39569 3.54237 -22.7804 -1.54537 3.54237 -22.8999 -1.68661 3.54237 -23.0295 -1.81865 3.54237 -23.1685 -1.94074 3.54237 -23.3161 -2.05224 3.54237 -23.4716 -2.15253 3.54237 -23.6341 -2.24107 3.54237 -23.4338 -2.21622 3.46741 -23.2737 -2.11296 3.46741 -23.2244 -2.18349 3.40658 -23.0674 -2.06486 3.40658 -23.0071 -2.13878 3.36173 -22.8539 -2.00422 3.36173 -22.784 -2.07812 3.33425 -22.6359 -1.92725 3.33425 -22.4993 -1.76586 3.33425 -22.3751 -1.59482 3.33425 -22.2638 -1.41507 3.33425 -22.1661 -1.22759 3.33425 -22.0825 -1.03341 3.33425 -22.0134 -0.833584 3.33425 -21.9593 -0.629204 3.33425 -21.9205 -0.421389 3.33425 -21.9985 -0.203758 3.36173 -21.991 0 3.36173 -21.9985 0.203758 3.36173 -22.0211 0.406404 3.36173 -22.0586 0.606829 3.36173 -22.1107 0.803941 3.36173 -22.1773 0.996661 3.36173 -22.258 1.18394 3.36173 -22.3522 1.36475 3.36173 -22.4595 1.53811 3.36173 -22.5794 1.70306 3.36173 -22.7111 1.85872 3.36173 -22.8539 2.00422 3.36173 -23.0674 2.06486 3.40658 -23.2737 2.11296 3.46741 -23.1217 1.99816 3.46741 -22.9786 1.87245 3.46741 -22.8451 1.73651 3.46741 -22.7221 1.59109 3.46741 -22.6101 1.43698 3.46741 -22.5098 1.27502 3.46741 -22.4218 1.1061 3.46741 -22.3465 0.931134 3.46741 -22.2843 0.751085 3.46741 -22.2355 0.566932 3.46741 -22.2005 0.379684 3.46741 -22.1794 0.190362 3.46741 -22.1724 0 3.46741 -22.1794 -0.190362 3.46741 -22.2005 -0.379684 3.46741 -22.2355 -0.566932 3.46741 -22.2843 -0.751085 3.46741 -22.3465 -0.931134 3.46741 -22.4218 -1.1061 3.46741 -22.5098 -1.27502 3.46741 -22.6101 -1.43698 3.46741 -22.7221 -1.59109 3.46741 -22.8451 -1.73651 3.46741 -22.9786 -1.87245 3.46741 -23.1217 -1.99816 3.46741 -22.9195 -1.93495 3.40658 -22.7816 -1.79448 3.40658 -22.7111 -1.85872 3.36173 -22.5794 -1.70306 3.36173 -22.4595 -1.53811 3.36173 -22.3522 -1.36475 3.36173 -22.258 -1.18394 3.36173 -22.1773 -0.996661 3.36173 -22.1107 -0.803941 3.36173 -22.0586 -0.606829 3.36173 -22.0211 -0.406404 3.36173 -22.0936 -0.196716 3.40658 -22.0864 0 3.40658 -22.0936 0.196716 3.40658 -22.1154 0.392358 3.40658 -22.1516 0.585856 3.40658 -22.202 0.776155 3.40658 -22.2662 0.962215 3.40658 -22.3441 1.14302 3.40658 -22.4351 1.31758 3.40658 -22.5387 1.48495 3.40658 -22.6544 1.6442 3.40658 -22.7816 1.79448 3.40658 -22.9195 1.93495 3.40658 -22.1154 -0.392358 3.40658 -22.1516 -0.585856 3.40658 -22.202 -0.776155 3.40658 -22.2662 -0.962215 3.40658 -22.3441 -1.14302 3.40658 -22.4351 -1.31758 3.40658 -22.5387 -1.48495 3.40658 -22.6544 -1.6442 3.40658 -10.05 0.188151 1.79014 -10.05 0 1.8 -10.05 -0.188151 1.79014 -10.05 -0.374241 1.76067 -10.05 -0.556231 1.7119 -10.05 -0.732126 1.64438 -10.05 -0.9 1.55885 -10.05 -1.05801 1.45623 -10.05 -1.20444 1.33766 -10.05 -1.33766 1.20444 -10.05 -1.45623 1.05801 -10.05 -1.55885 0.9 -10.05 -1.64438 0.732126 -10.05 -1.7119 0.556231 -10.05 -1.76067 0.374241 -10.05 -1.79014 0.188151 -10.05 -1.8 0 -10.05 -1.79014 -0.188151 -10.05 -1.76067 -0.374241 -10.05 -1.7119 -0.556231 -10.05 -1.64438 -0.732126 -10.05 -1.55885 -0.9 -10.05 -1.45623 -1.05801 -10.05 -1.33766 -1.20444 -10.05 -1.20444 -1.33766 -10.05 -1.05801 -1.45623 -10.05 -0.9 -1.55885 -10.05 -0.732126 -1.64438 -10.05 -0.556231 -1.7119 -10.05 -0.374241 -1.76067 -10.05 -0.188151 -1.79014 -10.05 0 -1.8 -10.05 0.188151 -1.79014 -10.05 0.374241 -1.76067 -10.05 0.556231 -1.7119 -10.05 0.732126 -1.64438 -10.05 0.9 -1.55885 -10.05 1.05801 -1.45623 -10.05 1.20444 -1.33766 -10.05 1.33766 -1.20444 -10.05 1.45623 -1.05801 -10.05 1.55885 -0.9 -10.05 1.64438 -0.732126 -10.05 1.7119 -0.556231 -10.05 1.76067 -0.374241 -10.05 1.79014 -0.188151 -10.05 1.8 0 -10.05 1.79014 0.188151 -10.05 1.76067 0.374241 -10.05 1.7119 0.556231 -10.05 1.64438 0.732126 -10.05 1.55885 0.9 -10.05 1.45623 1.05801 -10.05 1.33766 1.20444 -10.05 1.20444 1.33766 -10.05 1.05801 1.45623 -10.05 0.9 1.55885 -10.05 0.732126 1.64438 -10.05 0.556231 1.7119 -10.05 0.374241 1.76067 -10.05 0 1.27 -10.05 -0.156068 1.26037 -10.05 -0.30977 1.23164 -10.05 -0.458777 1.18424 -10.05 -0.600829 1.11889 -10.05 -0.733773 1.03657 -10.05 -0.855593 0.938541 -10.05 -0.964444 0.826285 -10.05 -1.05868 0.701504 -10.05 -1.13686 0.566088 -10.05 -1.19781 0.422091 -10.05 -1.2406 0.271695 -10.05 -1.26458 0.117181 -10.05 -1.2694 -0.0391097 -10.05 -1.25497 -0.194807 -10.05 -1.22152 -0.347552 -10.05 -1.16955 -0.495028 -10.05 -1.09985 -0.635 -10.05 -1.01348 -0.765346 -10.05 -0.911748 -0.88409 -10.05 -0.796193 -0.989432 -10.05 -0.668569 -1.07978 -10.05 -0.53081 -1.15375 -10.05 -0.385004 -1.21024 -10.05 -0.233362 -1.24838 -10.05 -0.0781823 -1.26759 -10.05 0.0781823 -1.26759 -10.05 0.233362 -1.24838 -10.05 0.385004 -1.21024 -10.05 0.53081 -1.15375 -10.05 0.668569 -1.07978 -10.05 0.796193 -0.989432 -10.05 0.911748 -0.88409 -10.05 1.01348 -0.765346 -10.05 1.09985 -0.635 -10.05 1.16955 -0.495028 -10.05 1.22152 -0.347552 -10.05 1.25497 -0.194807 -10.05 1.2694 -0.0391097 -10.05 1.26458 0.117181 -10.05 1.2406 0.271695 -10.05 1.19781 0.422091 -10.05 1.13686 0.566088 -10.05 1.05868 0.701504 -10.05 0.964444 0.826285 -10.05 0.855593 0.938541 -10.05 0.733773 1.03657 -10.05 0.600829 1.11889 -10.05 0.458777 1.18424 -10.05 0.30977 1.23164 -10.05 0.156068 1.26037 -23.15 0 2.825 -23.1597 0.176013 2.825 -23.1887 0.34989 2.825 -23.2367 0.519519 2.825 -23.303 0.682842 2.825 -23.3869 0.837877 2.825 -23.4874 0.98274 2.825 -23.6031 1.11567 2.825 -23.7328 1.23507 2.825 -23.8749 1.33947 2.825 -24.0275 1.42761 2.825 -24.189 1.49842 2.825 -24.3572 1.55104 2.825 -24.5302 1.58484 2.825 -24.7059 1.59939 2.825 -24.8821 1.59454 2.825 -25.0567 1.57032 2.825 -25.2276 1.52705 2.825 -25.3927 1.46524 2.825 -25.55 1.38564 2.825 -25.6976 1.28922 2.825 -25.8337 1.17716 2.825 -25.9566 1.0508 2.825 -26.0648 0.911693 2.825 -26.1572 0.761516 2.825 -26.2324 0.602095 2.825 -26.2896 0.435366 2.825 -26.3282 0.263351 2.825 -26.3476 0.0881404 2.825 -26.3476 -0.0881404 2.825 -26.3282 -0.263351 2.825 -26.2896 -0.435366 2.825 -26.2324 -0.602095 2.825 -26.1572 -0.761516 2.825 -26.0648 -0.911693 2.825 -25.9566 -1.0508 2.825 -25.8337 -1.17716 2.825 -25.6976 -1.28922 2.825 -25.55 -1.38564 2.825 -25.3927 -1.46524 2.825 -25.2276 -1.52705 2.825 -25.0567 -1.57032 2.825 -24.8821 -1.59454 2.825 -24.7059 -1.59939 2.825 -24.5302 -1.58484 2.825 -24.3572 -1.55104 2.825 -24.189 -1.49842 2.825 -24.0275 -1.42761 2.825 -23.8749 -1.33947 2.825 -23.7328 -1.23507 2.825 -23.6031 -1.11567 2.825 -23.4874 -0.98274 2.825 -23.3869 -0.837877 2.825 -23.303 -0.682842 2.825 -23.2367 -0.519519 2.825 -23.1887 -0.34989 2.825 -23.1597 -0.176013 2.825 -13.75 2.4 2.825 -24.75 2.4 2.825 -24.9651 2.39034 2.825 -25.1785 2.36143 2.825 -25.3885 2.31351 2.825 -25.5933 2.24696 2.825 -25.7913 2.16233 2.825 -25.981 2.06028 2.825 -26.1607 1.94164 2.825 -26.3291 1.80737 2.825 -26.4847 1.65855 2.825 -26.6264 1.49638 2.825 -26.753 1.32215 2.825 -26.8634 1.13728 2.825 -26.9569 0.94326 2.825 -27.0325 0.741641 2.825 -27.0898 0.53405 2.825 -27.1283 0.32216 2.825 -27.1476 0.107676 2.825 -27.1476 -0.107676 2.825 -27.1283 -0.32216 2.825 -27.0898 -0.53405 2.825 -27.0325 -0.741641 2.825 -26.9569 -0.94326 2.825 -26.8634 -1.13728 2.825 -26.753 -1.32215 2.825 -26.6264 -1.49638 2.825 -26.4847 -1.65855 2.825 -26.3291 -1.80737 2.825 -26.1607 -1.94164 2.825 -25.981 -2.06028 2.825 -25.7913 -2.16233 2.825 -25.5933 -2.24696 2.825 -25.3885 -2.31351 2.825 -25.1785 -2.36143 2.825 -24.9651 -2.39034 2.825 -24.75 -2.4 2.825 -13.75 -2.4 2.825 -13.6458 2.4 2.81588 -13.6458 -2.4 2.81588 -13.5448 2.4 2.78882 -13.45 2.4 2.74462 -13.3643 2.4 2.68463 -13.2904 2.4 2.61067 -13.2304 2.4 2.525 -13.1862 2.4 2.43021 -13.1591 2.4 2.32919 -13.15 2.4 2.225 -13.15 2.4 -2.225 -13.1591 2.4 -2.32919 -13.1862 2.4 -2.43021 -13.2304 2.4 -2.525 -13.2904 2.4 -2.61067 -13.3643 2.4 -2.68463 -13.45 2.4 -2.74462 -13.5448 2.4 -2.78882 -13.6458 2.4 -2.81588 -13.75 2.4 -2.825 -24.75 2.4 -2.825 -24.9651 2.39034 -2.825 -25.1785 2.36143 -2.825 -25.3885 2.31351 -2.825 -25.5933 2.24696 -2.825 -25.7913 2.16233 -2.825 -25.981 2.06028 -2.825 -26.1607 1.94164 -2.825 -26.3291 1.80737 -2.825 -26.4847 1.65855 -2.825 -26.6264 1.49638 -2.825 -26.753 1.32215 -2.825 -26.8634 1.13728 -2.825 -26.9569 0.94326 -2.825 -27.0325 0.741641 -2.825 -27.0898 0.53405 -2.825 -27.1283 0.32216 -2.825 -27.1476 0.107676 -2.825 -27.1476 -0.107676 -2.825 -27.1283 -0.32216 -2.825 -27.0898 -0.53405 -2.825 -27.0325 -0.741641 -2.825 -26.9569 -0.94326 -2.825 -26.8634 -1.13728 -2.825 -26.753 -1.32215 -2.825 -26.6264 -1.49638 -2.825 -26.4847 -1.65855 -2.825 -26.3291 -1.80737 -2.825 -26.1607 -1.94164 -2.825 -25.981 -2.06028 -2.825 -25.7913 -2.16233 -2.825 -25.5933 -2.24696 -2.825 -25.3885 -2.31351 -2.825 -25.1785 -2.36143 -2.825 -24.9651 -2.39034 -2.825 -24.75 -2.4 -2.825 -13.75 -2.4 -2.825 -13.6458 -2.4 -2.81588 -13.5448 -2.4 -2.78882 -13.45 -2.4 -2.74462 -13.3643 -2.4 -2.68463 -13.2904 -2.4 -2.61067 -13.2304 -2.4 -2.525 -13.1862 -2.4 -2.43021 -13.1591 -2.4 -2.32919 -13.15 -2.4 -2.225 -13.15 -2.4 2.225 -13.1591 -2.4 2.32919 -13.1862 -2.4 2.43021 -13.2304 -2.4 2.525 -13.2904 -2.4 2.61067 -13.3643 -2.4 2.68463 -13.45 -2.4 2.74462 -13.5448 -2.4 2.78882 -23.15 0 -2.825 -23.1597 0.176013 -2.825 -23.1887 0.34989 -2.825 -23.2367 0.519519 -2.825 -23.303 0.682842 -2.825 -23.3869 0.837877 -2.825 -23.4874 0.98274 -2.825 -23.6031 1.11567 -2.825 -23.7328 1.23507 -2.825 -23.8749 1.33947 -2.825 -24.0275 1.42761 -2.825 -24.189 1.49842 -2.825 -24.3572 1.55104 -2.825 -24.5302 1.58484 -2.825 -24.7059 1.59939 -2.825 -24.8821 1.59454 -2.825 -25.0567 1.57032 -2.825 -25.2276 1.52705 -2.825 -25.3927 1.46524 -2.825 -25.55 1.38564 -2.825 -25.6976 1.28922 -2.825 -25.8337 1.17716 -2.825 -25.9566 1.0508 -2.825 -26.0648 0.911693 -2.825 -26.1572 0.761516 -2.825 -26.2324 0.602095 -2.825 -26.2896 0.435366 -2.825 -26.3282 0.263351 -2.825 -26.3476 0.0881404 -2.825 -26.3476 -0.0881404 -2.825 -26.3282 -0.263351 -2.825 -26.2896 -0.435366 -2.825 -26.2324 -0.602095 -2.825 -26.1572 -0.761516 -2.825 -26.0648 -0.911693 -2.825 -25.9566 -1.0508 -2.825 -25.8337 -1.17716 -2.825 -25.6976 -1.28922 -2.825 -25.55 -1.38564 -2.825 -25.3927 -1.46524 -2.825 -25.2276 -1.52705 -2.825 -25.0567 -1.57032 -2.825 -24.8821 -1.59454 -2.825 -24.7059 -1.59939 -2.825 -24.5302 -1.58484 -2.825 -24.3572 -1.55104 -2.825 -24.189 -1.49842 -2.825 -24.0275 -1.42761 -2.825 -23.8749 -1.33947 -2.825 -23.7328 -1.23507 -2.825 -23.6031 -1.11567 -2.825 -23.4874 -0.98274 -2.825 -23.3869 -0.837877 -2.825 -23.303 -0.682842 -2.825 -23.2367 -0.519519 -2.825 -23.1887 -0.34989 -2.825 -23.1597 -0.176013 -2.825 -23.1597 0.176013 2.825 -23.15 0 2.825 -23.1597 -0.176013 2.825 -23.1887 -0.34989 2.825 -23.2367 -0.519519 2.825 -23.303 -0.682842 2.825 -23.3869 -0.837877 2.825 -23.4874 -0.98274 2.825 -23.6031 -1.11567 2.825 -23.7328 -1.23507 2.825 -23.8749 -1.33947 2.825 -24.0275 -1.42761 2.825 -24.189 -1.49842 2.825 -24.3572 -1.55104 2.825 -24.5302 -1.58484 2.825 -24.7059 -1.59939 2.825 -24.8821 -1.59454 2.825 -25.0567 -1.57032 2.825 -25.2276 -1.52705 2.825 -25.3927 -1.46524 2.825 -25.55 -1.38564 2.825 -25.6976 -1.28922 2.825 -25.8337 -1.17716 2.825 -25.9566 -1.0508 2.825 -26.0648 -0.911693 2.825 -26.1572 -0.761516 2.825 -26.2324 -0.602095 2.825 -26.2896 -0.435366 2.825 -26.3282 -0.263351 2.825 -26.3476 -0.0881404 2.825 -26.3476 0.0881404 2.825 -26.3282 0.263351 2.825 -26.2896 0.435366 2.825 -26.2324 0.602095 2.825 -26.1572 0.761516 2.825 -26.0648 0.911693 2.825 -25.9566 1.0508 2.825 -25.8337 1.17716 2.825 -25.6976 1.28922 2.825 -25.55 1.38564 2.825 -25.3927 1.46524 2.825 -25.2276 1.52705 2.825 -25.0567 1.57032 2.825 -24.8821 1.59454 2.825 -24.7059 1.59939 2.825 -24.5302 1.58484 2.825 -24.3572 1.55104 2.825 -24.189 1.49842 2.825 -24.0275 1.42761 2.825 -23.8749 1.33947 2.825 -23.7328 1.23507 2.825 -23.6031 1.11567 2.825 -23.4874 0.98274 2.825 -23.3869 0.837877 2.825 -23.303 0.682842 2.825 -23.2367 0.519519 2.825 -23.1887 0.34989 2.825 -23.15 0 3.725 -23.1597 -0.176013 3.725 -23.1887 -0.34989 3.725 -23.2367 -0.519519 3.725 -23.303 -0.682842 3.725 -23.3869 -0.837877 3.725 -23.4874 -0.98274 3.725 -23.6031 -1.11567 3.725 -23.7328 -1.23507 3.725 -23.8749 -1.33947 3.725 -24.0275 -1.42761 3.725 -24.189 -1.49842 3.725 -24.3572 -1.55104 3.725 -24.5302 -1.58484 3.725 -24.7059 -1.59939 3.725 -24.8821 -1.59454 3.725 -25.0567 -1.57032 3.725 -25.2276 -1.52705 3.725 -25.3927 -1.46524 3.725 -25.55 -1.38564 3.725 -25.6976 -1.28922 3.725 -25.8337 -1.17716 3.725 -25.9566 -1.0508 3.725 -26.0648 -0.911693 3.725 -26.1572 -0.761516 3.725 -26.2324 -0.602095 3.725 -26.2896 -0.435366 3.725 -26.3282 -0.263351 3.725 -26.3476 -0.0881404 3.725 -26.3476 0.0881404 3.725 -26.3282 0.263351 3.725 -26.2896 0.435366 3.725 -26.2324 0.602095 3.725 -26.1572 0.761516 3.725 -26.0648 0.911693 3.725 -25.9566 1.0508 3.725 -25.8337 1.17716 3.725 -25.6976 1.28922 3.725 -25.55 1.38564 3.725 -25.3927 1.46524 3.725 -25.2276 1.52705 3.725 -25.0567 1.57032 3.725 -24.8821 1.59454 3.725 -24.7059 1.59939 3.725 -24.5302 1.58484 3.725 -24.3572 1.55104 3.725 -24.189 1.49842 3.725 -24.0275 1.42761 3.725 -23.8749 1.33947 3.725 -23.7328 1.23507 3.725 -23.6031 1.11567 3.725 -23.4874 0.98274 3.725 -23.3869 0.837877 3.725 -23.303 0.682842 3.725 -23.2367 0.519519 3.725 -23.1887 0.34989 3.725 -23.1597 0.176013 3.725 -26.3476 0.0881404 -2.825 -26.3476 -0.0881404 -2.825 -26.3282 -0.263351 -2.825 -26.2896 -0.435366 -2.825 -26.2324 -0.602095 -2.825 -26.1572 -0.761516 -2.825 -26.0648 -0.911693 -2.825 -25.9566 -1.0508 -2.825 -25.8337 -1.17716 -2.825 -25.6976 -1.28922 -2.825 -25.55 -1.38564 -2.825 -25.3927 -1.46524 -2.825 -25.2276 -1.52705 -2.825 -25.0567 -1.57032 -2.825 -24.8821 -1.59454 -2.825 -24.7059 -1.59939 -2.825 -24.5302 -1.58484 -2.825 -24.3572 -1.55104 -2.825 -24.189 -1.49842 -2.825 -24.0275 -1.42761 -2.825 -23.8749 -1.33947 -2.825 -23.7328 -1.23507 -2.825 -23.6031 -1.11567 -2.825 -23.4874 -0.98274 -2.825 -23.3869 -0.837877 -2.825 -23.303 -0.682842 -2.825 -23.2367 -0.519519 -2.825 -23.1887 -0.34989 -2.825 -23.1597 -0.176013 -2.825 -23.15 0 -2.825 -23.1597 0.176013 -2.825 -23.1887 0.34989 -2.825 -23.2367 0.519519 -2.825 -23.303 0.682842 -2.825 -23.3869 0.837877 -2.825 -23.4874 0.98274 -2.825 -23.6031 1.11567 -2.825 -23.7328 1.23507 -2.825 -23.8749 1.33947 -2.825 -24.0275 1.42761 -2.825 -24.189 1.49842 -2.825 -24.3572 1.55104 -2.825 -24.5302 1.58484 -2.825 -24.7059 1.59939 -2.825 -24.8821 1.59454 -2.825 -25.0567 1.57032 -2.825 -25.2276 1.52705 -2.825 -25.3927 1.46524 -2.825 -25.55 1.38564 -2.825 -25.6976 1.28922 -2.825 -25.8337 1.17716 -2.825 -25.9566 1.0508 -2.825 -26.0648 0.911693 -2.825 -26.1572 0.761516 -2.825 -26.2324 0.602095 -2.825 -26.2896 0.435366 -2.825 -26.3282 0.263351 -2.825 -26.35 0 -3.725 -26.3403 -0.176013 -3.725 -26.3113 -0.34989 -3.725 -26.2633 -0.519519 -3.725 -26.197 -0.682842 -3.725 -26.1131 -0.837877 -3.725 -26.0126 -0.98274 -3.725 -25.8969 -1.11567 -3.725 -25.7672 -1.23507 -3.725 -25.6251 -1.33947 -3.725 -25.4725 -1.42761 -3.725 -25.311 -1.49842 -3.725 -25.1428 -1.55104 -3.725 -24.9698 -1.58484 -3.725 -24.7941 -1.59939 -3.725 -24.6179 -1.59454 -3.725 -24.4433 -1.57032 -3.725 -24.2724 -1.52705 -3.725 -24.1073 -1.46524 -3.725 -23.95 -1.38564 -3.725 -23.8024 -1.28922 -3.725 -23.6663 -1.17716 -3.725 -23.5434 -1.0508 -3.725 -23.4352 -0.911693 -3.725 -23.3428 -0.761516 -3.725 -23.2676 -0.602095 -3.725 -23.2104 -0.435366 -3.725 -23.1718 -0.263351 -3.725 -23.1524 -0.0881404 -3.725 -23.1524 0.0881404 -3.725 -23.1718 0.263351 -3.725 -23.2104 0.435366 -3.725 -23.2676 0.602095 -3.725 -23.3428 0.761516 -3.725 -23.4352 0.911693 -3.725 -23.5434 1.0508 -3.725 -23.6663 1.17716 -3.725 -23.8024 1.28922 -3.725 -23.95 1.38564 -3.725 -24.1073 1.46524 -3.725 -24.2724 1.52705 -3.725 -24.4433 1.57032 -3.725 -24.6179 1.59454 -3.725 -24.7941 1.59939 -3.725 -24.9698 1.58484 -3.725 -25.1428 1.55104 -3.725 -25.311 1.49842 -3.725 -25.4725 1.42761 -3.725 -25.6251 1.33947 -3.725 -25.7672 1.23507 -3.725 -25.8969 1.11567 -3.725 -26.0126 0.98274 -3.725 -26.1131 0.837877 -3.725 -26.197 0.682842 -3.725 -26.2633 0.519519 -3.725 -26.3113 0.34989 -3.725 -26.3403 0.176013 -3.725 -22.3524 -0.107676 3.725 -22.3524 0.107676 3.725 -22.3717 0.32216 3.725 -22.4102 0.53405 3.725 -22.4675 0.741641 3.725 -22.5431 0.94326 3.725 -22.6366 1.13728 3.725 -22.747 1.32215 3.725 -22.8736 1.49638 3.725 -23.0153 1.65855 3.725 -23.1709 1.80737 3.725 -23.3393 1.94164 3.725 -23.519 2.06028 3.725 -23.7087 2.16233 3.725 -23.9067 2.24696 3.725 -24.1115 2.31351 3.725 -24.3215 2.36143 3.725 -24.5349 2.39034 3.725 -24.75 2.4 3.725 -24.9651 2.39034 3.725 -25.1785 2.36143 3.725 -25.3885 2.31351 3.725 -25.5933 2.24696 3.725 -25.7913 2.16233 3.725 -25.981 2.06028 3.725 -26.1607 1.94164 3.725 -26.3291 1.80737 3.725 -26.4847 1.65855 3.725 -26.6264 1.49638 3.725 -26.753 1.32215 3.725 -26.8634 1.13728 3.725 -26.9569 0.94326 3.725 -27.0325 0.741641 3.725 -27.0898 0.53405 3.725 -27.1283 0.32216 3.725 -27.1476 0.107676 3.725 -27.1476 -0.107676 3.725 -27.1283 -0.32216 3.725 -27.0898 -0.53405 3.725 -27.0325 -0.741641 3.725 -26.9569 -0.94326 3.725 -26.8634 -1.13728 3.725 -26.753 -1.32215 3.725 -26.6264 -1.49638 3.725 -26.4847 -1.65855 3.725 -26.3291 -1.80737 3.725 -26.1607 -1.94164 3.725 -25.981 -2.06028 3.725 -25.7913 -2.16233 3.725 -25.5933 -2.24696 3.725 -25.3885 -2.31351 3.725 -25.1785 -2.36143 3.725 -24.9651 -2.39034 3.725 -24.75 -2.4 3.725 -24.5349 -2.39034 3.725 -24.3215 -2.36143 3.725 -24.1115 -2.31351 3.725 -23.9067 -2.24696 3.725 -23.7087 -2.16233 3.725 -23.519 -2.06028 3.725 -23.3393 -1.94164 3.725 -23.1709 -1.80737 3.725 -23.0153 -1.65855 3.725 -22.8736 -1.49638 3.725 -22.747 -1.32215 3.725 -22.6366 -1.13728 3.725 -22.5431 -0.94326 3.725 -22.4675 -0.741641 3.725 -22.4102 -0.53405 3.725 -22.3717 -0.32216 3.725 -23.15 0 3.725 -23.1597 0.176013 3.725 -23.1887 0.34989 3.725 -23.2367 0.519519 3.725 -23.303 0.682842 3.725 -23.3869 0.837877 3.725 -23.4874 0.98274 3.725 -23.6031 1.11567 3.725 -23.7328 1.23507 3.725 -23.8749 1.33947 3.725 -24.0275 1.42761 3.725 -24.189 1.49842 3.725 -24.3572 1.55104 3.725 -24.5302 1.58484 3.725 -24.7059 1.59939 3.725 -24.8821 1.59454 3.725 -25.0567 1.57032 3.725 -25.2276 1.52705 3.725 -25.3927 1.46524 3.725 -25.55 1.38564 3.725 -25.6976 1.28922 3.725 -25.8337 1.17716 3.725 -25.9566 1.0508 3.725 -26.0648 0.911693 3.725 -26.1572 0.761516 3.725 -26.2324 0.602095 3.725 -26.2896 0.435366 3.725 -26.3282 0.263351 3.725 -26.3476 0.0881404 3.725 -26.3476 -0.0881404 3.725 -26.3282 -0.263351 3.725 -26.2896 -0.435366 3.725 -26.2324 -0.602095 3.725 -26.1572 -0.761516 3.725 -26.0648 -0.911693 3.725 -25.9566 -1.0508 3.725 -25.8337 -1.17716 3.725 -25.6976 -1.28922 3.725 -25.55 -1.38564 3.725 -25.3927 -1.46524 3.725 -25.2276 -1.52705 3.725 -25.0567 -1.57032 3.725 -24.8821 -1.59454 3.725 -24.7059 -1.59939 3.725 -24.5302 -1.58484 3.725 -24.3572 -1.55104 3.725 -24.189 -1.49842 3.725 -24.0275 -1.42761 3.725 -23.8749 -1.33947 3.725 -23.7328 -1.23507 3.725 -23.6031 -1.11567 3.725 -23.4874 -0.98274 3.725 -23.3869 -0.837877 3.725 -23.303 -0.682842 3.725 -23.2367 -0.519519 3.725 -23.1887 -0.34989 3.725 -23.1597 -0.176013 3.725 -27.1476 -0.107676 -3.725 -27.1476 0.107676 -3.725 -27.1283 0.32216 -3.725 -27.0898 0.53405 -3.725 -27.0325 0.741641 -3.725 -26.9569 0.94326 -3.725 -26.8634 1.13728 -3.725 -26.753 1.32215 -3.725 -26.6264 1.49638 -3.725 -26.4847 1.65855 -3.725 -26.3291 1.80737 -3.725 -26.1607 1.94164 -3.725 -25.981 2.06028 -3.725 -25.7913 2.16233 -3.725 -25.5933 2.24696 -3.725 -25.3885 2.31351 -3.725 -25.1785 2.36143 -3.725 -24.9651 2.39034 -3.725 -24.75 2.4 -3.725 -24.5349 2.39034 -3.725 -24.3215 2.36143 -3.725 -24.1115 2.31351 -3.725 -23.9067 2.24696 -3.725 -23.7087 2.16233 -3.725 -23.519 2.06028 -3.725 -23.3393 1.94164 -3.725 -23.1709 1.80737 -3.725 -23.0153 1.65855 -3.725 -22.8736 1.49638 -3.725 -22.747 1.32215 -3.725 -22.6366 1.13728 -3.725 -22.5431 0.94326 -3.725 -22.4675 0.741641 -3.725 -22.4102 0.53405 -3.725 -22.3717 0.32216 -3.725 -22.3524 0.107676 -3.725 -22.3524 -0.107676 -3.725 -22.3717 -0.32216 -3.725 -22.4102 -0.53405 -3.725 -22.4675 -0.741641 -3.725 -22.5431 -0.94326 -3.725 -22.6366 -1.13728 -3.725 -22.747 -1.32215 -3.725 -22.8736 -1.49638 -3.725 -23.0153 -1.65855 -3.725 -23.1709 -1.80737 -3.725 -23.3393 -1.94164 -3.725 -23.519 -2.06028 -3.725 -23.7087 -2.16233 -3.725 -23.9067 -2.24696 -3.725 -24.1115 -2.31351 -3.725 -24.3215 -2.36143 -3.725 -24.5349 -2.39034 -3.725 -24.75 -2.4 -3.725 -24.9651 -2.39034 -3.725 -25.1785 -2.36143 -3.725 -25.3885 -2.31351 -3.725 -25.5933 -2.24696 -3.725 -25.7913 -2.16233 -3.725 -25.981 -2.06028 -3.725 -26.1607 -1.94164 -3.725 -26.3291 -1.80737 -3.725 -26.4847 -1.65855 -3.725 -26.6264 -1.49638 -3.725 -26.753 -1.32215 -3.725 -26.8634 -1.13728 -3.725 -26.9569 -0.94326 -3.725 -27.0325 -0.741641 -3.725 -27.0898 -0.53405 -3.725 -27.1283 -0.32216 -3.725 -26.35 0 -3.725 -26.3403 0.176013 -3.725 -26.3113 0.34989 -3.725 -26.2633 0.519519 -3.725 -26.197 0.682842 -3.725 -26.1131 0.837877 -3.725 -26.0126 0.98274 -3.725 -25.8969 1.11567 -3.725 -25.7672 1.23507 -3.725 -25.6251 1.33947 -3.725 -25.4725 1.42761 -3.725 -25.311 1.49842 -3.725 -25.1428 1.55104 -3.725 -24.9698 1.58484 -3.725 -24.7941 1.59939 -3.725 -24.6179 1.59454 -3.725 -24.4433 1.57032 -3.725 -24.2724 1.52705 -3.725 -24.1073 1.46524 -3.725 -23.95 1.38564 -3.725 -23.8024 1.28922 -3.725 -23.6663 1.17716 -3.725 -23.5434 1.0508 -3.725 -23.4352 0.911693 -3.725 -23.3428 0.761516 -3.725 -23.2676 0.602095 -3.725 -23.2104 0.435366 -3.725 -23.1718 0.263351 -3.725 -23.1524 0.0881404 -3.725 -23.1524 -0.0881404 -3.725 -23.1718 -0.263351 -3.725 -23.2104 -0.435366 -3.725 -23.2676 -0.602095 -3.725 -23.3428 -0.761516 -3.725 -23.4352 -0.911693 -3.725 -23.5434 -1.0508 -3.725 -23.6663 -1.17716 -3.725 -23.8024 -1.28922 -3.725 -23.95 -1.38564 -3.725 -24.1073 -1.46524 -3.725 -24.2724 -1.52705 -3.725 -24.4433 -1.57032 -3.725 -24.6179 -1.59454 -3.725 -24.7941 -1.59939 -3.725 -24.9698 -1.58484 -3.725 -25.1428 -1.55104 -3.725 -25.311 -1.49842 -3.725 -25.4725 -1.42761 -3.725 -25.6251 -1.33947 -3.725 -25.7672 -1.23507 -3.725 -25.8969 -1.11567 -3.725 -26.0126 -0.98274 -3.725 -26.1131 -0.837877 -3.725 -26.197 -0.682842 -3.725 -26.2633 -0.519519 -3.725 -26.3113 -0.34989 -3.725 -26.3403 -0.176013 -3.725 9.05 0.188151 -1.79014 9.05 0 -1.8 9.05 -0.188151 -1.79014 9.05 -0.374241 -1.76067 9.05 -0.556231 -1.7119 9.05 -0.732126 -1.64438 9.05 -0.9 -1.55885 9.05 -1.05801 -1.45623 9.05 -1.20444 -1.33766 9.05 -1.33766 -1.20444 9.05 -1.45623 -1.05801 9.05 -1.55885 -0.9 9.05 -1.64438 -0.732126 9.05 -1.7119 -0.556231 9.05 -1.76067 -0.374241 9.05 -1.79014 -0.188151 9.05 -1.8 0 9.05 -1.79014 0.188151 9.05 -1.76067 0.374241 9.05 -1.7119 0.556231 9.05 -1.64438 0.732126 9.05 -1.55885 0.9 9.05 -1.45623 1.05801 9.05 -1.33766 1.20444 9.05 -1.20444 1.33766 9.05 -1.05801 1.45623 9.05 -0.9 1.55885 9.05 -0.732126 1.64438 9.05 -0.556231 1.7119 9.05 -0.374241 1.76067 9.05 -0.188151 1.79014 9.05 0 1.8 9.05 0.188151 1.79014 9.05 0.374241 1.76067 9.05 0.556231 1.7119 9.05 0.732126 1.64438 9.05 0.9 1.55885 9.05 1.05801 1.45623 9.05 1.20444 1.33766 9.05 1.33766 1.20444 9.05 1.45623 1.05801 9.05 1.55885 0.9 9.05 1.64438 0.732126 9.05 1.7119 0.556231 9.05 1.76067 0.374241 9.05 1.79014 0.188151 9.05 1.8 0 9.05 1.79014 -0.188151 9.05 1.76067 -0.374241 9.05 1.7119 -0.556231 9.05 1.64438 -0.732126 9.05 1.55885 -0.9 9.05 1.45623 -1.05801 9.05 1.33766 -1.20444 9.05 1.20444 -1.33766 9.05 1.05801 -1.45623 9.05 0.9 -1.55885 9.05 0.732126 -1.64438 9.05 0.556231 -1.7119 9.05 0.374241 -1.76067 9.05 0 -1.27 9.05 -0.156068 -1.26037 9.05 -0.30977 -1.23164 9.05 -0.458777 -1.18424 9.05 -0.600829 -1.11889 9.05 -0.733773 -1.03657 9.05 -0.855593 -0.938541 9.05 -0.964444 -0.826285 9.05 -1.05868 -0.701504 9.05 -1.13686 -0.566088 9.05 -1.19781 -0.422091 9.05 -1.2406 -0.271695 9.05 -1.26458 -0.117181 9.05 -1.2694 0.0391097 9.05 -1.25497 0.194807 9.05 -1.22152 0.347552 9.05 -1.16955 0.495028 9.05 -1.09985 0.635 9.05 -1.01348 0.765346 9.05 -0.911748 0.88409 9.05 -0.796193 0.989432 9.05 -0.668569 1.07978 9.05 -0.53081 1.15375 9.05 -0.385004 1.21024 9.05 -0.233362 1.24838 9.05 -0.0781823 1.26759 9.05 0.0781823 1.26759 9.05 0.233362 1.24838 9.05 0.385004 1.21024 9.05 0.53081 1.15375 9.05 0.668569 1.07978 9.05 0.796193 0.989432 9.05 0.911748 0.88409 9.05 1.01348 0.765346 9.05 1.09985 0.635 9.05 1.16955 0.495028 9.05 1.22152 0.347552 9.05 1.25497 0.194807 9.05 1.2694 0.0391097 9.05 1.26458 -0.117181 9.05 1.2406 -0.271695 9.05 1.19781 -0.422091 9.05 1.13686 -0.566088 9.05 1.05868 -0.701504 9.05 0.964444 -0.826285 9.05 0.855593 -0.938541 9.05 0.733773 -1.03657 9.05 0.600829 -1.11889 9.05 0.458777 -1.18424 9.05 0.30977 -1.23164 9.05 0.156068 -1.26037 9.05 1.45623 -1.05801 9.05 1.55885 -0.9 9.05 1.64438 -0.732126 9.05 1.7119 -0.556231 9.05 1.76067 -0.374241 9.05 1.79014 -0.188151 9.05 1.8 0 9.05 1.79014 0.188151 9.05 1.76067 0.374241 9.05 1.7119 0.556231 9.05 1.64438 0.732126 9.05 1.55885 0.9 9.05 1.45623 1.05801 9.05 1.33766 1.20444 9.05 1.20444 1.33766 9.05 1.05801 1.45623 9.05 0.9 1.55885 9.05 0.732126 1.64438 9.05 0.556231 1.7119 9.05 0.374241 1.76067 9.05 0.188151 1.79014 9.05 0 1.8 9.05 -0.188151 1.79014 9.05 -0.374241 1.76067 9.05 -0.556231 1.7119 9.05 -0.732126 1.64438 9.05 -0.9 1.55885 9.05 -1.05801 1.45623 9.05 -1.20444 1.33766 9.05 -1.33766 1.20444 9.05 -1.45623 1.05801 9.05 -1.55885 0.9 9.05 -1.64438 0.732126 9.05 -1.7119 0.556231 9.05 -1.76067 0.374241 9.05 -1.79014 0.188151 9.05 -1.8 0 9.05 -1.79014 -0.188151 9.05 -1.76067 -0.374241 9.05 -1.7119 -0.556231 9.05 -1.64438 -0.732126 9.05 -1.55885 -0.9 9.05 -1.45623 -1.05801 9.05 -1.33766 -1.20444 9.05 -1.20444 -1.33766 9.05 -1.05801 -1.45623 9.05 -0.9 -1.55885 9.05 -0.732126 -1.64438 9.05 -0.556231 -1.7119 9.05 -0.374241 -1.76067 9.05 -0.188151 -1.79014 9.05 0 -1.8 9.05 0.188151 -1.79014 9.05 0.374241 -1.76067 9.05 0.556231 -1.7119 9.05 0.732126 -1.64438 9.05 0.9 -1.55885 9.05 1.05801 -1.45623 9.05 1.20444 -1.33766 9.05 1.33766 -1.20444 11.75 1.45714 -1.05676 11.75 1.55949 -0.898879 11.75 1.6448 -0.73118 11.75 1.71214 -0.555492 11.75 1.76077 -0.373735 11.75 1.79017 -0.187894 11.75 1.8 0 11.75 1.79017 0.187894 11.75 1.76077 0.373735 11.75 1.71214 0.555492 11.75 1.6448 0.73118 11.75 1.55949 0.898879 11.75 1.45714 1.05676 11.75 1.33858 1.20341 11.75 1.20533 1.33685 11.75 1.05885 1.45562 11.75 0.900747 1.55841 11.75 0.732756 1.6441 11.75 0.556723 1.71174 11.75 0.374579 1.76059 11.75 0.188323 1.79012 11.75 0 1.8 11.75 -0.188323 1.79012 11.75 -0.374579 1.76059 11.75 -0.556723 1.71174 11.75 -0.732756 1.6441 11.75 -0.900747 1.55841 11.75 -1.05885 1.45562 11.75 -1.20533 1.33685 11.75 -1.33858 1.20341 11.75 -1.45714 1.05676 11.75 -1.55949 0.898879 11.75 -1.6448 0.73118 11.75 -1.71214 0.555492 11.75 -1.76077 0.373735 11.75 -1.79017 0.187894 11.75 -1.8 0 11.75 -1.79017 -0.187894 11.75 -1.76077 -0.373735 11.75 -1.71214 -0.555492 11.75 -1.6448 -0.73118 11.75 -1.55949 -0.898879 11.75 -1.45714 -1.05676 11.75 -1.33858 -1.20341 11.75 -1.20533 -1.33685 11.75 -1.05885 -1.45562 11.75 -0.900747 -1.55841 11.75 -0.732756 -1.6441 11.75 -0.556723 -1.71174 11.75 -0.374579 -1.76059 11.75 -0.188323 -1.79012 11.75 0 -1.8 11.75 0.188323 -1.79012 11.75 0.374579 -1.76059 11.75 0.556723 -1.71174 11.75 0.732756 -1.6441 11.75 0.900747 -1.55841 11.75 1.05885 -1.45562 11.75 1.20533 -1.33685 11.75 1.33858 -1.20341 11.7505 1.45672 -1.05734 11.796 1.4592 -1.04785 11.7876 1.55733 -0.897902 11.7876 1.64258 -0.730348 11.7876 1.70986 -0.554849 11.7876 1.75845 -0.373298 11.7876 1.78781 -0.187674 11.7876 1.79763 -3.08258e-06 11.7876 1.78781 0.187674 11.7876 1.75845 0.373298 11.7876 1.70986 0.554849 11.7876 1.64258 0.730348 11.7876 1.55733 0.897902 11.7959 1.45922 1.04777 11.7505 1.45672 1.05734 11.7857 1.43351 1.09213 11.8246 1.37723 1.17356 11.8246 1.26481 1.29394 11.8246 1.14191 1.40359 11.8246 1.00954 1.50162 11.8246 0.868808 1.5872 11.8246 0.720877 1.65963 11.8246 0.566972 1.7183 11.8246 0.40837 1.76274 11.8246 0.246383 1.79257 11.8246 0.0823553 1.80755 11.8246 -0.0823553 1.80755 11.8246 -0.246383 1.79257 11.8246 -0.40837 1.76274 11.8246 -0.566972 1.7183 11.8246 -0.720877 1.65963 11.8246 -0.868808 1.5872 11.8246 -1.00954 1.50162 11.8246 -1.14191 1.40359 11.8246 -1.26481 1.29394 11.8246 -1.37723 1.17356 11.7857 -1.43352 1.09211 11.7505 -1.45672 1.05734 11.796 -1.4592 1.04785 11.7876 -1.55733 0.897902 11.7876 -1.64258 0.730348 11.7876 -1.70986 0.554849 11.7876 -1.75845 0.373298 11.7876 -1.78781 0.187674 11.7876 -1.79763 3.08258e-06 11.7876 -1.78781 -0.187674 11.7876 -1.75845 -0.373298 11.7876 -1.70986 -0.554849 11.7876 -1.64258 -0.730348 11.7876 -1.55733 -0.897902 11.7959 -1.45922 -1.04777 11.7505 -1.45672 -1.05734 11.7857 -1.43351 -1.09213 11.8239 -1.4156 -1.1267 11.8246 -1.32237 -1.23505 11.8246 -1.20461 -1.35016 11.8246 -1.07684 -1.45411 11.8246 -0.93998 -1.54611 11.8246 -0.795583 -1.62514 11.8246 -0.644593 -1.69072 11.8246 -0.488177 -1.74233 11.8246 -0.327716 -1.7795 11.8246 -0.16454 -1.80193 11.8246 0 -1.80942 11.8246 0.16454 -1.80193 11.8246 0.327716 -1.7795 11.8246 0.488177 -1.74233 11.8246 0.644593 -1.69072 11.8246 0.795584 -1.62514 11.8246 0.939989 -1.5461 11.8246 1.07684 -1.45411 11.8246 1.20461 -1.35016 11.8246 1.32237 -1.23505 11.8239 1.4156 -1.12668 11.7857 1.43352 -1.09211 11.8639 1.40407 -1.16188 11.9043 1.4 -1.19818 11.9499 1.4 -1.24916 11.9863 1.4 -1.30765 12.0151 1.4 -1.37136 12.0197 1.27502 -1.50007 12.0011 1.13889 -1.56543 11.9797 0.990301 -1.62979 11.9566 0.827524 -1.69082 11.933 0.648719 -1.74567 11.9217 0.552621 -1.76969 11.9111 0.451622 -1.79083 11.9017 0.345487 -1.80847 11.8942 0.234209 -1.8219 11.8892 0.118354 -1.83037 11.8874 -1.21035e-05 -1.83333 11.8892 -0.118438 -1.8304 11.8941 -0.234226 -1.8219 11.9016 -0.345375 -1.8085 11.9109 -0.451398 -1.79092 11.9216 -0.552445 -1.76977 11.933 -0.648669 -1.74567 11.9565 -0.827532 -1.69084 11.9797 -0.990273 -1.62982 12.0011 -1.13886 -1.56545 12.0197 -1.27504 -1.50008 12.0151 -1.4 -1.37136 11.9863 -1.4 -1.30765 11.9499 -1.4 -1.24916 11.9043 -1.4 -1.19818 11.8639 -1.40406 -1.1619 11.8945 -1.34259 -1.25396 11.8945 -1.22304 -1.37082 11.8945 -1.09331 -1.47636 11.8945 -0.95419 -1.56987 11.8945 -0.80767 -1.65004 11.8945 -0.654454 -1.71658 11.8945 -0.495646 -1.76898 11.8945 -0.33273 -1.80673 11.8945 0.33273 -1.80673 11.8945 0.495646 -1.76898 11.8945 0.654454 -1.71658 11.8945 0.807672 -1.65004 11.8945 0.954208 -1.56986 11.8945 1.09331 -1.47636 11.8945 1.22304 -1.37082 11.8945 1.34259 -1.25396 11.9554 1.37487 -1.28416 11.9554 1.25246 -1.4038 12.0033 1.29104 -1.44704 11.9554 1.11962 -1.51188 11.9554 0.977001 -1.60773 11.9554 0.827019 -1.68978 11.9554 -0.827016 -1.68978 11.9554 -0.976973 -1.60775 11.9554 -1.11962 -1.51188 11.9554 -1.25246 -1.4038 12.0033 -1.29104 -1.44704 11.9554 -1.37487 -1.28416 11.839 -1.46507 -1.02228 11.8773 -1.47399 -0.982931 11.91 -1.48512 -0.932772 11.9374 -1.49768 -0.874452 11.9598 -1.51103 -0.809896 11.978 -1.52465 -0.740458 11.9926 -1.53807 -0.667077 12.013 -1.56285 -0.511091 12.0249 -1.5827 -0.345863 12.031 -1.59554 -0.174507 12.0329 -1.59997 2.68786e-05 12.031 -1.59553 0.174543 12.025 -1.58263 0.345909 12.013 -1.56284 0.511127 11.9926 -1.53802 0.667294 11.9781 -1.5246 0.740673 11.9599 -1.51102 0.809968 11.9374 -1.49768 0.874456 11.91 -1.48511 0.932822 11.8773 -1.47399 0.982906 11.839 -1.46507 1.02229 11.8604 -1.54089 0.888966 11.8604 -1.62538 0.723004 11.8604 -1.69202 0.549248 11.8604 -1.74013 0.369523 11.8604 -1.76921 0.185774 11.8604 -1.77893 9.15153e-06 11.8604 -1.76921 -0.185774 11.8604 -1.74013 -0.369523 11.8604 -1.69202 -0.549248 11.8604 -1.62538 -0.723004 11.8604 -1.54089 -0.888966 11.9263 -1.50928 -0.871258 11.9263 -1.59217 -0.708529 11.9812 -1.54503 -0.687841 11.9812 -1.60849 -0.522494 11.9812 -1.65429 -0.35151 12.0214 -1.59217 -0.338413 12.0214 -1.61882 -0.170129 12.0214 -1.62773 2.51211e-05 12.0214 -1.61882 0.170129 12.0214 -1.59217 0.338413 11.9812 -1.65429 0.35151 11.9812 -1.60849 0.522494 11.9812 -1.54503 0.687841 11.9263 -1.59217 0.708529 11.9263 -1.50928 0.871258 11.9263 -1.65751 0.53823 11.9263 -1.70467 0.362104 11.9263 -1.73317 0.182042 11.9263 -1.74271 1.49419e-05 11.9263 -1.73317 -0.182042 11.9263 -1.70467 -0.362104 11.9263 -1.65751 -0.53823 11.9812 -1.68197 -0.176715 11.9812 -1.69123 2.03008e-05 11.9812 -1.68197 0.176715 11.8239 -1.4156 1.12668 11.8639 -1.40407 1.16188 11.9043 -1.4 1.19818 11.9499 -1.4 1.24916 11.9863 -1.4 1.30765 12.0151 -1.4 1.37136 12.0197 -1.27502 1.50007 12.0011 -1.13889 1.56543 11.9797 -0.990301 1.62979 11.9566 -0.827524 1.69082 11.933 -0.648719 1.74567 11.9217 -0.552621 1.76969 11.9111 -0.451622 1.79083 11.9017 -0.345487 1.80847 11.8942 -0.234209 1.8219 11.8892 -0.118354 1.83037 11.8874 1.21035e-05 1.83333 11.8892 0.118438 1.8304 11.8941 0.234226 1.8219 11.9016 0.345375 1.8085 11.9109 0.451398 1.79092 11.9216 0.552445 1.76977 11.933 0.648669 1.74567 11.9565 0.827532 1.69084 11.9797 0.990273 1.62982 12.0011 1.13886 1.56545 12.0197 1.27504 1.50008 12.0151 1.4 1.37136 11.9863 1.4 1.30765 11.9499 1.4 1.24916 11.9043 1.4 1.19818 11.8639 1.40406 1.1619 11.8239 1.4156 1.1267 11.8945 1.28416 1.31373 11.8945 1.15938 1.42507 11.8945 1.02499 1.52459 11.8945 0.8821 1.61148 11.8945 0.731906 1.68502 11.8945 0.575647 1.74459 11.8945 0.414618 1.78971 11.8945 0.250153 1.82 11.8945 -0.250153 1.82 11.8945 -0.414618 1.78971 11.8945 -0.575647 1.74459 11.8945 -0.731906 1.68502 11.8945 -0.8821 1.61148 11.8945 -1.02499 1.52459 11.8945 -1.15938 1.42507 11.8945 -1.28416 1.31373 11.8945 -1.39831 1.19152 11.9554 -1.31506 1.34534 12.0033 -1.35556 1.38678 12.0033 -1.22384 1.5043 11.9554 -1.18727 1.45935 11.9554 -1.04965 1.56127 11.9554 -0.903324 1.65025 11.9554 0.903324 1.65025 11.9554 1.04965 1.56127 12.0033 1.22384 1.5043 12.0033 1.35556 1.38678 11.9554 1.31506 1.34534 11.8945 1.39831 1.19152 11.9554 1.18727 1.45935 11.839 1.46507 1.02228 11.8773 1.47399 0.982931 11.91 1.48512 0.932772 11.9374 1.49768 0.874452 11.9598 1.51103 0.809896 11.978 1.52465 0.740458 11.9926 1.53807 0.667077 12.013 1.56285 0.511091 12.0249 1.5827 0.345863 12.031 1.59554 0.174507 12.0329 1.59997 -2.68786e-05 12.031 1.59553 -0.174543 12.025 1.58263 -0.345909 12.013 1.56284 -0.511127 11.9926 1.53802 -0.667294 11.9781 1.5246 -0.740673 11.9599 1.51102 -0.809968 11.9374 1.49768 -0.874456 11.91 1.48511 -0.932822 11.8773 1.47399 -0.982906 11.839 1.46507 -1.02229 11.8604 1.54089 -0.888966 11.8604 1.62538 -0.723004 11.8604 1.69202 -0.549248 11.8604 1.74013 -0.369523 11.8604 1.76921 -0.185774 11.8604 1.77893 -9.15153e-06 11.8604 1.76921 0.185774 11.8604 1.74013 0.369523 11.8604 1.69202 0.549248 11.8604 1.62538 0.723004 11.8604 1.54089 0.888966 11.9263 1.50928 0.871258 11.9263 1.59217 0.708529 11.9812 1.54503 0.687841 11.9812 1.60849 0.522494 11.9812 1.65429 0.35151 12.0214 1.59217 0.338413 12.0214 1.61882 0.170129 12.0214 1.62773 -2.51211e-05 12.0214 1.61882 -0.170129 12.0214 1.59217 -0.338413 11.9812 1.65429 -0.35151 11.9812 1.60849 -0.522494 11.9812 1.54503 -0.687841 11.9263 1.59217 -0.708529 11.9263 1.50928 -0.871258 11.9263 1.65751 -0.53823 11.9263 1.70467 -0.362104 11.9263 1.73317 -0.182042 11.9263 1.74271 -1.49419e-05 11.9263 1.73317 0.182042 11.9263 1.70467 0.362104 11.9263 1.65751 0.53823 11.9812 1.68197 0.176715 11.9812 1.69123 -2.03008e-05 11.9812 1.68197 -0.176715 12.05 0.97 0 12.05 0.960127 -0.138045 12.05 0.930708 -0.273281 12.05 0.882343 -0.402953 12.05 0.816016 -0.524422 12.05 0.733077 -0.635215 12.05 0.635215 -0.733077 12.05 0.524422 -0.816016 12.05 0.402953 -0.882343 12.05 0.273281 -0.930708 12.05 0.138045 -0.960127 12.05 0 -0.97 12.05 -0.138045 -0.960127 12.05 -0.273281 -0.930708 12.05 -0.402953 -0.882343 12.05 -0.524422 -0.816016 12.05 -0.635215 -0.733077 12.05 -0.733077 -0.635215 12.05 -0.816016 -0.524422 12.05 -0.882343 -0.402953 12.05 -0.930708 -0.273281 12.05 -0.960127 -0.138045 12.05 -0.97 0 12.05 -0.960127 0.138045 12.05 -0.930708 0.273281 12.05 -0.882343 0.402953 12.05 -0.816016 0.524422 12.05 -0.733077 0.635215 12.05 -0.635215 0.733077 12.05 -0.524422 0.816016 12.05 -0.402953 0.882343 12.05 -0.273281 0.930708 12.05 -0.138045 0.960127 12.05 0 0.97 12.05 0.138045 0.960127 12.05 0.273281 0.930708 12.05 0.402953 0.882343 12.05 0.524422 0.816016 12.05 0.635215 0.733077 12.05 0.733077 0.635215 12.05 0.816016 0.524422 12.05 0.882343 0.402953 12.05 0.930708 0.273281 12.05 0.960127 0.138045 -12.05 0.97 0 -12.05 0.960127 0.138045 -12.05 0.930708 0.273281 -12.05 0.882343 0.402953 -12.05 0.816016 0.524422 -12.05 0.733077 0.635215 -12.05 0.635215 0.733077 -12.05 0.524422 0.816016 -12.05 0.402953 0.882343 -12.05 0.273281 0.930708 -12.05 0.138045 0.960127 -12.05 0 0.97 -12.05 -0.138045 0.960127 -12.05 -0.273281 0.930708 -12.05 -0.402953 0.882343 -12.05 -0.524422 0.816016 -12.05 -0.635215 0.733077 -12.05 -0.733077 0.635215 -12.05 -0.816016 0.524422 -12.05 -0.882343 0.402953 -12.05 -0.930708 0.273281 -12.05 -0.960127 0.138045 -12.05 -0.97 0 -12.05 -0.960127 -0.138045 -12.05 -0.930708 -0.273281 -12.05 -0.882343 -0.402953 -12.05 -0.816016 -0.524422 -12.05 -0.733077 -0.635215 -12.05 -0.635215 -0.733077 -12.05 -0.524422 -0.816016 -12.05 -0.402953 -0.882343 -12.05 -0.273281 -0.930708 -12.05 -0.138045 -0.960127 -12.05 0 -0.97 -12.05 0.138045 -0.960127 -12.05 0.273281 -0.930708 -12.05 0.402953 -0.882343 -12.05 0.524422 -0.816016 -12.05 0.635215 -0.733077 -12.05 0.733077 -0.635215 -12.05 0.816016 -0.524422 -12.05 0.882343 -0.402953 -12.05 0.930708 -0.273281 -12.05 0.960127 -0.138045 12.05 0.960127 -0.138045 12.05 0.97 0 12.05 0.960127 0.138045 12.05 0.930708 0.273281 12.05 0.882343 0.402953 12.05 0.816016 0.524422 12.05 0.733077 0.635215 12.05 0.635215 0.733077 12.05 0.524422 0.816016 12.05 0.402953 0.882343 12.05 0.273281 0.930708 12.05 0.138045 0.960127 12.05 0 0.97 12.05 -0.138045 0.960127 12.05 -0.273281 0.930708 12.05 -0.402953 0.882343 12.05 -0.524422 0.816016 12.05 -0.635215 0.733077 12.05 -0.733077 0.635215 12.05 -0.816016 0.524422 12.05 -0.882343 0.402953 12.05 -0.930708 0.273281 12.05 -0.960127 0.138045 12.05 -0.97 0 12.05 -0.960127 -0.138045 12.05 -0.930708 -0.273281 12.05 -0.882343 -0.402953 12.05 -0.816016 -0.524422 12.05 -0.733077 -0.635215 12.05 -0.635215 -0.733077 12.05 -0.524422 -0.816016 12.05 -0.402953 -0.882343 12.05 -0.273281 -0.930708 12.05 -0.138045 -0.960127 12.05 0 -0.97 12.05 0.138045 -0.960127 12.05 0.273281 -0.930708 12.05 0.402953 -0.882343 12.05 0.524422 -0.816016 12.05 0.635215 -0.733077 12.05 0.733077 -0.635215 12.05 0.816016 -0.524422 12.05 0.882343 -0.402953 12.05 0.930708 -0.273281 -12.05 0.97 0 -12.05 0.960127 0.138045 -12.05 0.930708 0.273281 -12.05 0.882343 0.402953 -12.05 0.816016 0.524422 -12.05 0.733077 0.635215 -12.05 0.635215 0.733077 -12.05 0.524422 0.816016 -12.05 0.402953 0.882343 -12.05 0.273281 0.930708 -12.05 0.138045 0.960127 -12.05 0 0.97 -12.05 -0.138045 0.960127 -12.05 -0.273281 0.930708 -12.05 -0.402953 0.882343 -12.05 -0.524422 0.816016 -12.05 -0.635215 0.733077 -12.05 -0.733077 0.635215 -12.05 -0.816016 0.524422 -12.05 -0.882343 0.402953 -12.05 -0.930708 0.273281 -12.05 -0.960127 0.138045 -12.05 -0.97 0 -12.05 -0.960127 -0.138045 -12.05 -0.930708 -0.273281 -12.05 -0.882343 -0.402953 -12.05 -0.816016 -0.524422 -12.05 -0.733077 -0.635215 -12.05 -0.635215 -0.733077 -12.05 -0.524422 -0.816016 -12.05 -0.402953 -0.882343 -12.05 -0.273281 -0.930708 -12.05 -0.138045 -0.960127 -12.05 0 -0.97 -12.05 0.138045 -0.960127 -12.05 0.273281 -0.930708 -12.05 0.402953 -0.882343 -12.05 0.524422 -0.816016 -12.05 0.635215 -0.733077 -12.05 0.733077 -0.635215 -12.05 0.816016 -0.524422 -12.05 0.882343 -0.402953 -12.05 0.930708 -0.273281 -12.05 0.960127 -0.138045 -24.9651 2.39034 3.725 -24.9651 2.39034 2.825 -24.9651 2.39034 3.725 -24.9651 -2.39034 2.825 -24.9651 -2.39034 2.825 -24.9651 -2.39034 3.725 -24.9651 -2.39034 -3.725 -24.9651 -2.39034 -2.825 -24.9651 -2.39034 -3.725 -24.9651 2.39034 -2.825 -24.9651 2.39034 -2.825 -24.9651 2.39034 -3.725 12.1806 1.4 -0.887963 12.1469 1.4 -0.955146 12.1469 1.4 -0.955146 12.1072 1.4 -1.01919 12.1072 1.4 -1.01919 12.1072 1.4 -1.01919 12.0607 1.4 -1.07854 12.0607 1.4 -1.07854 11.9985 1.40317 -1.08064 12.209 1.4 -0.818334 12.1806 1.4 -0.887963 12.1806 1.4 -0.887963 11.9985 1.40317 -1.08064 11.9985 1.40317 -1.08064 11.9985 1.40317 -1.08064 11.9638 1.40293 -1.1129 11.9638 1.40293 -1.1129 11.9638 1.40293 -1.1129 11.9259 1.40272 -1.14099 11.9259 1.40272 -1.14099 11.8639 1.40407 -1.16188 12.3133 1.4 0.150654 12.3158 1.4 -2.2636e-05 12.3158 1.4 -2.2636e-05 12.3158 1.4 -2.2636e-05 12.3133 1.4 -0.150697 12.3133 1.4 -0.150697 12.3133 1.4 -0.150697 12.3058 1.4 -0.301258 12.3058 1.4 -0.301258 12.2914 1.4 -0.451237 12.2914 1.4 -0.451237 12.2914 1.4 -0.451237 12.268 1.4 -0.600047 12.268 1.4 -0.600047 12.268 1.4 -0.600047 12.268 1.4 -0.600047 12.2326 1.4 -0.746787 12.2326 1.4 -0.746787 12.2326 1.4 -0.746787 12.209 1.4 -0.818334 12.209 1.4 -0.818334 11.8693 1.41012 -1.12921 11.8693 1.41012 -1.12921 11.8639 1.40407 -1.16188 15.25 1.4 -1.9 15.25 1.4 -1.3 15.25 1.4 -1.9 15.25 -1.4 -1.3 15.25 -1.4 -1.3 15.25 -1.4 -1.9 15.25 -1.4 1.9 15.25 -1.4 1.3 15.25 -1.4 1.9 15.25 1.4 1.3 15.25 1.4 1.3 15.25 1.4 1.9 12.1072 1.4 1.01914 12.1469 1.4 0.955145 12.1469 1.4 0.955145 12.1806 1.4 0.887758 12.1806 1.4 0.887758 12.1806 1.4 0.887758 12.2089 1.4 0.817941 12.2089 1.4 0.817941 12.2325 1.4 0.746389 12.2325 1.4 0.746389 12.2325 1.4 0.746389 12.268 1.4 0.600019 12.268 1.4 0.600019 12.268 1.4 0.600019 12.2913 1.4 0.451117 12.2913 1.4 0.451117 12.2913 1.4 0.451117 12.2913 1.4 0.451117 12.3056 1.4 0.301126 12.3056 1.4 0.301126 12.3056 1.4 0.301126 12.3133 1.4 0.150654 12.3133 1.4 0.150654 11.8239 1.4156 -1.12668 11.8239 1.4156 -1.12668 11.8255 1.41532 -1.12711 11.8255 1.41532 -1.12711 11.8693 1.41012 -1.12921 11.8239 1.4156 -1.12668 11.7857 1.43352 -1.09211 11.7857 1.43352 -1.09211 11.7857 1.43352 -1.09211 11.7792 1.44267 -1.07648 11.7792 1.44267 -1.07648 11.7857 1.43352 -1.09211 11.7792 1.44267 -1.07648 11.7505 1.45672 -1.05734 11.7505 1.45672 -1.05734 11.75 1.45714 -1.05676 11.7792 1.44267 -1.07648 11.7745 1.44253 1.07736 11.7745 1.44253 1.07736 11.7505 1.45672 1.05734 11.7505 1.45672 1.05734 11.75 1.45714 1.05676 11.7745 1.44253 1.07736 11.7857 1.43351 1.09213 11.7745 1.44253 1.07736 11.7857 1.43351 1.09213 11.7857 1.43351 1.09213 11.8058 1.42759 1.10023 11.8058 1.42759 1.10023 11.8239 1.4156 1.1267 11.8239 1.4156 1.1267 11.8239 1.4156 1.1267 11.8239 1.4156 1.1267 11.8639 1.40406 1.1619 11.8639 1.40406 1.1619 11.8997 1.4026 1.1566 12.0608 1.4 1.07848 12.1072 1.4 1.01914 12.1072 1.4 1.01914 11.8058 1.42759 1.10023 11.8058 1.42759 1.10023 11.8997 1.4026 1.1566 11.8997 1.4026 1.1566 11.9649 1.40293 1.11201 11.9649 1.40293 1.11201 12.0072 1.4 1.13137 12.0072 1.4 1.13137 12.0608 1.4 1.07848 12.0608 1.4 1.07848 11.9649 1.40293 1.11201 11.9649 1.40293 1.11201 11.9259 -1.40272 1.14099 11.8639 -1.40407 1.16188 11.8639 -1.40407 1.16188 11.8693 -1.41012 1.12921 11.8255 -1.41532 1.12711 11.8239 -1.4156 1.12668 11.8239 -1.4156 1.12668 11.8239 -1.4156 1.12668 11.7857 -1.43352 1.09211 11.7857 -1.43352 1.09211 11.7857 -1.43352 1.09211 11.7792 -1.44267 1.07648 11.7792 -1.44267 1.07648 11.7857 -1.43352 1.09211 11.7792 -1.44267 1.07648 11.7505 -1.45672 1.05734 11.7505 -1.45672 1.05734 11.75 -1.45714 1.05676 11.7792 -1.44267 1.07648 11.7745 -1.44253 -1.07736 11.7745 -1.44253 -1.07736 11.7505 -1.45672 -1.05734 11.7505 -1.45672 -1.05734 11.75 -1.45714 -1.05676 11.7745 -1.44253 -1.07736 11.7857 -1.43351 -1.09213 11.7745 -1.44253 -1.07736 11.7857 -1.43351 -1.09213 11.7857 -1.43351 -1.09213 11.8058 -1.42759 -1.10023 11.8058 -1.42759 -1.10023 11.8239 -1.4156 -1.1267 11.8239 -1.4156 -1.1267 11.8239 -1.4156 -1.1267 11.8239 -1.4156 -1.1267 11.8639 -1.40406 -1.1619 11.8639 -1.40406 -1.1619 11.8997 -1.4026 -1.1566 12.0608 -1.4 -1.07848 12.1072 -1.4 -1.01914 12.1072 -1.4 -1.01914 12.1072 -1.4 -1.01914 12.1469 -1.4 -0.955145 12.1469 -1.4 -0.955145 12.1806 -1.4 -0.887758 12.1806 -1.4 -0.887758 12.2089 -1.4 -0.817941 12.2089 -1.4 -0.817941 12.2325 -1.4 -0.746389 12.2325 -1.4 -0.746389 12.2325 -1.4 -0.746389 12.268 -1.4 -0.600019 12.268 -1.4 -0.600019 12.268 -1.4 -0.600019 12.2913 -1.4 -0.451117 12.2913 -1.4 -0.451117 12.2913 -1.4 -0.451117 12.2913 -1.4 -0.451117 12.3056 -1.4 -0.301126 12.3056 -1.4 -0.301126 12.3056 -1.4 -0.301126 12.3133 -1.4 -0.150654 12.3133 -1.4 -0.150654 12.3133 -1.4 -0.150654 12.3158 -1.4 2.2636e-05 12.3158 -1.4 2.2636e-05 12.3158 -1.4 2.2636e-05 12.3133 -1.4 0.150697 12.3133 -1.4 0.150697 12.3133 -1.4 0.150697 12.3058 -1.4 0.301258 12.3058 -1.4 0.301258 12.2914 -1.4 0.451237 12.2914 -1.4 0.451237 12.2914 -1.4 0.451237 12.268 -1.4 0.600047 12.268 -1.4 0.600047 12.268 -1.4 0.600047 12.268 -1.4 0.600047 12.2326 -1.4 0.746787 12.2326 -1.4 0.746787 12.2326 -1.4 0.746787 12.209 -1.4 0.818334 12.209 -1.4 0.818334 12.209 -1.4 0.818334 12.1806 -1.4 0.887963 12.1806 -1.4 0.887963 12.1806 -1.4 0.887963 12.1469 -1.4 0.955146 12.1469 -1.4 0.955146 12.1072 -1.4 1.01919 11.9638 -1.40293 1.1129 11.9259 -1.40272 1.14099 11.9638 -1.40293 1.1129 11.8693 -1.41012 1.12921 11.8693 -1.41012 1.12921 11.8255 -1.41532 1.12711 11.8058 -1.42759 -1.10023 11.8058 -1.42759 -1.10023 11.8997 -1.4026 -1.1566 11.8997 -1.4026 -1.1566 11.9649 -1.40293 -1.11201 11.9649 -1.40293 -1.11201 12.0072 -1.4 -1.13137 12.0072 -1.4 -1.13137 12.0608 -1.4 -1.07848 12.0608 -1.4 -1.07848 12.1806 -1.4 -0.887758 12.1072 -1.4 1.01919 12.1072 -1.4 1.01919 12.0607 -1.4 1.07854 11.9985 -1.40317 1.08064 11.9638 -1.40293 1.1129 11.9985 -1.40317 1.08064 11.9649 -1.40293 -1.11201 11.9649 -1.40293 -1.11201 11.9985 -1.40317 1.08064 11.9985 -1.40317 1.08064 12.0607 -1.4 1.07854 12.95 -1.4 1.3 12.95 1.4 1.3 12.95 1.4 1.3 12.95 -1.4 -1.3 12.95 -1.4 -1.3 12.95 1.4 -1.3 14.4095 0.126686 -1.3 14.4 0 -1.3 14.4 0 -1.3 14.4 0 -1.3 14.4 0 -1.3 14.4095 -0.126686 -1.3 14.4095 -0.126686 -1.3 14.4095 -0.126686 -1.3 14.4378 -0.250542 -1.3 14.4378 -0.250542 -1.3 14.4378 -0.250542 -1.3 14.4842 -0.368801 -1.3 14.4842 -0.368801 -1.3 14.4842 -0.368801 -1.3 14.5477 -0.478822 -1.3 14.5477 -0.478822 -1.3 14.5477 -0.478822 -1.3 14.6269 -0.578147 -1.3 14.6269 -0.578147 -1.3 14.7079 -0.62557 -1.30251 15.7921 -0.62557 -1.30251 15.8731 -0.578147 -1.3 15.8731 -0.578147 -1.3 15.9523 -0.478822 -1.3 15.9523 -0.478822 -1.3 15.9523 -0.478822 -1.3 16.0158 -0.368801 -1.3 16.0158 -0.368801 -1.3 16.0158 -0.368801 -1.3 16.0622 -0.250542 -1.3 16.0622 -0.250542 -1.3 16.0622 -0.250542 -1.3 16.0905 -0.126686 -1.3 16.0905 -0.126686 -1.3 16.0905 -0.126686 -1.3 16.1 0 -1.3 16.1 0 -1.3 16.1 0 -1.3 16.1 0 -1.3 16.0905 0.126686 -1.3 16.0905 0.126686 -1.3 16.0905 0.126686 -1.3 16.0622 0.250542 -1.3 16.0622 0.250542 -1.3 16.0622 0.250542 -1.3 16.0158 0.368801 -1.3 16.0158 0.368801 -1.3 16.0158 0.368801 -1.3 15.9523 0.478822 -1.3 15.9523 0.478822 -1.3 15.9523 0.478822 -1.3 15.8731 0.578147 -1.3 15.8731 0.578147 -1.3 15.7921 0.62557 -1.30251 14.7079 0.62557 -1.30251 14.6269 0.578147 -1.3 14.6269 0.578147 -1.3 14.5477 0.478822 -1.3 14.5477 0.478822 -1.3 14.5477 0.478822 -1.3 14.4842 0.368801 -1.3 14.4842 0.368801 -1.3 14.4842 0.368801 -1.3 14.4378 0.250542 -1.3 14.4378 0.250542 -1.3 14.4378 0.250542 -1.3 14.4095 0.126686 -1.3 14.4095 0.126686 -1.3 14.7079 -0.62557 -1.30251 14.7079 -0.62557 -1.30251 14.7079 -0.62557 -1.30251 14.8025 -0.696346 -1.30251 14.8025 -0.696346 -1.30251 14.8025 -0.696346 -1.30251 14.9061 -0.752946 -1.30251 14.9061 -0.752946 -1.30251 14.9061 -0.752946 -1.30251 15.0168 -0.794218 -1.30251 15.0168 -0.794218 -1.30251 15.1379 -0.779634 -1.32182 15.3621 -0.779634 -1.32182 15.3678 -0.819323 -1.30251 15.3678 -0.819323 -1.30251 15.4832 -0.794218 -1.30251 15.4832 -0.794218 -1.30251 15.4832 -0.794218 -1.30251 15.5939 -0.752946 -1.30251 15.5939 -0.752946 -1.30251 15.5939 -0.752946 -1.30251 15.6975 -0.696346 -1.30251 15.6975 -0.696346 -1.30251 15.6975 -0.696346 -1.30251 15.7921 -0.62557 -1.30251 15.7921 -0.62557 -1.30251 15.7921 -0.62557 -1.30251 15.7921 0.62557 -1.30251 15.7921 0.62557 -1.30251 15.7921 0.62557 -1.30251 15.6975 0.696346 -1.30251 15.6975 0.696346 -1.30251 15.6975 0.696346 -1.30251 15.5939 0.752946 -1.30251 15.5939 0.752946 -1.30251 15.5939 0.752946 -1.30251 15.4832 0.794218 -1.30251 15.4832 0.794218 -1.30251 15.3621 0.779634 -1.32182 15.1379 0.779634 -1.32182 15.1322 0.819323 -1.30251 15.1322 0.819323 -1.30251 15.0168 0.794218 -1.30251 15.0168 0.794218 -1.30251 15.0168 0.794218 -1.30251 14.9061 0.752946 -1.30251 14.9061 0.752946 -1.30251 14.9061 0.752946 -1.30251 14.8025 0.696346 -1.30251 14.8025 0.696346 -1.30251 14.8025 0.696346 -1.30251 14.7079 0.62557 -1.30251 14.7079 0.62557 -1.30251 14.7079 0.62557 -1.30251 15.1379 -0.779634 -1.32182 15.1379 -0.779634 -1.32182 15.25 -0.759903 -1.35661 15.25 -0.759903 -1.35661 15.25 -0.759903 -1.35661 15.25 -0.787651 -1.32182 15.25 -0.787651 -1.32182 15.3621 -0.779634 -1.32182 15.3621 -0.779634 -1.32182 15.3621 -0.779634 -1.32182 15.3621 0.779634 -1.32182 15.3621 0.779634 -1.32182 15.25 0.759903 -1.35661 15.25 0.759903 -1.35661 15.25 0.759903 -1.35661 15.25 0.787651 -1.32182 15.25 0.787651 -1.32182 15.1379 0.779634 -1.32182 15.1379 0.779634 -1.32182 15.1379 0.779634 -1.32182 15.25 -0.759903 -1.35661 15.25 -0.759903 -1.35661 15.2802 -0.749392 -1.4 15.2802 -0.749392 -1.4 15.25 -0.759903 -1.35661 15.2802 -0.749392 -1.4 15.2802 0.749392 -1.4 15.2802 0.749392 -1.4 15.25 0.759903 -1.35661 15.2802 0.749392 -1.4 15.25 0.759903 -1.35661 15.25 0.759903 -1.35661 15.2802 -0.749392 -1.8 15.2802 -0.749392 -1.8 15.2802 -0.749392 -1.4 15.2802 -0.749392 -1.8 15.2802 -0.749392 -1.4 15.2802 -0.749392 -1.4 15.2802 0.749392 -1.8 15.2802 0.749392 -1.8 15.2802 0.749392 -1.4 15.2802 0.749392 -1.8 15.2802 0.749392 -1.4 15.2802 0.749392 -1.4 15.25 -0.759903 -1.84339 15.25 -0.759903 -1.84339 15.2802 -0.749392 -1.8 15.25 -0.759903 -1.84339 15.2802 -0.749392 -1.8 15.2802 -0.749392 -1.8 15.2802 0.749392 -1.8 15.2802 0.749392 -1.8 15.25 0.759903 -1.84339 15.25 0.759903 -1.84339 15.2802 0.749392 -1.8 15.25 0.759903 -1.84339 15.1379 -0.779634 -1.87818 15.1379 -0.779634 -1.87818 15.1379 -0.779634 -1.87818 15.25 -0.787651 -1.87818 15.25 -0.787651 -1.87818 15.25 -0.759903 -1.84339 15.25 -0.759903 -1.84339 15.3621 -0.779634 -1.87818 15.25 -0.759903 -1.84339 15.3621 -0.779634 -1.87818 15.3621 0.779634 -1.87818 15.3621 0.779634 -1.87818 15.3621 0.779634 -1.87818 15.25 0.787651 -1.87818 15.25 0.787651 -1.87818 15.25 0.759903 -1.84339 15.25 0.759903 -1.84339 15.1379 0.779634 -1.87818 15.25 0.759903 -1.84339 15.1379 0.779634 -1.87818 14.7079 -0.62557 -1.89749 14.7079 -0.62557 -1.89749 14.7079 -0.62557 -1.89749 14.8025 -0.696346 -1.89749 14.8025 -0.696346 -1.89749 14.8025 -0.696346 -1.89749 14.9061 -0.752946 -1.89749 14.9061 -0.752946 -1.89749 14.9061 -0.752946 -1.89749 15.0168 -0.794218 -1.89749 15.0168 -0.794218 -1.89749 15.0168 -0.794218 -1.89749 15.1322 -0.819323 -1.89749 15.1322 -0.819323 -1.89749 15.1379 -0.779634 -1.87818 15.4832 -0.794218 -1.89749 15.3621 -0.779634 -1.87818 15.4832 -0.794218 -1.89749 15.5939 -0.752946 -1.89749 15.5939 -0.752946 -1.89749 15.5939 -0.752946 -1.89749 15.6975 -0.696346 -1.89749 15.6975 -0.696346 -1.89749 15.6975 -0.696346 -1.89749 15.7921 -0.62557 -1.89749 15.7921 -0.62557 -1.89749 15.7921 -0.62557 -1.89749 15.7921 0.62557 -1.89749 15.7921 0.62557 -1.89749 15.7921 0.62557 -1.89749 15.6975 0.696346 -1.89749 15.6975 0.696346 -1.89749 15.6975 0.696346 -1.89749 15.5939 0.752946 -1.89749 15.5939 0.752946 -1.89749 15.5939 0.752946 -1.89749 15.4832 0.794218 -1.89749 15.4832 0.794218 -1.89749 15.4832 0.794218 -1.89749 15.3678 0.819323 -1.89749 15.3678 0.819323 -1.89749 15.3621 0.779634 -1.87818 15.0168 0.794218 -1.89749 15.1379 0.779634 -1.87818 15.0168 0.794218 -1.89749 14.9061 0.752946 -1.89749 14.9061 0.752946 -1.89749 14.9061 0.752946 -1.89749 14.8025 0.696346 -1.89749 14.8025 0.696346 -1.89749 14.8025 0.696346 -1.89749 14.7079 0.62557 -1.89749 14.7079 0.62557 -1.89749 14.7079 0.62557 -1.89749 14.4378 0.250542 -1.9 14.4378 0.250542 -1.9 14.4095 0.126686 -1.9 14.4095 0.126686 -1.9 14.4095 0.126686 -1.9 14.4 0 -1.9 14.4 0 -1.9 14.4 0 -1.9 14.4 0 -1.9 14.4095 -0.126686 -1.9 14.4095 -0.126686 -1.9 14.4095 -0.126686 -1.9 14.4378 -0.250542 -1.9 14.4378 -0.250542 -1.9 14.4378 -0.250542 -1.9 14.4842 -0.368801 -1.9 14.4842 -0.368801 -1.9 14.4842 -0.368801 -1.9 14.5477 -0.478822 -1.9 14.5477 -0.478822 -1.9 14.5477 -0.478822 -1.9 14.6269 -0.578147 -1.9 14.6269 -0.578147 -1.9 14.7079 -0.62557 -1.89749 15.8731 -0.578147 -1.9 15.7921 -0.62557 -1.89749 15.8731 -0.578147 -1.9 15.9523 -0.478822 -1.9 15.9523 -0.478822 -1.9 15.9523 -0.478822 -1.9 16.0158 -0.368801 -1.9 16.0158 -0.368801 -1.9 16.0158 -0.368801 -1.9 16.0622 -0.250542 -1.9 16.0622 -0.250542 -1.9 16.0622 -0.250542 -1.9 16.0905 -0.126686 -1.9 16.0905 -0.126686 -1.9 16.0905 -0.126686 -1.9 16.1 0 -1.9 16.1 0 -1.9 16.1 0 -1.9 16.1 0 -1.9 16.0905 0.126686 -1.9 16.0905 0.126686 -1.9 16.0905 0.126686 -1.9 16.0622 0.250542 -1.9 16.0622 0.250542 -1.9 16.0622 0.250542 -1.9 16.0158 0.368801 -1.9 16.0158 0.368801 -1.9 16.0158 0.368801 -1.9 15.9523 0.478822 -1.9 15.9523 0.478822 -1.9 15.9523 0.478822 -1.9 15.8731 0.578147 -1.9 15.8731 0.578147 -1.9 15.7921 0.62557 -1.89749 14.6269 0.578147 -1.9 14.7079 0.62557 -1.89749 14.6269 0.578147 -1.9 14.5477 0.478822 -1.9 14.5477 0.478822 -1.9 14.5477 0.478822 -1.9 14.4842 0.368801 -1.9 14.4842 0.368801 -1.9 14.4842 0.368801 -1.9 14.4378 0.250542 -1.9 12.435 0.948952 -1.89647 12.3737 0.782814 -1.89727 12.3737 0.782814 -1.89727 12.2624 0.637457 -1.89198 12.2924 -0.72124 -1.89062 12.3402 -0.699291 -1.89765 12.3402 -0.699291 -1.89765 12.3762 -0.789515 -1.89724 12.3762 -0.789515 -1.89724 12.3762 -0.789515 -1.89724 12.4222 -0.912302 -1.89665 12.4222 -0.912302 -1.89665 12.4222 -0.912302 -1.89665 12.4634 -1.03593 -1.89603 12.4634 -1.03593 -1.89603 12.4634 -1.03593 -1.89603 12.4986 -1.16045 -1.89538 12.4986 -1.16045 -1.89538 12.5063 -1.29041 -1.89157 12.5063 -1.29041 -1.89157 12.5063 -1.29041 -1.89157 12.5063 -1.29041 -1.89157 12.5063 -1.29041 -1.89157 12.5647 -1.37061 -1.89704 12.5647 -1.37061 -1.89704 12.5286 -1.4 -1.89162 12.5286 -1.4 -1.89162 12.5285 1.4 -1.8916 12.5285 1.4 -1.8916 12.5063 1.29041 -1.89157 12.5063 1.29041 -1.89157 12.5063 1.29041 -1.89157 12.487 1.11654 -1.89561 12.487 1.11654 -1.89561 12.487 1.11654 -1.89561 12.435 0.948952 -1.89647 12.435 0.948952 -1.89647 12.2624 0.637457 -1.89198 12.2624 0.637457 -1.89198 12.2624 0.637457 -1.89198 12.2244 0.531502 -1.89353 12.2244 0.531502 -1.89353 12.2244 0.531502 -1.89353 12.1913 0.435305 -1.89474 12.1913 0.435305 -1.89474 12.1913 0.435305 -1.89474 12.1605 0.336899 -1.89576 12.1605 0.336899 -1.89576 12.1035 0.244493 -1.89228 12.1158 -0.302172 -1.89137 12.1476 -0.291366 -1.89616 12.1476 -0.291366 -1.89616 12.1931 -0.441454 -1.89467 12.1931 -0.441454 -1.89467 12.1931 -0.441454 -1.89467 12.2261 -0.536088 -1.89347 12.2261 -0.536088 -1.89347 12.2261 -0.536088 -1.89347 12.2595 -0.629192 -1.89211 12.2595 -0.629192 -1.89211 12.2595 -0.629192 -1.89211 12.2924 -0.72124 -1.89062 12.2924 -0.72124 -1.89062 12.2924 -0.72124 -1.89062 12.1035 0.244493 -1.89228 12.1035 0.244493 -1.89228 12.1035 0.244493 -1.89228 12.0863 0.136108 -1.89348 12.0863 0.136108 -1.89348 12.0863 0.136108 -1.89348 12.0801 0.0674748 -1.8939 12.0801 0.0674748 -1.8939 12.0801 0.0674748 -1.8939 12.0779 -0.0017142 -1.89404 12.0779 -0.0017142 -1.89404 12.0779 -0.0017142 -1.89404 12.0802 -0.0709255 -1.89389 12.0802 -0.0709255 -1.89389 12.0802 -0.0709255 -1.89389 12.0866 -0.139508 -1.89346 12.0866 -0.139508 -1.89346 12.0866 -0.139508 -1.89346 12.0992 -0.221907 -1.89258 12.0992 -0.221907 -1.89258 12.0992 -0.221907 -1.89258 12.1158 -0.302172 -1.89137 12.1158 -0.302172 -1.89137 12.1158 -0.302172 -1.89137 14.4095 -0.126686 1.3 14.4 0 1.3 14.4 0 1.3 14.4 0 1.3 14.4 0 1.3 14.4095 0.126686 1.3 14.4095 0.126686 1.3 14.4095 0.126686 1.3 14.4378 0.250542 1.3 14.4378 0.250542 1.3 14.4378 0.250542 1.3 14.4842 0.368801 1.3 14.4842 0.368801 1.3 14.4842 0.368801 1.3 14.5477 0.478822 1.3 14.5477 0.478822 1.3 14.5477 0.478822 1.3 14.6269 0.578147 1.3 14.6269 0.578147 1.3 14.7079 0.62557 1.30251 15.7921 0.62557 1.30251 15.8731 0.578147 1.3 15.8731 0.578147 1.3 15.9523 0.478822 1.3 15.9523 0.478822 1.3 15.9523 0.478822 1.3 16.0158 0.368801 1.3 16.0158 0.368801 1.3 16.0158 0.368801 1.3 16.0622 0.250542 1.3 16.0622 0.250542 1.3 16.0622 0.250542 1.3 16.0905 0.126686 1.3 16.0905 0.126686 1.3 16.0905 0.126686 1.3 16.1 0 1.3 16.1 0 1.3 16.1 0 1.3 16.1 0 1.3 16.0905 -0.126686 1.3 16.0905 -0.126686 1.3 16.0905 -0.126686 1.3 16.0622 -0.250542 1.3 16.0622 -0.250542 1.3 16.0622 -0.250542 1.3 16.0158 -0.368801 1.3 16.0158 -0.368801 1.3 16.0158 -0.368801 1.3 15.9523 -0.478822 1.3 15.9523 -0.478822 1.3 15.9523 -0.478822 1.3 15.8731 -0.578147 1.3 15.8731 -0.578147 1.3 15.7921 -0.62557 1.30251 14.7079 -0.62557 1.30251 14.6269 -0.578147 1.3 14.6269 -0.578147 1.3 14.5477 -0.478822 1.3 14.5477 -0.478822 1.3 14.5477 -0.478822 1.3 14.4842 -0.368801 1.3 14.4842 -0.368801 1.3 14.4842 -0.368801 1.3 14.4378 -0.250542 1.3 14.4378 -0.250542 1.3 14.4378 -0.250542 1.3 14.4095 -0.126686 1.3 14.4095 -0.126686 1.3 14.7079 0.62557 1.30251 14.7079 0.62557 1.30251 14.7079 0.62557 1.30251 14.8025 0.696346 1.30251 14.8025 0.696346 1.30251 14.8025 0.696346 1.30251 14.9061 0.752946 1.30251 14.9061 0.752946 1.30251 14.9061 0.752946 1.30251 15.0168 0.794218 1.30251 15.0168 0.794218 1.30251 15.1379 0.779634 1.32182 15.3621 0.779634 1.32182 15.3678 0.819323 1.30251 15.3678 0.819323 1.30251 15.4832 0.794218 1.30251 15.4832 0.794218 1.30251 15.4832 0.794218 1.30251 15.5939 0.752946 1.30251 15.5939 0.752946 1.30251 15.5939 0.752946 1.30251 15.6975 0.696346 1.30251 15.6975 0.696346 1.30251 15.6975 0.696346 1.30251 15.7921 0.62557 1.30251 15.7921 0.62557 1.30251 15.7921 0.62557 1.30251 15.7921 -0.62557 1.30251 15.7921 -0.62557 1.30251 15.7921 -0.62557 1.30251 15.6975 -0.696346 1.30251 15.6975 -0.696346 1.30251 15.6975 -0.696346 1.30251 15.5939 -0.752946 1.30251 15.5939 -0.752946 1.30251 15.5939 -0.752946 1.30251 15.4832 -0.794218 1.30251 15.4832 -0.794218 1.30251 15.3621 -0.779634 1.32182 15.1379 -0.779634 1.32182 15.1322 -0.819323 1.30251 15.1322 -0.819323 1.30251 15.0168 -0.794218 1.30251 15.0168 -0.794218 1.30251 15.0168 -0.794218 1.30251 14.9061 -0.752946 1.30251 14.9061 -0.752946 1.30251 14.9061 -0.752946 1.30251 14.8025 -0.696346 1.30251 14.8025 -0.696346 1.30251 14.8025 -0.696346 1.30251 14.7079 -0.62557 1.30251 14.7079 -0.62557 1.30251 14.7079 -0.62557 1.30251 15.1379 0.779634 1.32182 15.1379 0.779634 1.32182 15.25 0.759903 1.35661 15.25 0.759903 1.35661 15.25 0.759903 1.35661 15.25 0.787651 1.32182 15.25 0.787651 1.32182 15.3621 0.779634 1.32182 15.3621 0.779634 1.32182 15.3621 0.779634 1.32182 15.3621 -0.779634 1.32182 15.3621 -0.779634 1.32182 15.25 -0.759903 1.35661 15.25 -0.759903 1.35661 15.25 -0.759903 1.35661 15.25 -0.787651 1.32182 15.25 -0.787651 1.32182 15.1379 -0.779634 1.32182 15.1379 -0.779634 1.32182 15.1379 -0.779634 1.32182 15.25 0.759903 1.35661 15.25 0.759903 1.35661 15.2802 0.749392 1.4 15.2802 0.749392 1.4 15.25 0.759903 1.35661 15.2802 0.749392 1.4 15.2802 -0.749392 1.4 15.2802 -0.749392 1.4 15.25 -0.759903 1.35661 15.2802 -0.749392 1.4 15.25 -0.759903 1.35661 15.25 -0.759903 1.35661 15.2802 0.749392 1.8 15.2802 0.749392 1.8 15.2802 0.749392 1.4 15.2802 0.749392 1.8 15.2802 0.749392 1.4 15.2802 0.749392 1.4 15.2802 -0.749392 1.8 15.2802 -0.749392 1.8 15.2802 -0.749392 1.4 15.2802 -0.749392 1.8 15.2802 -0.749392 1.4 15.2802 -0.749392 1.4 15.25 0.759903 1.84339 15.25 0.759903 1.84339 15.2802 0.749392 1.8 15.25 0.759903 1.84339 15.2802 0.749392 1.8 15.2802 0.749392 1.8 15.2802 -0.749392 1.8 15.2802 -0.749392 1.8 15.25 -0.759903 1.84339 15.25 -0.759903 1.84339 15.2802 -0.749392 1.8 15.25 -0.759903 1.84339 15.1379 0.779634 1.87818 15.1379 0.779634 1.87818 15.1379 0.779634 1.87818 15.25 0.787651 1.87818 15.25 0.787651 1.87818 15.25 0.759903 1.84339 15.25 0.759903 1.84339 15.3621 0.779634 1.87818 15.25 0.759903 1.84339 15.3621 0.779634 1.87818 15.3621 -0.779634 1.87818 15.3621 -0.779634 1.87818 15.3621 -0.779634 1.87818 15.25 -0.787651 1.87818 15.25 -0.787651 1.87818 15.25 -0.759903 1.84339 15.25 -0.759903 1.84339 15.1379 -0.779634 1.87818 15.25 -0.759903 1.84339 15.1379 -0.779634 1.87818 14.7079 0.62557 1.89749 14.7079 0.62557 1.89749 14.7079 0.62557 1.89749 14.8025 0.696346 1.89749 14.8025 0.696346 1.89749 14.8025 0.696346 1.89749 14.9061 0.752946 1.89749 14.9061 0.752946 1.89749 14.9061 0.752946 1.89749 15.0168 0.794218 1.89749 15.0168 0.794218 1.89749 15.0168 0.794218 1.89749 15.1322 0.819323 1.89749 15.1322 0.819323 1.89749 15.1379 0.779634 1.87818 15.4832 0.794218 1.89749 15.3621 0.779634 1.87818 15.4832 0.794218 1.89749 15.5939 0.752946 1.89749 15.5939 0.752946 1.89749 15.5939 0.752946 1.89749 15.6975 0.696346 1.89749 15.6975 0.696346 1.89749 15.6975 0.696346 1.89749 15.7921 0.62557 1.89749 15.7921 0.62557 1.89749 15.7921 0.62557 1.89749 15.7921 -0.62557 1.89749 15.7921 -0.62557 1.89749 15.7921 -0.62557 1.89749 15.6975 -0.696346 1.89749 15.6975 -0.696346 1.89749 15.6975 -0.696346 1.89749 15.5939 -0.752946 1.89749 15.5939 -0.752946 1.89749 15.5939 -0.752946 1.89749 15.4832 -0.794218 1.89749 15.4832 -0.794218 1.89749 15.4832 -0.794218 1.89749 15.3678 -0.819323 1.89749 15.3678 -0.819323 1.89749 15.3621 -0.779634 1.87818 15.0168 -0.794218 1.89749 15.1379 -0.779634 1.87818 15.0168 -0.794218 1.89749 14.9061 -0.752946 1.89749 14.9061 -0.752946 1.89749 14.9061 -0.752946 1.89749 14.8025 -0.696346 1.89749 14.8025 -0.696346 1.89749 14.8025 -0.696346 1.89749 14.7079 -0.62557 1.89749 14.7079 -0.62557 1.89749 14.7079 -0.62557 1.89749 14.4378 -0.250542 1.9 14.4378 -0.250542 1.9 14.4095 -0.126686 1.9 14.4095 -0.126686 1.9 14.4095 -0.126686 1.9 14.4 0 1.9 14.4 0 1.9 14.4 0 1.9 14.4 0 1.9 14.4095 0.126686 1.9 14.4095 0.126686 1.9 14.4095 0.126686 1.9 14.4378 0.250542 1.9 14.4378 0.250542 1.9 14.4378 0.250542 1.9 14.4842 0.368801 1.9 14.4842 0.368801 1.9 14.4842 0.368801 1.9 14.5477 0.478822 1.9 14.5477 0.478822 1.9 14.5477 0.478822 1.9 14.6269 0.578147 1.9 14.6269 0.578147 1.9 14.7079 0.62557 1.89749 15.8731 0.578147 1.9 15.7921 0.62557 1.89749 15.8731 0.578147 1.9 15.9523 0.478822 1.9 15.9523 0.478822 1.9 15.9523 0.478822 1.9 16.0158 0.368801 1.9 16.0158 0.368801 1.9 16.0158 0.368801 1.9 16.0622 0.250542 1.9 16.0622 0.250542 1.9 16.0622 0.250542 1.9 16.0905 0.126686 1.9 16.0905 0.126686 1.9 16.0905 0.126686 1.9 16.1 0 1.9 16.1 0 1.9 16.1 0 1.9 16.1 0 1.9 16.0905 -0.126686 1.9 16.0905 -0.126686 1.9 16.0905 -0.126686 1.9 16.0622 -0.250542 1.9 16.0622 -0.250542 1.9 16.0622 -0.250542 1.9 16.0158 -0.368801 1.9 16.0158 -0.368801 1.9 16.0158 -0.368801 1.9 15.9523 -0.478822 1.9 15.9523 -0.478822 1.9 15.9523 -0.478822 1.9 15.8731 -0.578147 1.9 15.8731 -0.578147 1.9 15.7921 -0.62557 1.89749 14.6269 -0.578147 1.9 14.7079 -0.62557 1.89749 14.6269 -0.578147 1.9 14.5477 -0.478822 1.9 14.5477 -0.478822 1.9 14.5477 -0.478822 1.9 14.4842 -0.368801 1.9 14.4842 -0.368801 1.9 14.4842 -0.368801 1.9 14.4378 -0.250542 1.9 12.435 -0.948952 1.89647 12.3737 -0.782814 1.89727 12.3737 -0.782814 1.89727 12.2624 -0.637457 1.89198 12.2924 0.72124 1.89062 12.3402 0.699291 1.89765 12.3402 0.699291 1.89765 12.3762 0.789515 1.89724 12.3762 0.789515 1.89724 12.3762 0.789515 1.89724 12.4222 0.912302 1.89665 12.4222 0.912302 1.89665 12.4222 0.912302 1.89665 12.4634 1.03593 1.89603 12.4634 1.03593 1.89603 12.4634 1.03593 1.89603 12.4986 1.16045 1.89538 12.4986 1.16045 1.89538 12.5063 1.29041 1.89157 12.5063 1.29041 1.89157 12.5063 1.29041 1.89157 12.5063 1.29041 1.89157 12.5063 1.29041 1.89157 12.5647 1.37061 1.89704 12.5285 -1.4 1.8916 12.5285 -1.4 1.8916 12.5063 -1.29041 1.89157 12.5063 -1.29041 1.89157 12.5063 -1.29041 1.89157 12.487 -1.11654 1.89561 12.487 -1.11654 1.89561 12.487 -1.11654 1.89561 12.435 -0.948952 1.89647 12.435 -0.948952 1.89647 12.2624 -0.637457 1.89198 12.2624 -0.637457 1.89198 12.2624 -0.637457 1.89198 12.2244 -0.531502 1.89353 12.2244 -0.531502 1.89353 12.2244 -0.531502 1.89353 12.1913 -0.435305 1.89474 12.1913 -0.435305 1.89474 12.1913 -0.435305 1.89474 12.1605 -0.336899 1.89576 12.1605 -0.336899 1.89576 12.1035 -0.244493 1.89228 12.1158 0.302172 1.89137 12.1476 0.291366 1.89616 12.1476 0.291366 1.89616 12.1931 0.441454 1.89467 12.1931 0.441454 1.89467 12.1931 0.441454 1.89467 12.2261 0.536088 1.89347 12.2261 0.536088 1.89347 12.2261 0.536088 1.89347 12.2595 0.629192 1.89211 12.2595 0.629192 1.89211 12.2595 0.629192 1.89211 12.2924 0.72124 1.89062 12.2924 0.72124 1.89062 12.2924 0.72124 1.89062 12.5286 1.4 1.89162 12.5286 1.4 1.89162 12.5647 1.37061 1.89704 12.1035 -0.244493 1.89228 12.1035 -0.244493 1.89228 12.1035 -0.244493 1.89228 12.0863 -0.136108 1.89348 12.0863 -0.136108 1.89348 12.0863 -0.136108 1.89348 12.0801 -0.0674748 1.8939 12.0801 -0.0674748 1.8939 12.0801 -0.0674748 1.8939 12.0779 0.0017142 1.89404 12.0779 0.0017142 1.89404 12.0779 0.0017142 1.89404 12.0802 0.0709255 1.89389 12.0802 0.0709255 1.89389 12.0802 0.0709255 1.89389 12.0866 0.139508 1.89346 12.0866 0.139508 1.89346 12.0866 0.139508 1.89346 12.0992 0.221907 1.89258 12.0992 0.221907 1.89258 12.0992 0.221907 1.89258 12.1158 0.302172 1.89137 12.1158 0.302172 1.89137 12.1158 0.302172 1.89137 -11.85 1.55885 0.9 -11.85 1.55885 0.9 -10.05 1.55885 0.9 -11.85 1.55885 -0.9 -10.05 1.55885 -0.9 -10.05 1.55885 -0.9 -11.85 -1.55885 -0.9 -11.85 -1.55885 -0.9 -10.05 -1.55885 -0.9 -11.85 -1.55885 0.9 -10.05 -1.55885 0.9 -10.05 -1.55885 0.9 -11.85 0 1.8 -11.85 0.188151 1.79014 -11.85 0.188151 1.79014 -11.85 0.188151 1.79014 -11.85 0.374241 1.76067 -11.85 0.374241 1.76067 -11.85 0.374241 1.76067 -11.85 0.556231 1.7119 -11.85 0.556231 1.7119 -11.85 0.556231 1.7119 -11.85 0.732126 1.64438 -11.85 0.732126 1.64438 -11.85 0.732126 1.64438 -11.85 0.9 1.55885 -11.85 0.9 1.55885 -11.85 0.9 1.55885 -11.85 0.9 1.55885 -11.85 1.05801 1.45623 -11.85 1.05801 1.45623 -11.85 1.05801 1.45623 -11.85 1.20444 1.33766 -11.85 1.20444 1.33766 -11.85 1.20444 1.33766 -11.85 1.33766 1.20444 -11.85 1.33766 1.20444 -11.85 1.33766 1.20444 -11.85 1.45623 1.05801 -11.85 1.45623 1.05801 -11.85 1.45623 1.05801 -11.85 1.55885 0.9 -11.85 1.55885 0.9 -11.85 1.55885 0.9 -11.85 1.64438 0.732126 -11.85 1.64438 0.732126 -11.85 1.64438 0.732126 -11.85 1.7119 0.556231 -11.85 1.7119 0.556231 -11.85 1.7119 0.556231 -11.85 1.76067 0.374241 -11.85 1.76067 0.374241 -11.85 1.76067 0.374241 -11.85 1.76067 0.374241 -11.85 1.79014 0.188151 -11.85 1.79014 0.188151 -11.85 1.79014 0.188151 -11.85 1.8 0 -11.85 1.8 0 -11.85 1.8 0 -11.85 1.79014 -0.188151 -11.85 1.79014 -0.188151 -11.85 1.79014 -0.188151 -11.85 1.76067 -0.374241 -11.85 1.76067 -0.374241 -11.85 1.76067 -0.374241 -11.85 1.7119 -0.556231 -11.85 1.7119 -0.556231 -11.85 1.7119 -0.556231 -11.85 1.64438 -0.732126 -11.85 1.64438 -0.732126 -11.85 1.64438 -0.732126 -11.85 1.55885 -0.9 -11.85 1.55885 -0.9 -11.85 1.55885 -0.9 -11.85 1.45623 -1.05801 -11.85 1.45623 -1.05801 -11.85 1.45623 -1.05801 -11.85 1.33766 -1.20444 -11.85 1.33766 -1.20444 -11.85 1.33766 -1.20444 -11.85 1.33766 -1.20444 -11.85 1.20444 -1.33766 -11.85 1.20444 -1.33766 -11.85 1.20444 -1.33766 -11.85 1.05801 -1.45623 -11.85 1.05801 -1.45623 -11.85 1.05801 -1.45623 -11.85 0.9 -1.55885 -11.85 0.9 -1.55885 -11.85 0.9 -1.55885 -11.85 0.732126 -1.64438 -11.85 0.732126 -1.64438 -11.85 0.732126 -1.64438 -11.85 0.556231 -1.7119 -11.85 0.556231 -1.7119 -11.85 0.556231 -1.7119 -11.85 0.374241 -1.76067 -11.85 0.374241 -1.76067 -11.85 0.374241 -1.76067 -11.85 0.188151 -1.79014 -11.85 0.188151 -1.79014 -11.85 0.188151 -1.79014 -11.85 0 -1.8 -11.85 0 -1.8 -11.85 0 -1.8 -11.85 0 -1.8 -11.85 -0.188151 -1.79014 -11.85 -0.188151 -1.79014 -11.85 -0.188151 -1.79014 -11.85 -0.374241 -1.76067 -11.85 -0.374241 -1.76067 -11.85 -0.374241 -1.76067 -11.85 -0.556231 -1.7119 -11.85 -0.556231 -1.7119 -11.85 -0.556231 -1.7119 -11.85 -0.732126 -1.64438 -11.85 -0.732126 -1.64438 -11.85 -0.732126 -1.64438 -11.85 -0.9 -1.55885 -11.85 -0.9 -1.55885 -11.85 -0.9 -1.55885 -11.85 -1.05801 -1.45623 -11.85 -1.05801 -1.45623 -11.85 -1.05801 -1.45623 -11.85 -1.20444 -1.33766 -11.85 -1.20444 -1.33766 -11.85 -1.20444 -1.33766 -11.85 -1.33766 -1.20444 -11.85 -1.33766 -1.20444 -11.85 -1.33766 -1.20444 -11.85 -1.45623 -1.05801 -11.85 -1.45623 -1.05801 -11.85 -1.45623 -1.05801 -11.85 -1.45623 -1.05801 -11.85 -1.55885 -0.9 -11.85 -1.55885 -0.9 -11.85 -1.55885 -0.9 -11.85 -1.64438 -0.732126 -11.85 -1.64438 -0.732126 -11.85 -1.64438 -0.732126 -11.85 -1.7119 -0.556231 -11.85 -1.7119 -0.556231 -11.85 -1.7119 -0.556231 -11.85 -1.76067 -0.374241 -11.85 -1.76067 -0.374241 -11.85 -1.76067 -0.374241 -11.85 -1.79014 -0.188151 -11.85 -1.79014 -0.188151 -11.85 -1.79014 -0.188151 -11.85 -1.8 0 -11.85 -1.8 0 -11.85 -1.8 0 -11.85 -1.79014 0.188151 -11.85 -1.79014 0.188151 -11.85 -1.79014 0.188151 -11.85 -1.76067 0.374241 -11.85 -1.76067 0.374241 -11.85 -1.76067 0.374241 -11.85 -1.7119 0.556231 -11.85 -1.7119 0.556231 -11.85 -1.7119 0.556231 -11.85 -1.7119 0.556231 -11.85 -1.64438 0.732126 -11.85 -1.64438 0.732126 -11.85 -1.64438 0.732126 -11.85 -1.55885 0.9 -11.85 -1.55885 0.9 -11.85 -1.55885 0.9 -11.85 -1.45623 1.05801 -11.85 -1.45623 1.05801 -11.85 -1.45623 1.05801 -11.85 -1.33766 1.20444 -11.85 -1.33766 1.20444 -11.85 -1.33766 1.20444 -11.85 -1.20444 1.33766 -11.85 -1.20444 1.33766 -11.85 -1.20444 1.33766 -11.85 -1.05801 1.45623 -11.85 -1.05801 1.45623 -11.85 -1.05801 1.45623 -11.85 -0.9 1.55885 -11.85 -0.9 1.55885 -11.85 -0.9 1.55885 -11.85 -0.732126 1.64438 -11.85 -0.732126 1.64438 -11.85 -0.732126 1.64438 -11.85 -0.732126 1.64438 -11.85 -0.556231 1.7119 -11.85 -0.556231 1.7119 -11.85 -0.556231 1.7119 -11.85 -0.374241 1.76067 -11.85 -0.374241 1.76067 -11.85 -0.374241 1.76067 -11.85 -0.188151 1.79014 -11.85 -0.188151 1.79014 -11.85 -0.188151 1.79014 -11.85 0 1.8 -11.85 0 1.8 -12.05 1.76384 0.942793 -12.05 1.76384 0.942793 -12.35 1.76384 0.942793 -12.35 1.76384 -0.942793 -12.05 1.76384 -0.942793 -12.35 1.76384 -0.942793 -12.05 -1.76384 -0.942793 -12.05 -1.76384 -0.942793 -12.35 -1.76384 -0.942793 -12.35 -1.76384 0.942793 -12.05 -1.76384 0.942793 -12.35 -1.76384 0.942793 -12.35 0 2 -12.35 0.196034 1.99037 -12.35 0.196034 1.99037 -12.35 0.196034 1.99037 -12.35 0.390181 1.96157 -12.35 0.390181 1.96157 -12.35 0.390181 1.96157 -12.35 0.580569 1.91388 -12.35 0.580569 1.91388 -12.35 0.580569 1.91388 -12.35 0.765367 1.84776 -12.35 0.765367 1.84776 -12.35 0.765367 1.84776 -12.35 0.942793 1.76384 -12.35 0.942793 1.76384 -12.35 0.942793 1.76384 -12.35 1.11114 1.66294 -12.35 1.11114 1.66294 -12.35 1.11114 1.66294 -12.35 1.26879 1.54602 -12.35 1.26879 1.54602 -12.35 1.26879 1.54602 -12.35 1.41421 1.41421 -12.35 1.41421 1.41421 -12.35 1.41421 1.41421 -12.35 1.41421 1.41421 -12.35 1.54602 1.26879 -12.35 1.54602 1.26879 -12.35 1.54602 1.26879 -12.35 1.66294 1.11114 -12.35 1.66294 1.11114 -12.35 1.66294 1.11114 -12.35 1.76384 0.942793 -12.35 1.76384 0.942793 -12.35 1.76384 0.942793 -12.35 1.84776 0.765367 -12.35 1.84776 0.765367 -12.35 1.84776 0.765367 -12.35 1.91388 0.580569 -12.35 1.91388 0.580569 -12.35 1.91388 0.580569 -12.35 1.96157 0.390181 -12.35 1.96157 0.390181 -12.35 1.96157 0.390181 -12.35 1.99037 0.196034 -12.35 1.99037 0.196034 -12.35 1.99037 0.196034 -12.35 2 0 -12.35 2 0 -12.35 2 0 -12.35 2 0 -12.35 1.99037 -0.196034 -12.35 1.99037 -0.196034 -12.35 1.99037 -0.196034 -12.35 1.96157 -0.390181 -12.35 1.96157 -0.390181 -12.35 1.96157 -0.390181 -12.35 1.91388 -0.580569 -12.35 1.91388 -0.580569 -12.35 1.91388 -0.580569 -12.35 1.84776 -0.765367 -12.35 1.84776 -0.765367 -12.35 1.84776 -0.765367 -12.35 1.76384 -0.942793 -12.35 1.76384 -0.942793 -12.35 1.76384 -0.942793 -12.35 1.66294 -1.11114 -12.35 1.66294 -1.11114 -12.35 1.66294 -1.11114 -12.35 1.54602 -1.26879 -12.35 1.54602 -1.26879 -12.35 1.54602 -1.26879 -12.35 1.41421 -1.41421 -12.35 1.41421 -1.41421 -12.35 1.41421 -1.41421 -12.35 1.41421 -1.41421 -12.35 1.26879 -1.54602 -12.35 1.26879 -1.54602 -12.35 1.26879 -1.54602 -12.35 1.11114 -1.66294 -12.35 1.11114 -1.66294 -12.35 1.11114 -1.66294 -12.35 0.942793 -1.76384 -12.35 0.942793 -1.76384 -12.35 0.942793 -1.76384 -12.35 0.765367 -1.84776 -12.35 0.765367 -1.84776 -12.35 0.765367 -1.84776 -12.35 0.580569 -1.91388 -12.35 0.580569 -1.91388 -12.35 0.580569 -1.91388 -12.35 0.390181 -1.96157 -12.35 0.390181 -1.96157 -12.35 0.390181 -1.96157 -12.35 0.196034 -1.99037 -12.35 0.196034 -1.99037 -12.35 0.196034 -1.99037 -12.35 0 -2 -12.35 0 -2 -12.35 0 -2 -12.35 0 -2 -12.35 -0.196034 -1.99037 -12.35 -0.196034 -1.99037 -12.35 -0.196034 -1.99037 -12.35 -0.390181 -1.96157 -12.35 -0.390181 -1.96157 -12.35 -0.390181 -1.96157 -12.35 -0.580569 -1.91388 -12.35 -0.580569 -1.91388 -12.35 -0.580569 -1.91388 -12.35 -0.765367 -1.84776 -12.35 -0.765367 -1.84776 -12.35 -0.765367 -1.84776 -12.35 -0.942793 -1.76384 -12.35 -0.942793 -1.76384 -12.35 -0.942793 -1.76384 -12.35 -1.11114 -1.66294 -12.35 -1.11114 -1.66294 -12.35 -1.11114 -1.66294 -12.35 -1.26879 -1.54602 -12.35 -1.26879 -1.54602 -12.35 -1.26879 -1.54602 -12.35 -1.41421 -1.41421 -12.35 -1.41421 -1.41421 -12.35 -1.41421 -1.41421 -12.35 -1.41421 -1.41421 -12.35 -1.54602 -1.26879 -12.35 -1.54602 -1.26879 -12.35 -1.54602 -1.26879 -12.35 -1.66294 -1.11114 -12.35 -1.66294 -1.11114 -12.35 -1.66294 -1.11114 -12.35 -1.76384 -0.942793 -12.35 -1.76384 -0.942793 -12.35 -1.76384 -0.942793 -12.35 -1.84776 -0.765367 -12.35 -1.84776 -0.765367 -12.35 -1.84776 -0.765367 -12.35 -1.91388 -0.580569 -12.35 -1.91388 -0.580569 -12.35 -1.91388 -0.580569 -12.35 -1.96157 -0.390181 -12.35 -1.96157 -0.390181 -12.35 -1.96157 -0.390181 -12.35 -1.99037 -0.196034 -12.35 -1.99037 -0.196034 -12.35 -1.99037 -0.196034 -12.35 -2 0 -12.35 -2 0 -12.35 -2 0 -12.35 -2 0 -12.35 -1.99037 0.196034 -12.35 -1.99037 0.196034 -12.35 -1.99037 0.196034 -12.35 -1.96157 0.390181 -12.35 -1.96157 0.390181 -12.35 -1.96157 0.390181 -12.35 -1.91388 0.580569 -12.35 -1.91388 0.580569 -12.35 -1.91388 0.580569 -12.35 -1.84776 0.765367 -12.35 -1.84776 0.765367 -12.35 -1.84776 0.765367 -12.35 -1.76384 0.942793 -12.35 -1.76384 0.942793 -12.35 -1.76384 0.942793 -12.35 -1.66294 1.11114 -12.35 -1.66294 1.11114 -12.35 -1.66294 1.11114 -12.35 -1.54602 1.26879 -12.35 -1.54602 1.26879 -12.35 -1.54602 1.26879 -12.35 -1.41421 1.41421 -12.35 -1.41421 1.41421 -12.35 -1.41421 1.41421 -12.35 -1.41421 1.41421 -12.35 -1.26879 1.54602 -12.35 -1.26879 1.54602 -12.35 -1.26879 1.54602 -12.35 -1.11114 1.66294 -12.35 -1.11114 1.66294 -12.35 -1.11114 1.66294 -12.35 -0.942793 1.76384 -12.35 -0.942793 1.76384 -12.35 -0.942793 1.76384 -12.35 -0.765367 1.84776 -12.35 -0.765367 1.84776 -12.35 -0.765367 1.84776 -12.35 -0.580569 1.91388 -12.35 -0.580569 1.91388 -12.35 -0.580569 1.91388 -12.35 -0.390181 1.96157 -12.35 -0.390181 1.96157 -12.35 -0.390181 1.96157 -12.35 -0.196034 1.99037 -12.35 -0.196034 1.99037 -12.35 -0.196034 1.99037 -12.35 0 2 -12.35 0 2 -12.35 0 2 -13.5195 -2.4 -3.31644 -13.5195 -2.4 -3.31644 -13.5195 2.4 -3.31644 -23.1116 -2.34505 -3.33425 -23.2282 -2.4 -3.33802 -23.2282 -2.4 -3.33802 -23.2282 -2.4 -3.33802 -23.342 -2.4 -3.35365 -23.342 -2.4 -3.35365 -24.5349 -2.39034 -3.725 -24.5349 -2.39034 -3.725 -24.5285 -2.4 -3.69822 -24.5349 2.39034 -3.725 -24.5349 2.39034 -3.725 -24.5285 2.4 -3.69822 -23.342 2.4 -3.35365 -23.342 2.4 -3.35365 -23.2282 2.4 -3.33802 -23.2282 2.4 -3.33802 -23.2282 2.4 -3.33802 -23.1116 2.34505 -3.33425 -21.7935 0.232785 -3.325 -21.7843 0 -3.325 -21.7843 0 -3.325 -21.7843 0 -3.325 -21.7843 0 -3.325 -21.7935 -0.232785 -3.325 -21.7935 -0.232785 -3.325 -21.7935 -0.232785 -3.325 -21.8209 -0.464134 -3.325 -21.8209 -0.464134 -3.325 -21.8209 -0.464134 -3.325 -21.8663 -0.692619 -3.325 -21.8663 -0.692619 -3.325 -21.8663 -0.692619 -3.325 -21.9296 -0.91683 -3.325 -21.9296 -0.91683 -3.325 -22.0825 -1.03341 -3.33425 -22.784 -2.07812 -3.33425 -22.9429 -2.21764 -3.33425 -22.9429 -2.21764 -3.33425 -22.9429 -2.21764 -3.33425 -23.1116 -2.34505 -3.33425 -23.1116 2.34505 -3.33425 -23.1116 2.34505 -3.33425 -22.9429 2.21764 -3.33425 -22.9429 2.21764 -3.33425 -22.9429 2.21764 -3.33425 -22.784 2.07812 -3.33425 -22.0825 1.03341 -3.33425 -21.9296 0.91683 -3.325 -21.9296 0.91683 -3.325 -21.8663 0.692619 -3.325 -21.8663 0.692619 -3.325 -21.8663 0.692619 -3.325 -21.8209 0.464134 -3.325 -21.8209 0.464134 -3.325 -21.8209 0.464134 -3.325 -21.7935 0.232785 -3.325 -21.7935 0.232785 -3.325 -22.0825 -1.03341 -3.33425 -22.0825 -1.03341 -3.33425 -22.0825 -1.03341 -3.33425 -22.1661 -1.22759 -3.33425 -22.1661 -1.22759 -3.33425 -22.1661 -1.22759 -3.33425 -22.2638 -1.41507 -3.33425 -22.2638 -1.41507 -3.33425 -22.2638 -1.41507 -3.33425 -22.3751 -1.59482 -3.33425 -22.3751 -1.59482 -3.33425 -22.3751 -1.59482 -3.33425 -22.4993 -1.76586 -3.33425 -22.4993 -1.76586 -3.33425 -22.4993 -1.76586 -3.33425 -22.6359 -1.92725 -3.33425 -22.6359 -1.92725 -3.33425 -22.6359 -1.92725 -3.33425 -22.784 -2.07812 -3.33425 -22.784 -2.07812 -3.33425 -22.784 2.07812 -3.33425 -22.784 2.07812 -3.33425 -22.6359 1.92725 -3.33425 -22.6359 1.92725 -3.33425 -22.6359 1.92725 -3.33425 -22.4993 1.76586 -3.33425 -22.4993 1.76586 -3.33425 -22.4993 1.76586 -3.33425 -22.3751 1.59482 -3.33425 -22.3751 1.59482 -3.33425 -22.3751 1.59482 -3.33425 -22.2638 1.41507 -3.33425 -22.2638 1.41507 -3.33425 -22.2638 1.41507 -3.33425 -22.1661 1.22759 -3.33425 -22.1661 1.22759 -3.33425 -22.1661 1.22759 -3.33425 -22.0825 1.03341 -3.33425 -22.0825 1.03341 -3.33425 -22.0825 1.03341 -3.33425 -13.5195 2.4 3.31644 -13.5195 2.4 3.31644 -13.5195 -2.4 3.31644 -23.1116 2.34505 3.33425 -23.2282 2.4 3.33802 -23.2282 2.4 3.33802 -23.2282 2.4 3.33802 -23.342 2.4 3.35365 -23.342 2.4 3.35365 -24.5349 2.39034 3.725 -24.5349 2.39034 3.725 -24.5285 2.4 3.69822 -24.5349 -2.39034 3.725 -24.5349 -2.39034 3.725 -24.5285 -2.4 3.69822 -23.342 -2.4 3.35365 -23.342 -2.4 3.35365 -23.2282 -2.4 3.33802 -23.2282 -2.4 3.33802 -23.2282 -2.4 3.33802 -23.1116 -2.34505 3.33425 -21.7935 -0.232785 3.325 -21.7843 0 3.325 -21.7843 0 3.325 -21.7843 0 3.325 -21.7843 0 3.325 -21.7935 0.232785 3.325 -21.7935 0.232785 3.325 -21.7935 0.232785 3.325 -21.8209 0.464134 3.325 -21.8209 0.464134 3.325 -21.8209 0.464134 3.325 -21.8663 0.692619 3.325 -21.8663 0.692619 3.325 -21.8663 0.692619 3.325 -21.9296 0.91683 3.325 -21.9296 0.91683 3.325 -22.0825 1.03341 3.33425 -22.784 2.07812 3.33425 -22.9429 2.21764 3.33425 -22.9429 2.21764 3.33425 -22.9429 2.21764 3.33425 -23.1116 2.34505 3.33425 -23.1116 -2.34505 3.33425 -23.1116 -2.34505 3.33425 -22.9429 -2.21764 3.33425 -22.9429 -2.21764 3.33425 -22.9429 -2.21764 3.33425 -22.784 -2.07812 3.33425 -22.0825 -1.03341 3.33425 -21.9296 -0.91683 3.325 -21.9296 -0.91683 3.325 -21.8663 -0.692619 3.325 -21.8663 -0.692619 3.325 -21.8663 -0.692619 3.325 -21.8209 -0.464134 3.325 -21.8209 -0.464134 3.325 -21.8209 -0.464134 3.325 -21.7935 -0.232785 3.325 -21.7935 -0.232785 3.325 -22.0825 1.03341 3.33425 -22.0825 1.03341 3.33425 -22.0825 1.03341 3.33425 -22.1661 1.22759 3.33425 -22.1661 1.22759 3.33425 -22.1661 1.22759 3.33425 -22.2638 1.41507 3.33425 -22.2638 1.41507 3.33425 -22.2638 1.41507 3.33425 -22.3751 1.59482 3.33425 -22.3751 1.59482 3.33425 -22.3751 1.59482 3.33425 -22.4993 1.76586 3.33425 -22.4993 1.76586 3.33425 -22.4993 1.76586 3.33425 -22.6359 1.92725 3.33425 -22.6359 1.92725 3.33425 -22.6359 1.92725 3.33425 -22.784 2.07812 3.33425 -22.784 2.07812 3.33425 -22.784 -2.07812 3.33425 -22.784 -2.07812 3.33425 -22.6359 -1.92725 3.33425 -22.6359 -1.92725 3.33425 -22.6359 -1.92725 3.33425 -22.4993 -1.76586 3.33425 -22.4993 -1.76586 3.33425 -22.4993 -1.76586 3.33425 -22.3751 -1.59482 3.33425 -22.3751 -1.59482 3.33425 -22.3751 -1.59482 3.33425 -22.2638 -1.41507 3.33425 -22.2638 -1.41507 3.33425 -22.2638 -1.41507 3.33425 -22.1661 -1.22759 3.33425 -22.1661 -1.22759 3.33425 -22.1661 -1.22759 3.33425 -22.0825 -1.03341 3.33425 -22.0825 -1.03341 3.33425 -22.0825 -1.03341 3.33425 -13.75 -2.4 2.825 -13.75 2.4 2.825 -13.75 -2.4 2.825 -13.75 2.4 -2.825 -13.75 2.4 -2.825 -13.75 -2.4 -2.825 -24.7059 -1.59939 3.725 -24.7059 -1.59939 3.725 -24.7059 -1.59939 2.825 -24.8821 -1.59454 3.725 -24.8821 -1.59454 2.825 -24.8821 -1.59454 2.825 -24.8821 1.59454 3.725 -24.8821 1.59454 3.725 -24.8821 1.59454 2.825 -24.7059 1.59939 3.725 -24.7059 1.59939 2.825 -24.7059 1.59939 2.825 -24.8821 -1.59454 -2.825 -24.8821 -1.59454 -2.825 -24.7941 -1.59939 -3.725 -24.6179 -1.59454 -3.725 -24.7059 -1.59939 -2.825 -24.6179 -1.59454 -3.725 -24.6179 1.59454 -3.725 -24.6179 1.59454 -3.725 -24.7059 1.59939 -2.825 -24.7941 1.59939 -3.725 -24.8821 1.59454 -2.825 -24.8821 1.59454 -2.825 9.05 1.55885 -0.9 9.05 1.55885 -0.9 11.75 1.55949 -0.898879 11.75 1.55949 0.898879 9.05 1.55885 0.9 9.05 1.55885 0.9 9.05 -1.55885 0.9 9.05 -1.55885 0.9 11.75 -1.55949 0.898879 11.75 -1.55949 -0.898879 9.05 -1.55885 -0.9 9.05 -1.55885 -0.9 11.75 1.45714 -1.05676 11.75 1.45714 -1.05676 11.75 1.55949 -0.898879 11.75 1.55949 -0.898879 11.75 1.55949 -0.898879 11.75 1.6448 -0.73118 11.75 1.6448 -0.73118 11.75 1.6448 -0.73118 11.75 1.71214 -0.555492 11.75 1.71214 -0.555492 11.75 1.71214 -0.555492 11.75 1.76077 -0.373735 11.75 1.76077 -0.373735 11.75 1.76077 -0.373735 11.75 1.79017 -0.187894 11.75 1.79017 -0.187894 11.75 1.79017 -0.187894 11.75 1.8 0 11.75 1.8 0 11.75 1.79017 0.187894 11.75 1.79017 0.187894 11.75 1.79017 0.187894 11.75 1.76077 0.373735 11.75 1.76077 0.373735 11.75 1.76077 0.373735 11.75 1.71214 0.555492 11.75 1.71214 0.555492 11.75 1.71214 0.555492 11.75 1.6448 0.73118 11.75 1.6448 0.73118 11.75 1.6448 0.73118 11.75 1.55949 0.898879 11.75 1.55949 0.898879 11.75 1.55949 0.898879 11.75 1.45714 1.05676 11.75 1.45714 1.05676 11.7505 1.45672 1.05734 11.75 1.33858 1.20341 11.75 1.33858 1.20341 11.75 1.33858 1.20341 11.75 1.33858 1.20341 11.75 1.20533 1.33685 11.75 1.20533 1.33685 11.75 1.20533 1.33685 11.75 1.05885 1.45562 11.75 1.05885 1.45562 11.75 1.05885 1.45562 11.75 0.900747 1.55841 11.75 0.900747 1.55841 11.75 0.900747 1.55841 11.75 0.732756 1.6441 11.75 0.732756 1.6441 11.75 0.732756 1.6441 11.75 0.556723 1.71174 11.75 0.556723 1.71174 11.75 0.556723 1.71174 11.75 0.556723 1.71174 11.75 0.374579 1.76059 11.75 0.374579 1.76059 11.75 0.374579 1.76059 11.75 0.188323 1.79012 11.75 0.188323 1.79012 11.75 0.188323 1.79012 11.75 0 1.8 11.75 0 1.8 11.75 0 1.8 11.75 -0.188323 1.79012 11.75 -0.188323 1.79012 11.75 -0.188323 1.79012 11.75 -0.374579 1.76059 11.75 -0.374579 1.76059 11.75 -0.374579 1.76059 11.75 -0.556723 1.71174 11.75 -0.556723 1.71174 11.75 -0.556723 1.71174 11.75 -0.732756 1.6441 11.75 -0.732756 1.6441 11.75 -0.732756 1.6441 11.75 -0.732756 1.6441 11.75 -0.900747 1.55841 11.75 -0.900747 1.55841 11.75 -0.900747 1.55841 11.75 -1.05885 1.45562 11.75 -1.05885 1.45562 11.75 -1.05885 1.45562 11.75 -1.20533 1.33685 11.75 -1.20533 1.33685 11.75 -1.20533 1.33685 11.75 -1.33858 1.20341 11.75 -1.33858 1.20341 11.75 -1.33858 1.20341 11.75 -1.33858 1.20341 11.7505 -1.45672 1.05734 11.75 -1.45714 1.05676 11.75 -1.45714 1.05676 11.75 -1.55949 0.898879 11.75 -1.55949 0.898879 11.75 -1.55949 0.898879 11.75 -1.6448 0.73118 11.75 -1.6448 0.73118 11.75 -1.6448 0.73118 11.75 -1.71214 0.555492 11.75 -1.71214 0.555492 11.75 -1.71214 0.555492 11.75 -1.76077 0.373735 11.75 -1.76077 0.373735 11.75 -1.76077 0.373735 11.75 -1.79017 0.187894 11.75 -1.79017 0.187894 11.75 -1.79017 0.187894 11.75 -1.8 0 11.75 -1.8 0 11.75 -1.79017 -0.187894 11.75 -1.79017 -0.187894 11.75 -1.79017 -0.187894 11.75 -1.76077 -0.373735 11.75 -1.76077 -0.373735 11.75 -1.76077 -0.373735 11.75 -1.71214 -0.555492 11.75 -1.71214 -0.555492 11.75 -1.71214 -0.555492 11.75 -1.6448 -0.73118 11.75 -1.6448 -0.73118 11.75 -1.6448 -0.73118 11.75 -1.55949 -0.898879 11.75 -1.55949 -0.898879 11.75 -1.55949 -0.898879 11.75 -1.45714 -1.05676 11.75 -1.45714 -1.05676 11.7505 -1.45672 -1.05734 11.75 -1.33858 -1.20341 11.75 -1.33858 -1.20341 11.75 -1.33858 -1.20341 11.75 -1.33858 -1.20341 11.75 -1.20533 -1.33685 11.75 -1.20533 -1.33685 11.75 -1.20533 -1.33685 11.75 -1.05885 -1.45562 11.75 -1.05885 -1.45562 11.75 -1.05885 -1.45562 11.75 -1.05885 -1.45562 11.75 -0.900747 -1.55841 11.75 -0.900747 -1.55841 11.75 -0.900747 -1.55841 11.75 -0.732756 -1.6441 11.75 -0.732756 -1.6441 11.75 -0.732756 -1.6441 11.75 -0.556723 -1.71174 11.75 -0.556723 -1.71174 11.75 -0.556723 -1.71174 11.75 -0.374579 -1.76059 11.75 -0.374579 -1.76059 11.75 -0.374579 -1.76059 11.75 -0.188323 -1.79012 11.75 -0.188323 -1.79012 11.75 -0.188323 -1.79012 11.75 0 -1.8 11.75 0 -1.8 11.75 0 -1.8 11.75 0 -1.8 11.75 0.188323 -1.79012 11.75 0.188323 -1.79012 11.75 0.188323 -1.79012 11.75 0.374579 -1.76059 11.75 0.374579 -1.76059 11.75 0.374579 -1.76059 11.75 0.556723 -1.71174 11.75 0.556723 -1.71174 11.75 0.556723 -1.71174 11.75 0.732756 -1.6441 11.75 0.732756 -1.6441 11.75 0.732756 -1.6441 11.75 0.900747 -1.55841 11.75 0.900747 -1.55841 11.75 0.900747 -1.55841 11.75 1.05885 -1.45562 11.75 1.05885 -1.45562 11.75 1.05885 -1.45562 11.75 1.20533 -1.33685 11.75 1.20533 -1.33685 11.75 1.20533 -1.33685 11.75 1.20533 -1.33685 11.75 1.33858 -1.20341 11.75 1.33858 -1.20341 11.75 1.33858 -1.20341 11.75 1.33858 -1.20341 11.7505 1.45672 -1.05734 -12.05 0.816016 0.524422 12.05 0.816016 0.524422 12.05 0.816016 0.524422 -12.05 -0.816016 0.524422 -12.05 -0.816016 0.524422 12.05 -0.816016 0.524422 -12.05 -0.816016 -0.524422 12.05 -0.816016 -0.524422 12.05 -0.816016 -0.524422 -12.05 0.816016 -0.524422 -12.05 0.816016 -0.524422 12.05 0.816016 -0.524422 </float_array>
					<technique_common>
						<accessor count="7641" source="#geo_0-Position-array" stride="3">
							<param name="X" type="float"/>
							<param name="Y" type="float"/>
							<param name="Z" type="float"/>
						</accessor>
					</technique_common>
				</source>
				<source id="geo_0-Normals">
					<float_array count="22923" id="geo_0-Normals-array">0.00392163 1 0.00392163 0.00392163 1 0.00392163 0.00392163 1 0.00392163 0.00392163 1 0.00392163 0.00392163 1 0.00392163 0.00392163 1 0.00392163 0.00392163 1 0.00392163 0.00392163 1 0.00392163 0.00392163 1 0.00392163 0.00392163 1 0.00392163 0.00392163 1 0.00392163 0.00392163 1 0.00392163 0.00392163 1 0.00392163 -0.090196 0.992157 0.00392163 -0.176471 0.984314 0.00392163 -0.262745 0.960784 0.00392163 -0.34902 0.937255 0.00392163 -0.435294 0.898039 0.00392163 -0.513725 0.858824 0.00392163 -0.584314 0.811765 0.00392163 -0.654902 0.756863 0.00392163 -0.72549 0.694118 0.00392163 -0.780392 0.62353 0.00392163 -0.835294 0.552941 0.00392163 -0.882353 0.47451 0.00392163 -0.921569 0.396078 0.00392163 -0.952941 0.309804 0.00392163 -0.976471 0.223529 0.00392163 -0.992157 0.137255 0.00392163 -1 0.0431373 0.00392163 -1 -0.0431372 0.00392163 -0.992157 -0.137255 0.00392163 -0.976471 -0.223529 0.00392163 -0.952941 -0.309804 0.00392163 -0.921569 -0.396078 0.00392163 -0.882353 -0.47451 0.00392163 -0.835294 -0.552941 0.00392163 -0.780392 -0.623529 0.00392163 -0.72549 -0.694118 0.00392163 -0.654902 -0.756863 0.00392163 -0.584314 -0.811765 0.00392163 -0.513725 -0.858824 0.00392163 -0.435294 -0.898039 0.00392163 -0.34902 -0.937255 0.00392163 -0.262745 -0.960784 0.00392163 -0.176471 -0.984314 0.00392163 -0.090196 -0.992157 0.00392163 0.00392163 -1 0.00392163 0.00392163 -1 0.00392163 0.00392163 -1 0.00392163 0.00392163 -1 0.00392163 0.00392163 -1 0.00392163 0.00392163 -1 0.00392163 0.00392163 -1 0.00392163 0.00392163 -1 0.00392163 0.00392163 -1 0.00392163 0.00392163 -1 0.00392163 0.00392163 -1 0.00392163 0.00392163 -1 0.00392163 0.00392163 -1 0.00392163 0.00392163 -1 0.00392163 0.00392163 -1 0.00392163 0.00392163 -1 0.00392163 0.00392163 -1 0.00392163 0.00392163 -1 0.00392163 0.00392163 -1 0.00392163 0.00392163 -1 0.00392163 0.00392163 -1 0.00392163 0.00392163 -1 0.00392163 -0.090196 -0.992157 0.00392163 -0.176471 -0.984314 0.00392163 -0.262745 -0.960784 0.00392163 -0.34902 -0.937255 0.00392163 -0.435294 -0.898039 0.00392163 -0.513725 -0.858824 0.00392163 -0.584314 -0.811765 0.00392163 -0.654902 -0.756863 0.00392163 -0.72549 -0.694118 0.00392163 -0.780392 -0.623529 0.00392163 -0.835294 -0.552941 0.00392163 -0.882353 -0.47451 0.00392163 -0.921569 -0.396078 0.00392163 -0.952941 -0.309804 0.00392163 -0.976471 -0.223529 0.00392163 -0.992157 -0.137255 0.00392163 -1 -0.0431372 0.00392163 -1 0.0431373 0.00392163 -0.992157 0.137255 0.00392163 -0.976471 0.223529 0.00392163 -0.952941 0.309804 0.00392163 -0.921569 0.396078 0.00392163 -0.882353 0.47451 0.00392163 -0.835294 0.552941 0.00392163 -0.780392 0.62353 0.00392163 -0.72549 0.694118 0.00392163 -0.654902 0.756863 0.00392163 -0.584314 0.811765 0.00392163 -0.513725 0.858824 0.00392163 -0.435294 0.898039 0.00392163 -0.34902 0.937255 0.00392163 -0.262745 0.960784 0.00392163 -0.176471 0.984314 0.00392163 -0.090196 0.992157 0.00392163 0.00392163 1 0.00392163 0.00392163 1 0.00392163 0.00392163 1 0.00392163 0.00392163 1 0.00392163 0.00392163 1 0.00392163 0.00392163 1 0.00392163 0.00392163 1 0.00392163 0.00392163 1 0.00392163 0.00392163 1 0.00392163 0.00392163 1 0.00392163 0.00392163 1 0.00392163 0.00392163 1 0.00392163 0.00392163 1 0.00392163 0.00392163 1 0.00392163 0.00392163 1 0.00392163 0.00392163 1 0.00392163 0.00392163 1 0.00392163 0.00392163 1 0.00392163 0.00392163 1 0.00392163 0.00392163 1 0.00392163 0.00392163 1 0.00392163 0.00392163 1 0.00392163 0.00392163 1 0.00392163 0.00392163 1 0.00392163 0.00392163 1 0.00392163 0.00392163 1 0.00392163 0.00392163 1 0.00392163 0.00392163 1 0.00392163 0.00392163 1 0.00392163 0.00392163 1 0.00392163 0.00392163 1 0.00392163 0.00392163 1 0.00392163 0.00392163 1 0.00392163 0.00392163 1 0.00392163 0.00392163 1 0.00392163 0.00392163 1 0.00392163 0.00392163 1 0.00392163 -0.090196 0.992157 0.00392163 -0.176471 0.984314 0.00392163 -0.262745 0.960784 0.00392163 -0.34902 0.937255 0.00392163 -0.435294 0.898039 0.00392163 -0.513725 0.858824 0.00392163 -0.584314 0.811765 0.00392163 -0.654902 0.756863 0.00392163 -0.72549 0.694118 0.00392163 -0.780392 0.62353 0.00392163 -0.835294 0.552941 0.00392163 -0.882353 0.47451 0.00392163 -0.921569 0.396078 0.00392163 -0.952941 0.309804 0.00392163 -0.976471 0.223529 0.00392163 -0.992157 0.137255 0.00392163 -1 0.0431373 0.00392163 -1 -0.0431372 0.00392163 -0.992157 -0.137255 0.00392163 -0.976471 -0.223529 0.00392163 -0.952941 -0.309804 0.00392163 -0.921569 -0.396078 0.00392163 -0.882353 -0.47451 0.00392163 -0.835294 -0.552941 0.00392163 -0.780392 -0.623529 0.00392163 -0.72549 -0.694118 0.00392163 -0.654902 -0.756863 0.00392163 -0.584314 -0.811765 0.00392163 -0.513725 -0.858824 0.00392163 -0.435294 -0.898039 0.00392163 -0.34902 -0.937255 0.00392163 -0.262745 -0.960784 0.00392163 -0.176471 -0.984314 0.00392163 -0.090196 -0.992157 0.00392163 0.00392163 -1 0.00392163 0.00392163 -1 0.00392163 0.00392163 -1 0.00392163 0.00392163 -1 0.00392163 0.00392163 -1 0.00392163 0.00392163 -1 0.00392163 0.00392163 -1 0.00392163 0.00392163 -1 0.00392163 0.00392163 -1 0.00392163 0.00392163 -1 0.00392163 0.00392163 -1 0.00392163 0.00392163 -1 0.00392163 0.00392163 -1 0.00392163 0.00392163 -1 0.00392163 0.00392163 -1 0.00392163 0.00392163 -1 0.00392163 0.00392163 -1 0.00392163 0.00392163 -1 0.00392163 0.00392163 -1 0.00392163 0.00392163 -1 0.00392163 0.00392163 -1 0.00392163 0.00392163 -1 0.00392163 0.00392163 -1 0.00392163 0.00392163 -1 0.00392163 0.00392163 -1 0.00392163 0.00392163 -1 0.00392163 0.00392163 -1 0.00392163 0.00392163 -1 0.00392163 0.00392163 -1 0.00392163 0.00392163 -1 0.00392163 0.00392163 -1 0.00392163 0.00392163 -1 0.00392163 0.00392163 -1 0.00392163 0.00392163 -1 0.00392163 0.00392163 -1 0.00392163 0.00392163 -1 0.00392163 0.00392163 -1 0.00392163 0.00392163 -1 0.00392163 0.00392163 -1 0.00392163 0.00392163 -1 0.00392163 0.00392163 -1 0.00392163 0.00392163 -1 0.00392163 0.00392163 -1 0.00392163 0.00392163 -1 0.00392163 0.00392163 -1 0.00392163 0.00392163 -1 0.00392163 0.00392163 -1 0.00392163 0.00392163 -1 0.00392163 0.00392163 -1 0.00392163 0.00392163 -1 0.00392163 0.00392163 -1 0.00392163 0.00392163 -1 0.00392163 0.00392163 -1 0.00392163 0.00392163 -1 0.00392163 -0.090196 -0.992157 0.00392163 -0.176471 -0.984314 0.00392163 -0.262745 -0.960784 0.00392163 -0.34902 -0.937255 0.00392163 -0.435294 -0.898039 0.00392163 -0.513725 -0.858824 0.00392163 -0.584314 -0.811765 0.00392163 -0.654902 -0.756863 0.00392163 -0.72549 -0.694118 0.00392163 -0.780392 -0.623529 0.00392163 -0.835294 -0.552941 0.00392163 -0.882353 -0.47451 0.00392163 -0.921569 -0.396078 0.00392163 -0.952941 -0.309804 0.00392163 -0.976471 -0.223529 0.00392163 -0.992157 -0.137255 0.00392163 -1 -0.0431372 0.00392163 -1 0.0431373 0.00392163 -0.992157 0.137255 0.00392163 -0.976471 0.223529 0.00392163 -0.952941 0.309804 0.00392163 -0.921569 0.396078 0.00392163 -0.882353 0.47451 0.00392163 -0.835294 0.552941 0.00392163 -0.780392 0.62353 0.00392163 -0.72549 0.694118 0.00392163 -0.654902 0.756863 0.00392163 -0.584314 0.811765 0.00392163 -0.513725 0.858824 0.00392163 -0.435294 0.898039 0.00392163 -0.34902 0.937255 0.00392163 -0.262745 0.960784 0.00392163 -0.176471 0.984314 0.00392163 -0.090196 0.992157 0.00392163 0.00392163 1 0.00392163 0.00392163 1 0.00392163 0.00392163 1 0.00392163 0.00392163 1 0.00392163 0.00392163 1 0.00392163 0.00392163 1 0.00392163 0.00392163 1 0.00392163 0.00392163 1 0.00392163 0.00392163 1 0.00392163 0.00392163 1 0.00392163 0.00392163 1 0.00392163 0.00392163 1 0.00392163 0.00392163 1 0.00392163 0.00392163 1 0.00392163 0.00392163 1 0.00392163 0.00392163 1 0.00392163 0.00392163 1 0.00392163 0.00392163 1 0.00392163 0.00392163 1 0.00392163 0.00392163 1 0.00392163 0.00392163 1 0.00392163 0.00392163 1 0.00392163 0.00392163 1 0.00392163 0.00392163 1 0.00392163 0.00392163 1 0.00392163 0.00392163 1 0.00392163 0.00392163 1 0.00392163 0.00392163 1 0.00392163 0.00392163 1 -0.00392151 0.00392163 1 -0.00392151 0.00392163 1 -0.00392151 0.00392163 1 0.00392163 0.00392163 1 0.00392163 0.00392163 1 0.00392163 0.00392163 1 0.00392163 0.00392163 1 0.00392163 0.00392163 1 0.00392163 0.145098 0.984314 -0.0823529 0.129412 0.984314 -0.090196 0.0980393 0.992157 -0.105882 0.082353 0.992157 -0.113725 0.0666667 0.992157 -0.113725 0.00392163 1 0.00392163 0.00392163 1 0.00392163 0.00392163 1 0.00392163 0.00392163 1 0.00392163 0.00392163 1 0.00392163 0.00392163 1 0.00392163 0.00392163 1 0.00392163 0.00392163 1 0.00392163 0.00392163 1 0.00392163 0.00392163 1 0.00392163 0.00392163 1 0.00392163 0.00392163 1 0.00392163 0.00392163 1 0.00392163 0.00392163 1 0.00392163 0.160784 0.984314 -0.0745097 0.286275 0.945098 -0.160784 0.247059 0.952941 -0.184314 0.2 0.960784 -0.207843 0.168628 0.960784 -0.215686 0.137255 0.960784 -0.223529 0.0588236 0.984314 -0.152941 0.0509804 0.992157 -0.121569 0.00392163 1 0.00392163 0.00392163 1 0.00392163 0.00392163 1 0.00392163 0.00392163 1 0.00392163 0.00392163 1 0.00392163 0.00392163 1 0.00392163 0.00392163 1 0.00392163 0.00392163 1 0.00392163 0.113726 0.992157 0.00392163 0.231373 0.976471 0.00392163 0.341177 0.937255 0.00392163 0.45098 0.890196 0.00392163 0.552941 0.835294 0.00392163 0.639216 0.764706 0.00392163 0.72549 0.686275 0.00392163 0.803922 0.6 0.00392163 0.866667 0.498039 0.00392163 0.921569 0.396078 0.00392163 0.960784 0.286275 0.00392163 0.984314 0.176471 0.00392163 1 0.0588236 0.00392163 1 -0.0588235 0.00392163 0.984314 -0.176471 0.00392163 0.960784 -0.286274 0.00392163 0.921569 -0.396078 0.00392163 0.866667 -0.498039 0.00392163 0.803922 -0.6 0.00392163 0.72549 -0.686275 0.00392163 0.639216 -0.764706 0.00392163 0.552941 -0.835294 0.00392163 0.45098 -0.890196 0.00392163 0.341177 -0.937255 0.00392163 0.231373 -0.976471 0.00392163 0.113726 -0.992157 0.00392163 0.00392163 -1 0.00392163 0.00392163 -1 0.00392163 0.00392163 -1 0.00392163 0.00392163 -1 0.00392163 0.00392163 -1 0.00392163 0.00392163 -1 0.00392163 0.00392163 -1 0.00392163 0.00392163 -1 0.00392163 0.00392163 -1 0.00392163 0.00392163 -1 0.00392163 0.00392163 -1 0.00392163 0.00392163 -1 0.00392163 0.00392163 -1 0.00392163 0.00392163 -1 0.00392163 0.00392163 -1 0.00392163 0.00392163 -1 0.00392163 0.00392163 -1 0.00392163 0.00392163 -1 0.00392163 0.113726 -0.992157 0.00392163 0.231373 -0.976471 0.00392163 0.341177 -0.937255 0.00392163 0.45098 -0.890196 0.00392163 0.552941 -0.835294 0.00392163 0.639216 -0.764706 0.00392163 0.72549 -0.686275 0.00392163 0.803922 -0.6 0.00392163 0.866667 -0.498039 0.00392163 0.921569 -0.396078 0.00392163 0.960784 -0.286274 0.00392163 0.984314 -0.176471 0.00392163 1 -0.0588235 0.00392163 1 0.0588236 0.00392163 0.984314 0.176471 0.00392163 0.960784 0.286275 0.00392163 0.921569 0.396078 0.00392163 0.866667 0.498039 0.00392163 0.803922 0.6 0.00392163 0.72549 0.686275 0.00392163 0.639216 0.764706 0.00392163 0.552941 0.835294 0.00392163 0.45098 0.890196 0.00392163 0.341177 0.937255 0.00392163 0.231373 0.976471 0.00392163 0.113726 0.992157 0.00392163 0.00392163 1 0.00392163 0.00392163 1 0.00392163 0.00392163 1 0.00392163 0.00392163 1 0.00392163 0.00392163 1 0.00392163 0.00392163 1 0.00392163 0.00392163 1 0.00392163 0.00392163 1 0.00392163 0.00392163 1 0.00392163 0.00392163 1 0.00392163 0.00392163 1 0.00392163 0.00392163 1 0.00392163 0.00392163 1 0.00392163 0.00392163 1 0.00392163 0.00392163 1 0.00392163 0.00392163 1 0.00392163 0.239216 0.968628 0.00392163 0.239216 0.968628 -0.00392151 0.231373 0.968628 -0.0117646 0.215686 0.976471 -0.0274509 0.207843 0.976471 -0.0431372 0.192157 0.976471 -0.0509803 0.176471 0.984314 -0.0588235 0.32549 0.937255 -0.145098 0.364706 0.913726 -0.2 0.309804 0.921569 -0.231372 0.247059 0.929412 -0.262745 0.215686 0.937255 -0.270588 0.176471 0.945098 -0.286274 0.129412 0.945098 -0.294118 0.105882 0.968628 -0.231372 0.0901961 0.945098 -0.301961 0.0901961 0.945098 -0.301961 0.0745099 0.890196 -0.45098 0.00392163 0.811765 -0.584314 0.00392163 0.811765 -0.584314 0.152941 0.803922 -0.576471 0.294118 0.780392 -0.545098 0.427451 0.756863 -0.505882 0.537255 0.717647 -0.45098 0.62353 0.670588 -0.396078 0.701961 0.631373 -0.341176 0.756863 0.584314 -0.286274 0.811765 0.537255 -0.231372 0.87451 0.458824 -0.152941 0.913726 0.388235 -0.0823529 0.937255 0.34902 -0.0352941 0.945098 0.333333 -0.00392151 0.937255 0.34902 0.0352942 0.913726 0.388235 0.082353 0.87451 0.458824 0.152941 0.811765 0.537255 0.231373 0.756863 0.584314 0.286275 0.701961 0.631373 0.341177 0.62353 0.670588 0.396078 0.537255 0.717647 0.45098 0.427451 0.756863 0.505883 0.294118 0.780392 0.545098 0.152941 0.803922 0.576471 -0.00392151 0.811765 0.584314 0.00392163 0.811765 0.584314 0.0745099 0.890196 0.45098 0.0901961 0.945098 0.301961 0.0588236 0.984314 0.152941 0.00392163 1 0.00392163 0.00392163 1 0.00392163 0.00392163 1 0.00392163 0.00392163 1 0.00392163 0.00392163 1 0.00392163 0.00392163 1 0.00392163 0.00392163 1 0.00392163 0.00392163 1 0.00392163 0.00392163 1 0.00392163 0.00392163 1 0.00392163 0.00392163 1 0.00392163 0.00392163 1 0.00392163 0.00392163 1 0.00392163 0.00392163 1 0.00392163 0.113726 0.992157 0.00392163 0.231373 0.976471 0.00392163 0.341177 0.937255 0.00392163 0.45098 0.890196 0.00392163 0.552941 0.835294 0.00392163 0.639216 0.764706 0.00392163 0.72549 0.686275 0.00392163 0.803922 0.6 0.00392163 0.866667 0.498039 0.00392163 0.921569 0.396078 0.00392163 0.960784 0.286275 0.00392163 0.984314 0.176471 0.00392163 1 0.0588236 0.00392163 1 -0.0588235 0.00392163 0.984314 -0.176471 0.00392163 0.960784 -0.286274 0.00392163 0.921569 -0.396078 0.00392163 0.866667 -0.498039 0.00392163 0.803922 -0.6 0.00392163 0.72549 -0.686275 0.00392163 0.639216 -0.764706 0.00392163 0.552941 -0.835294 0.00392163 0.45098 -0.890196 0.00392163 0.341177 -0.937255 0.00392163 0.231373 -0.976471 0.00392163 0.113726 -0.992157 0.00392163 0.00392163 -1 0.00392163 0.00392163 -1 0.00392163 0.00392163 -1 0.00392163 0.00392163 -1 0.00392163 0.00392163 -1 0.00392163 0.00392163 -1 0.00392163 0.00392163 -1 0.00392163 0.00392163 -1 0.00392163 0.00392163 -1 0.00392163 0.00392163 -1 0.00392163 0.00392163 -1 0.00392163 0.00392163 -1 0.00392163 0.00392163 -1 0.00392163 0.00392163 -1 0.00392163 0.0588236 -0.984314 0.152941 0.0901961 -0.945098 0.301961 0.0745099 -0.890196 0.45098 0.00392163 -0.811765 0.584314 0.00392163 -0.811765 0.584314 0.152941 -0.803922 0.576471 0.294118 -0.780392 0.545098 0.427451 -0.756863 0.505883 0.537255 -0.717647 0.45098 0.62353 -0.670588 0.396078 0.701961 -0.631373 0.341177 0.756863 -0.584314 0.286275 0.811765 -0.537255 0.231373 0.87451 -0.458824 0.152941 0.913726 -0.388235 0.082353 0.937255 -0.34902 0.0352942 0.945098 -0.333333 0.00392163 0.937255 -0.34902 -0.0352941 0.913726 -0.388235 -0.0823529 0.87451 -0.458824 -0.152941 0.811765 -0.537255 -0.231372 0.756863 -0.584314 -0.286274 0.701961 -0.631373 -0.341176 0.62353 -0.670588 -0.396078 0.537255 -0.717647 -0.45098 0.427451 -0.756863 -0.505882 0.294118 -0.780392 -0.545098 0.152941 -0.803922 -0.576471 -0.00392151 -0.811765 -0.584314 0.00392163 -0.811765 -0.584314 0.0745099 -0.890196 -0.45098 0.0901961 -0.945098 -0.301961 0.0588236 -0.984314 -0.152941 0.00392163 -1 0.00392163 0.00392163 -1 0.00392163 0.00392163 -1 0.00392163 0.00392163 -1 0.00392163 0.00392163 -1 0.00392163 0.00392163 -1 0.00392163 0.00392163 -1 0.00392163 0.00392163 -1 0.00392163 0.00392163 -1 0.00392163 0.00392163 -1 0.00392163 0.00392163 -1 0.00392163 0.00392163 -1 0.00392163 0.00392163 -1 0.00392163 0.00392163 -1 0.00392163 0.113726 -0.992157 0.00392163 0.231373 -0.976471 0.00392163 0.341177 -0.937255 0.00392163 0.45098 -0.890196 0.00392163 0.552941 -0.835294 0.00392163 0.639216 -0.764706 0.00392163 0.72549 -0.686275 0.00392163 0.803922 -0.6 0.00392163 0.866667 -0.498039 0.00392163 0.921569 -0.396078 0.00392163 0.960784 -0.286274 0.00392163 0.984314 -0.176471 0.00392163 1 -0.0588235 0.00392163 1 0.0588236 0.00392163 0.984314 0.176471 0.00392163 0.960784 0.286275 0.00392163 0.921569 0.396078 0.00392163 0.866667 0.498039 0.00392163 0.803922 0.6 0.00392163 0.72549 0.686275 0.00392163 0.639216 0.764706 0.00392163 0.552941 0.835294 0.00392163 0.45098 0.890196 0.00392163 0.341177 0.937255 0.00392163 0.231373 0.976471 0.00392163 0.113726 0.992157 0.00392163 0.00392163 1 0.00392163 0.00392163 1 0.00392163 0.00392163 1 0.00392163 0.00392163 1 0.00392163 0.00392163 1 0.00392163 0.00392163 1 0.00392163 0.00392163 1 0.00392163 0.00392163 -1 0.00392163 0.00392163 -1 0.00392163 0.00392163 -1 0.00392163 0.00392163 -1 0.00392163 0.00392163 -1 0.00392163 0.00392163 -1 0.00392163 0.00392163 -1 0.00392163 0.00392163 -1 0.00392163 0.00392163 -1 0.00392163 0.00392163 -1 0.00392163 0.00392163 -1 0.00392163 0.00392163 -1 0.00392163 0.00392163 -1 0.00392163 0.00392163 -1 0.00392163 0.00392163 -1 0.00392163 0.00392163 -1 0.00392163 0.00392163 -1 0.00392163 0.00392163 -1 0.00392163 0.00392163 -1 0.00392163 0.00392163 1 0.00392163 0.145098 0.984314 0.082353 0.168628 0.984314 0.0745099 0.192157 0.984314 0.0509804 0.207843 0.976471 0.0352942 0.223529 0.976471 0.027451 0.231373 0.976471 0.0196079 0.239216 0.968628 0.0117648 0.466667 0.882353 0.00392163 0.466667 0.882353 -0.0117646 0.458824 0.890196 -0.0274509 0.427451 0.905882 -0.0588235 0.403922 0.913726 -0.0823529 0.380392 0.921569 -0.0980392 0.34902 0.929412 -0.121569 0.403922 0.898039 -0.176471 0.47451 0.835294 -0.270588 0.411765 0.858824 -0.301961 0.333333 0.87451 -0.34902 0.286275 0.890196 -0.364706 0.231373 0.898039 -0.380392 0.176471 0.905882 -0.396078 0.121569 0.905882 -0.403922 0.145098 0.850981 -0.498039 0.0745099 0.858824 -0.505882 0.223529 0.843137 -0.490196 0.286275 0.835294 -0.466667 0.34902 0.819608 -0.45098 0.403922 0.811765 -0.427451 0.505883 0.772549 -0.372549 0.584314 0.741177 -0.32549 0.639216 0.709804 -0.286274 0.694118 0.678432 -0.239216 0.733333 0.647059 -0.2 0.780392 0.607843 -0.152941 0.811765 0.576471 -0.113725 0.850981 0.521569 -0.0509803 0.866667 0.498039 -0.0274509 0.866667 0.498039 0.00392163 0.858824 0.505883 0.0352942 0.843137 0.529412 0.0666667 0.819608 0.560784 0.105882 0.788235 0.6 0.145098 0.72549 0.654902 0.207843 0.647059 0.709804 0.278431 0.576471 0.74902 0.333333 0.513726 0.772549 0.372549 0.443137 0.796079 0.403922 0.34902 0.819608 0.45098 0.239216 0.843137 0.482353 0.129412 0.850981 0.505883 0.0666667 0.858824 0.505883 0.0980393 0.905882 0.403922 0.2 0.898039 0.388235 0.145098 0.945098 0.294118 0.113726 0.968628 0.231373 0.0588236 0.992157 0.113726 0.00392163 1 0.00392163 0.00392163 1 0.00392163 0.00392163 1 0.00392163 0.129412 0.984314 0.0901961 0.286275 0.945098 0.160784 0.32549 0.937255 0.137255 0.372549 0.921569 0.105882 0.403922 0.913726 0.0745099 0.427451 0.898039 0.0588236 0.45098 0.890196 0.0352942 0.458824 0.890196 0.0196079 0.576471 0.819608 0.00392163 0.576471 0.819608 -0.0196078 0.560784 0.827451 -0.0352941 0.529412 0.843137 -0.0745097 0.498039 0.858824 -0.0980392 0.466667 0.87451 -0.129412 0.435294 0.882353 -0.152941 0.529412 0.819608 -0.231372 0.576471 0.796079 -0.2 0.615686 0.772549 -0.168627 0.654902 0.74902 -0.129412 0.686275 0.72549 -0.0980392 0.72549 0.686275 -0.0431372 0.733333 0.678432 -0.0196078 0.741177 0.670588 0.00392163 0.733333 0.678432 0.027451 0.717647 0.694118 0.0588236 0.694118 0.717647 0.0901961 0.654902 0.741177 0.121569 0.607843 0.780392 0.176471 0.537255 0.811765 0.231373 0.47451 0.835294 0.270588 0.419608 0.858824 0.301961 0.364706 0.87451 0.333333 0.286275 0.890196 0.364706 0.215686 0.937255 0.270588 0.168628 0.960784 0.215686 0.082353 0.992157 0.105882 0.113726 0.992157 0.0980393 0.254902 0.952941 0.184314 0.356863 0.913726 0.207843 0.403922 0.898039 0.176471 0.458824 0.87451 0.129412 0.505883 0.858824 0.0980393 0.537255 0.843137 0.0666667 0.552941 0.827451 0.0431373 0.568628 0.819608 0.0196079 0.317647 0.921569 0.231373 0.270588 0.929412 0.247059 0.215686 0.952941 0.2 0.00392163 -1 0.00392163 0.00392163 -1 0.00392163 0.00392163 -1 0.00392163 0.0666667 -0.992157 0.113726 0.0509804 -0.992157 0.121569 0.137255 -0.960784 0.223529 0.105882 -0.968627 0.231373 0.0901961 -0.945098 0.301961 0.129412 -0.945098 0.294118 0.121569 -0.905882 0.403922 0.145098 -0.85098 0.498039 0.0745099 -0.858824 0.505883 0.223529 -0.843137 0.490196 0.286275 -0.835294 0.466667 0.34902 -0.819608 0.45098 0.403922 -0.811765 0.427451 0.505883 -0.772549 0.372549 0.584314 -0.741176 0.32549 0.639216 -0.709804 0.286275 0.694118 -0.678431 0.239216 0.733333 -0.647059 0.2 0.780392 -0.607843 0.152941 0.811765 -0.576471 0.113726 0.850981 -0.521569 0.0509804 0.866667 -0.498039 0.027451 0.866667 -0.498039 -0.00392151 0.858824 -0.505882 -0.0352941 0.843137 -0.529412 -0.0666666 0.819608 -0.560784 -0.105882 0.788235 -0.6 -0.145098 0.72549 -0.654902 -0.207843 0.647059 -0.709804 -0.278431 0.576471 -0.74902 -0.333333 0.513726 -0.772549 -0.372549 0.443137 -0.796078 -0.403922 0.34902 -0.819608 -0.45098 0.239216 -0.843137 -0.482353 0.129412 -0.85098 -0.505882 0.0666667 -0.858824 -0.505882 0.0980393 -0.905882 -0.403922 0.2 -0.898039 -0.388235 0.145098 -0.945098 -0.294118 0.113726 -0.968627 -0.231372 0.0588236 -0.992157 -0.113725 0.00392163 -1 0.00392163 0.00392163 -1 0.00392163 0.00392163 -1 0.00392163 0.129412 -0.984314 -0.090196 0.145098 -0.984314 -0.0823529 0.00392163 -1 0.00392163 0.168628 -0.984314 -0.0745097 0.192157 -0.984314 -0.0509803 0.207843 -0.976471 -0.0352941 0.223529 -0.976471 -0.0274509 0.231373 -0.976471 -0.0196078 0.239216 -0.968627 -0.0117646 0.239216 -0.968627 -0.00392151 0.239216 -0.968627 0.00392163 0.231373 -0.968627 0.0117648 0.215686 -0.976471 0.027451 0.207843 -0.976471 0.0431373 0.192157 -0.976471 0.0509804 0.176471 -0.984314 0.0588236 0.160784 -0.984314 0.0745099 0.145098 -0.984314 0.082353 0.00392163 -1 0.00392163 0.00392163 -1 0.00392163 0.082353 -0.992157 0.113726 0.168628 -0.960784 0.215686 0.176471 -0.945098 0.286275 0.176471 -0.905882 0.396078 0.231373 -0.898039 0.380392 0.286275 -0.890196 0.364706 0.333333 -0.87451 0.34902 0.411765 -0.858824 0.301961 0.47451 -0.835294 0.270588 0.529412 -0.819608 0.231373 0.576471 -0.796078 0.2 0.615686 -0.772549 0.168628 0.654902 -0.74902 0.129412 0.686275 -0.72549 0.0980393 0.72549 -0.686275 0.0431373 0.733333 -0.678431 0.0196079 0.741177 -0.670588 -0.00392151 0.733333 -0.678431 -0.0274509 0.717647 -0.694118 -0.0588235 0.694118 -0.717647 -0.090196 0.654902 -0.741176 -0.121569 0.607843 -0.780392 -0.176471 0.537255 -0.811765 -0.231372 0.47451 -0.835294 -0.270588 0.419608 -0.858824 -0.301961 0.364706 -0.87451 -0.333333 0.286275 -0.890196 -0.364706 0.215686 -0.937255 -0.270588 0.168628 -0.960784 -0.215686 0.082353 -0.992157 -0.105882 0.113726 -0.992157 -0.0980392 0.254902 -0.952941 -0.184314 0.286275 -0.945098 -0.160784 0.32549 -0.937255 -0.137255 0.372549 -0.921569 -0.105882 0.403922 -0.913725 -0.0745097 0.427451 -0.898039 -0.0588235 0.45098 -0.890196 -0.0352941 0.458824 -0.890196 -0.0196078 0.466667 -0.882353 -0.00392151 0.466667 -0.882353 0.0117648 0.458824 -0.890196 0.027451 0.427451 -0.905882 0.0588236 0.403922 -0.913725 0.082353 0.380392 -0.921569 0.0980393 0.34902 -0.929412 0.121569 0.32549 -0.937255 0.145098 0.286275 -0.945098 0.160784 0.247059 -0.952941 0.184314 0.129412 -0.984314 0.0901961 0.00392163 -1 0.00392163 0.0980393 -0.992157 0.105882 0.2 -0.960784 0.207843 0.215686 -0.937255 0.270588 0.247059 -0.929412 0.262745 0.309804 -0.921569 0.231373 0.364706 -0.913725 0.2 0.403922 -0.898039 0.176471 0.435294 -0.882353 0.152941 0.466667 -0.87451 0.129412 0.498039 -0.858824 0.0980393 0.529412 -0.843137 0.0745099 0.560784 -0.827451 0.0352942 0.576471 -0.819608 0.0196079 0.576471 -0.819608 -0.00392151 0.568628 -0.819608 -0.0196078 0.552941 -0.827451 -0.0431372 0.537255 -0.843137 -0.0666666 0.505883 -0.858824 -0.0980392 0.458824 -0.87451 -0.129412 0.403922 -0.898039 -0.176471 0.356863 -0.913725 -0.207843 0.317647 -0.921569 -0.231372 0.270588 -0.929412 -0.247059 0.215686 -0.952941 -0.2 0.00392163 0.00392163 -1 0.223529 0.00392163 -0.976471 0.435294 0.00392163 -0.898039 0.62353 0.00392163 -0.780392 0.780392 0.00392163 -0.623529 0.898039 0.00392163 -0.435294 0.976471 0.00392163 -0.223529 1 0.00392163 0.00392163 1 0.00392163 0.00392163 0.976471 0.00392163 0.223529 0.898039 0.00392163 0.435294 0.780392 0.00392163 0.62353 0.62353 0.00392163 0.780392 0.435294 0.00392163 0.898039 0.223529 0.00392163 0.976471 0.00392163 0.00392163 1 0.00392163 0.00392163 1 0.00392163 0.00392163 1 0.00392163 0.00392163 1 0.00392163 0.00392163 1 0.00392163 0.00392163 1 0.00392163 0.00392163 1 0.00392163 0.00392163 1 0.00392163 0.00392163 1 0.00392163 0.00392163 1 0.00392163 0.00392163 1 0.00392163 0.00392163 1 0.00392163 0.00392163 1 0.00392163 0.00392163 1 0.00392163 0.00392163 1 0.00392163 0.00392163 1 0.00392163 0.00392163 1 0.00392163 0.00392163 1 0.00392163 0.00392163 1 0.00392163 0.00392163 1 0.00392163 0.00392163 1 0.00392163 0.00392163 1 0.00392163 0.00392163 1 0.00392163 0.00392163 1 0.00392163 0.00392163 1 0.00392163 0.00392163 1 0.00392163 0.00392163 1 0.00392163 0.00392163 1 0.00392163 0.00392163 1 0.00392163 0.00392163 1 0.223529 0.00392163 0.976471 0.435294 0.00392163 0.898039 0.62353 0.00392163 0.780392 0.780392 0.00392163 0.62353 0.898039 0.00392163 0.435294 0.976471 0.00392163 0.223529 1 0.00392163 0.00392163 1 0.00392163 0.00392163 0.976471 0.00392163 -0.223529 0.898039 0.00392163 -0.435294 0.780392 0.00392163 -0.623529 0.62353 0.00392163 -0.780392 0.435294 0.00392163 -0.898039 0.223529 0.00392163 -0.976471 0.00392163 0.00392163 -1 0.00392163 0.00392163 -1 0.00392163 0.00392163 -1 0.00392163 0.00392163 -1 0.00392163 0.00392163 -1 0.00392163 0.00392163 -1 0.00392163 0.00392163 -1 0.00392163 0.00392163 -1 0.00392163 0.00392163 -1 0.00392163 0.00392163 -1 0.00392163 0.00392163 -1 0.00392163 0.00392163 -1 0.00392163 0.00392163 -1 0.00392163 0.00392163 -1 0.00392163 0.00392163 -1 0.00392163 0.00392163 -1 0.00392163 0.00392163 -1 0.00392163 0.00392163 -1 0.00392163 0.00392163 -1 0.00392163 0.00392163 -1 0.00392163 0.00392163 -1 0.00392163 0.00392163 -1 0.00392163 0.00392163 -1 0.00392163 0.00392163 -1 0.00392163 0.00392163 -1 0.00392163 0.00392163 -1 0.00392163 0.00392163 -1 0.00392163 0.00392163 -1 0.00392163 0.00392163 -1 0.00392163 0.00392163 1 0.00392163 0.00392163 1 0.00392163 0.00392163 1 0.00392163 0.00392163 1 0.00392163 0.00392163 1 0.00392163 0.00392163 1 0.00392163 0.00392163 1 0.00392163 0.00392163 1 0.00392163 0.00392163 1 0.00392163 0.00392163 1 0.00392163 0.00392163 1 0.00392163 0.00392163 1 0.00392163 0.00392163 1 0.00392163 0.00392163 1 0.00392163 0.00392163 1 0.00392163 0.00392163 1 0.00392163 0.00392163 1 0.00392163 0.00392163 1 0.00392163 0.00392163 1 0.00392163 0.00392163 1 0.00392163 0.00392163 1 0.00392163 0.00392163 1 0.00392163 0.00392163 1 0.00392163 0.00392163 1 0.00392163 0.00392163 1 0.00392163 0.00392163 1 0.00392163 0.00392163 1 0.00392163 0.00392163 1 0.00392163 0.00392163 1 0.00392163 0.00392163 1 0.00392163 0.00392163 1 0.00392163 0.00392163 1 0.00392163 0.00392163 1 0.00392163 0.00392163 1 0.00392163 0.00392163 1 0.00392163 0.00392163 1 0.00392163 0.00392163 1 0.00392163 0.00392163 1 0.00392163 0.00392163 1 0.00392163 0.00392163 1 0.00392163 0.00392163 1 0.00392163 0.00392163 1 0.223529 -0.0352941 0.976471 0.223529 0.00392163 0.976471 0.223529 0.0352942 0.976471 0.215686 0.0588236 0.976471 0.2 0.0901961 0.976471 0.184314 0.121569 0.976471 0.168628 0.145098 0.976471 0.145098 0.168628 0.976471 0.121569 0.184314 0.976471 0.0901961 0.2 0.976471 0.0588236 0.215686 0.976471 0.0352942 0.223529 0.976471 0.00392163 0.223529 0.976471 -0.0352941 0.223529 0.976471 -0.0588235 0.215686 0.976471 -0.090196 0.2 0.976471 -0.121569 0.184314 0.976471 -0.145098 0.168628 0.976471 -0.168627 0.145098 0.976471 -0.184314 0.121569 0.976471 -0.2 0.0901961 0.976471 -0.215686 0.0588236 0.976471 -0.223529 0.0352942 0.976471 -0.223529 0.00392163 0.976471 -0.223529 -0.0352941 0.976471 -0.215686 -0.0588235 0.976471 -0.2 -0.090196 0.976471 -0.184314 -0.121569 0.976471 -0.168627 -0.145098 0.976471 -0.145098 -0.168627 0.976471 -0.121569 -0.184314 0.976471 -0.090196 -0.2 0.976471 -0.0588235 -0.215686 0.976471 -0.0352941 -0.223529 0.976471 0.00392163 -0.223529 0.976471 0.0352942 -0.223529 0.976471 0.0588236 -0.215686 0.976471 0.0901961 -0.2 0.976471 0.121569 -0.184314 0.976471 0.145098 -0.168627 0.976471 0.168628 -0.145098 0.976471 0.184314 -0.121569 0.976471 0.2 -0.090196 0.976471 0.215686 -0.0588235 0.976471 0.615686 -0.090196 0.780392 0.62353 0.00392163 0.780392 0.615686 0.0901961 0.780392 0.6 0.176471 0.780392 0.568628 0.262745 0.780392 0.521569 0.333333 0.780392 0.47451 0.411765 0.780392 0.411765 0.47451 0.780392 0.333333 0.521569 0.780392 0.262745 0.568628 0.780392 0.176471 0.6 0.780392 0.0901961 0.615686 0.780392 0.00392163 0.62353 0.780392 -0.090196 0.615686 0.780392 -0.176471 0.6 0.780392 -0.262745 0.568628 0.780392 -0.333333 0.521569 0.780392 -0.411765 0.47451 0.780392 -0.47451 0.411765 0.780392 -0.521569 0.333333 0.780392 -0.568627 0.262745 0.780392 -0.6 0.176471 0.780392 -0.615686 0.0901961 0.780392 -0.623529 0.00392163 0.780392 -0.615686 -0.090196 0.780392 -0.6 -0.176471 0.780392 -0.568627 -0.262745 0.780392 -0.521569 -0.333333 0.780392 -0.47451 -0.411765 0.780392 -0.411765 -0.47451 0.780392 -0.333333 -0.521569 0.780392 -0.262745 -0.568627 0.780392 -0.176471 -0.6 0.780392 -0.090196 -0.615686 0.780392 0.00392163 -0.623529 0.780392 0.0901961 -0.615686 0.780392 0.176471 -0.6 0.780392 0.262745 -0.568627 0.780392 0.333333 -0.521569 0.780392 0.411765 -0.47451 0.780392 0.47451 -0.411765 0.780392 0.521569 -0.333333 0.780392 0.568628 -0.262745 0.780392 0.6 -0.176471 0.780392 0.890196 -0.129412 0.435294 0.898039 0.00392163 0.435294 0.890196 0.129412 0.435294 0.866667 0.254902 0.435294 0.819608 0.372549 0.435294 0.756863 0.490196 0.435294 0.678432 0.592157 0.435294 0.592157 0.678432 0.435294 0.490196 0.756863 0.435294 0.372549 0.819608 0.435294 0.254902 0.866667 0.435294 0.129412 0.890196 0.435294 0.00392163 0.898039 0.435294 -0.129412 0.890196 0.435294 -0.254902 0.866667 0.435294 -0.372549 0.819608 0.435294 -0.490196 0.756863 0.435294 -0.592157 0.678432 0.435294 -0.678431 0.592157 0.435294 -0.756863 0.490196 0.435294 -0.819608 0.372549 0.435294 -0.866667 0.254902 0.435294 -0.890196 0.129412 0.435294 -0.898039 0.00392163 0.435294 -0.890196 -0.129412 0.435294 -0.866667 -0.254902 0.435294 -0.819608 -0.372549 0.435294 -0.756863 -0.490196 0.435294 -0.678431 -0.592157 0.435294 -0.592157 -0.678431 0.435294 -0.490196 -0.756863 0.435294 -0.372549 -0.819608 0.435294 -0.254902 -0.866667 0.435294 -0.129412 -0.890196 0.435294 0.00392163 -0.898039 0.435294 0.129412 -0.890196 0.435294 0.254902 -0.866667 0.435294 0.372549 -0.819608 0.435294 0.490196 -0.756863 0.435294 0.592157 -0.678431 0.435294 0.678432 -0.592157 0.435294 0.756863 -0.490196 0.435294 0.819608 -0.372549 0.435294 0.866667 -0.254902 0.435294 0.984314 -0.160784 0.00392163 1 0.00392163 0.00392163 0.984314 0.160784 0.00392163 0.945098 0.317647 0.00392163 0.882353 0.466667 0.00392163 0.796079 0.6 0.00392163 0.694118 0.717647 0.00392163 0.568628 0.819608 0.00392163 0.427451 0.905882 0.00392163 0.278431 0.960784 0.00392163 0.121569 0.992157 0.00392163 -0.0431372 1 0.00392163 -0.2 0.976471 0.00392163 -0.356863 0.937255 0.00392163 -0.498039 0.866667 0.00392163 -0.631373 0.772549 0.00392163 -0.74902 0.662745 0.00392163 -0.843137 0.537255 0.00392163 -0.921569 0.388235 0.00392163 -0.968627 0.239216 0.00392163 -1 0.082353 0.00392163 -1 -0.0823529 0.00392163 -0.968627 -0.239216 0.00392163 -0.921569 -0.388235 0.00392163 -0.843137 -0.537255 0.00392163 -0.74902 -0.662745 0.00392163 -0.631373 -0.772549 0.00392163 -0.498039 -0.866667 0.00392163 -0.356863 -0.937255 0.00392163 -0.2 -0.976471 0.00392163 -0.0431372 -1 0.00392163 0.121569 -0.992157 0.00392163 0.278431 -0.960784 0.00392163 0.427451 -0.905882 0.00392163 0.568628 -0.819608 0.00392163 0.694118 -0.717647 0.00392163 0.796079 -0.6 0.00392163 0.882353 -0.466667 0.00392163 0.945098 -0.317647 0.00392163 0.984314 -0.160784 0.00392163 1 0.00392163 0.00392163 0.984314 0.160784 0.00392163 0.945098 0.317647 0.00392163 0.882353 0.466667 0.00392163 0.796079 0.6 0.00392163 0.694118 0.717647 0.00392163 0.568628 0.819608 0.00392163 0.427451 0.905882 0.00392163 0.278431 0.960784 0.00392163 0.121569 0.992157 0.00392163 -0.0431372 1 0.00392163 -0.2 0.976471 0.00392163 -0.356863 0.937255 0.00392163 -0.498039 0.866667 0.00392163 -0.631373 0.772549 0.00392163 -0.74902 0.662745 0.00392163 -0.843137 0.537255 0.00392163 -0.921569 0.388235 0.00392163 -0.968627 0.239216 0.00392163 -1 0.082353 0.00392163 -1 -0.0823529 0.00392163 -0.968627 -0.239216 0.00392163 -0.921569 -0.388235 0.00392163 -0.843137 -0.537255 0.00392163 -0.74902 -0.662745 0.00392163 -0.631373 -0.772549 0.00392163 -0.498039 -0.866667 0.00392163 -0.356863 -0.937255 0.00392163 -0.2 -0.976471 0.00392163 -0.0431372 -1 0.00392163 0.121569 -0.992157 0.00392163 0.278431 -0.960784 0.00392163 0.427451 -0.905882 0.00392163 0.568628 -0.819608 0.00392163 0.694118 -0.717647 0.00392163 0.796079 -0.6 0.00392163 0.882353 -0.466667 0.00392163 0.945098 -0.317647 0.00392163 0.866667 -0.254902 -0.435294 0.890196 -0.129412 -0.435294 0.898039 0.00392163 -0.435294 0.890196 0.129412 -0.435294 0.866667 0.254902 -0.435294 0.819608 0.372549 -0.435294 0.756863 0.490196 -0.435294 0.678432 0.592157 -0.435294 0.592157 0.678432 -0.435294 0.490196 0.756863 -0.435294 0.372549 0.819608 -0.435294 0.254902 0.866667 -0.435294 0.129412 0.890196 -0.435294 0.00392163 0.898039 -0.435294 -0.129412 0.890196 -0.435294 -0.254902 0.866667 -0.435294 -0.372549 0.819608 -0.435294 -0.490196 0.756863 -0.435294 -0.592157 0.678432 -0.435294 -0.678431 0.592157 -0.435294 -0.756863 0.490196 -0.435294 -0.819608 0.372549 -0.435294 -0.866667 0.254902 -0.435294 -0.890196 0.129412 -0.435294 -0.898039 0.00392163 -0.435294 -0.890196 -0.129412 -0.435294 -0.866667 -0.254902 -0.435294 -0.819608 -0.372549 -0.435294 -0.756863 -0.490196 -0.435294 -0.678431 -0.592157 -0.435294 -0.592157 -0.678431 -0.435294 -0.490196 -0.756863 -0.435294 -0.372549 -0.819608 -0.435294 -0.254902 -0.866667 -0.435294 -0.129412 -0.890196 -0.435294 0.00392163 -0.898039 -0.435294 0.129412 -0.890196 -0.435294 0.254902 -0.866667 -0.435294 0.372549 -0.819608 -0.435294 0.490196 -0.756863 -0.435294 0.592157 -0.678431 -0.435294 0.678432 -0.592157 -0.435294 0.756863 -0.490196 -0.435294 0.819608 -0.372549 -0.435294 0.6 -0.176471 -0.780392 0.615686 -0.090196 -0.780392 0.62353 0.00392163 -0.780392 0.615686 0.0901961 -0.780392 0.6 0.176471 -0.780392 0.568628 0.262745 -0.780392 0.521569 0.333333 -0.780392 0.47451 0.411765 -0.780392 0.411765 0.47451 -0.780392 0.333333 0.521569 -0.780392 0.262745 0.568628 -0.780392 0.176471 0.6 -0.780392 0.0901961 0.615686 -0.780392 0.00392163 0.62353 -0.780392 -0.090196 0.615686 -0.780392 -0.176471 0.6 -0.780392 -0.262745 0.568628 -0.780392 -0.333333 0.521569 -0.780392 -0.411765 0.47451 -0.780392 -0.47451 0.411765 -0.780392 -0.521569 0.333333 -0.780392 -0.568627 0.262745 -0.780392 -0.6 0.176471 -0.780392 -0.615686 0.0901961 -0.780392 -0.623529 0.00392163 -0.780392 -0.615686 -0.090196 -0.780392 -0.6 -0.176471 -0.780392 -0.568627 -0.262745 -0.780392 -0.521569 -0.333333 -0.780392 -0.47451 -0.411765 -0.780392 -0.411765 -0.47451 -0.780392 -0.333333 -0.521569 -0.780392 -0.262745 -0.568627 -0.780392 -0.176471 -0.6 -0.780392 -0.090196 -0.615686 -0.780392 0.00392163 -0.623529 -0.780392 0.0901961 -0.615686 -0.780392 0.176471 -0.6 -0.780392 0.262745 -0.568627 -0.780392 0.333333 -0.521569 -0.780392 0.411765 -0.47451 -0.780392 0.47451 -0.411765 -0.780392 0.521569 -0.333333 -0.780392 0.568628 -0.262745 -0.780392 0.215686 -0.0588235 -0.976471 0.223529 -0.0352941 -0.976471 0.223529 0.00392163 -0.976471 0.223529 0.0352942 -0.976471 0.215686 0.0588236 -0.976471 0.2 0.0901961 -0.976471 0.184314 0.121569 -0.976471 0.168628 0.145098 -0.976471 0.145098 0.168628 -0.976471 0.121569 0.184314 -0.976471 0.0901961 0.2 -0.976471 0.0588236 0.215686 -0.976471 0.0352942 0.223529 -0.976471 0.00392163 0.223529 -0.976471 -0.0352941 0.223529 -0.976471 -0.0588235 0.215686 -0.976471 -0.090196 0.2 -0.976471 -0.121569 0.184314 -0.976471 -0.145098 0.168628 -0.976471 -0.168627 0.145098 -0.976471 -0.184314 0.121569 -0.976471 -0.2 0.0901961 -0.976471 -0.215686 0.0588236 -0.976471 -0.223529 0.0352942 -0.976471 -0.223529 0.00392163 -0.976471 -0.223529 -0.0352941 -0.976471 -0.215686 -0.0588235 -0.976471 -0.2 -0.090196 -0.976471 -0.184314 -0.121569 -0.976471 -0.168627 -0.145098 -0.976471 -0.145098 -0.168627 -0.976471 -0.121569 -0.184314 -0.976471 -0.090196 -0.2 -0.976471 -0.0588235 -0.215686 -0.976471 -0.0352941 -0.223529 -0.976471 0.00392163 -0.223529 -0.976471 0.0352942 -0.223529 -0.976471 0.0588236 -0.215686 -0.976471 0.0901961 -0.2 -0.976471 0.121569 -0.184314 -0.976471 0.145098 -0.168627 -0.976471 0.168628 -0.145098 -0.976471 0.184314 -0.121569 -0.976471 0.2 -0.090196 -0.976471 0.00392163 0.00392163 -1 0.00392163 0.00392163 -1 0.00392163 0.00392163 -1 0.00392163 0.00392163 -1 0.00392163 0.00392163 -1 0.00392163 0.00392163 -1 0.00392163 0.00392163 -1 0.00392163 0.00392163 -1 0.00392163 0.00392163 -1 0.00392163 0.00392163 -1 0.00392163 0.00392163 -1 0.00392163 0.00392163 -1 0.00392163 0.00392163 -1 0.00392163 0.00392163 -1 0.00392163 0.00392163 -1 0.00392163 0.00392163 -1 0.00392163 0.00392163 -1 0.00392163 0.00392163 -1 0.00392163 0.00392163 -1 0.00392163 0.00392163 -1 0.00392163 0.00392163 -1 0.00392163 0.00392163 -1 0.00392163 0.00392163 -1 0.00392163 0.00392163 -1 0.00392163 0.00392163 -1 0.00392163 0.00392163 -1 0.00392163 0.00392163 -1 0.00392163 0.00392163 -1 0.00392163 0.00392163 -1 0.00392163 0.00392163 -1 0.00392163 0.00392163 -1 0.00392163 0.00392163 -1 0.00392163 0.00392163 -1 0.00392163 0.00392163 -1 0.00392163 0.00392163 -1 0.00392163 0.00392163 -1 0.00392163 0.00392163 -1 0.00392163 0.00392163 -1 0.00392163 0.00392163 -1 0.00392163 0.00392163 -1 0.00392163 0.00392163 -1 0.00392163 0.00392163 -1 0.00392163 0.00392163 -1 0.00392163 0.00392163 -1 0.00392163 0.00392163 -1 0.00392163 0.00392163 -1 0.00392163 0.00392163 -1 0.00392163 0.00392163 -1 0.00392163 0.00392163 -1 0.00392163 0.00392163 -1 0.00392163 0.00392163 -1 0.00392163 0.00392163 -1 0.00392163 0.00392163 -1 0.00392163 0.00392163 -1 0.00392163 0.00392163 -1 0.00392163 0.00392163 -1 0.00392163 0.00392163 -1 0.00392163 0.00392163 -1 0.00392163 0.00392163 -1 0.00392163 0.00392163 -1 0.00392163 0.00392163 -1 0.00392163 0.00392163 -1 0.00392163 0.00392163 -1 0.00392163 0.00392163 -1 0.00392163 0.00392163 -1 0.00392163 0.00392163 -1 0.00392163 0.00392163 -1 0.00392163 0.00392163 -1 0.00392163 0.00392163 -1 0.00392163 0.00392163 -1 0.00392163 0.00392163 -1 0.00392163 0.00392163 -1 0.00392163 0.00392163 -1 0.00392163 0.00392163 -1 0.00392163 0.00392163 -1 0.00392163 0.00392163 -1 0.00392163 0.00392163 -1 0.00392163 0.00392163 -1 0.00392163 0.00392163 -1 0.00392163 0.00392163 -1 0.00392163 0.00392163 -1 0.00392163 0.00392163 -1 0.00392163 0.00392163 -1 0.00392163 0.00392163 -1 0.00392163 0.00392163 -1 0.00392163 0.00392163 -1 0.00392163 0.00392163 -1 0.00392163 0.00392163 -1 0.00392163 0.00392163 -1 0.00392163 0.00392163 -1 0.00392163 0.00392163 -1 0.00392163 0.00392163 -1 0.00392163 0.00392163 -1 -0.090196 0.0352942 -0.992157 -0.0745097 0.0352942 -1 -0.0666666 0.027451 -1 -0.0588235 0.027451 -1 -0.0588235 0.0196079 -1 -0.0509803 0.0117648 -1 -0.0509803 0.0117648 -1 -0.0509803 0.00392163 -1 -0.0431372 -0.00392151 -1 -0.0509803 -0.00392151 -1 -0.0509803 -0.0117646 -1 -0.0509803 -0.0117646 -1 -0.0509803 -0.0196078 -1 -0.0588235 -0.0274509 -1 -0.0666666 -0.0274509 -1 -0.0745097 -0.0352941 -1 -0.0823529 -0.0352941 -1 -0.090196 -0.0352941 -0.992157 -0.0980392 -0.0431372 -0.992157 -0.105882 -0.0352941 -0.992157 -0.121569 -0.0352941 -0.992157 -0.160784 -0.0352941 -0.984314 -0.0980392 -0.0196078 -0.992157 -0.160784 -0.0274509 -0.984314 -0.160784 0.027451 -0.984314 -0.160784 0.0352942 -0.984314 -0.113725 0.0352942 -0.992157 -0.0980392 0.0431373 -0.992157 -0.176471 0.0745099 -0.984314 -0.145098 0.0666667 -0.984314 -0.129412 0.0588236 -0.992157 -0.121569 0.0509804 -0.992157 -0.113725 0.0431373 -0.992157 -0.105882 0.027451 -0.992157 -0.0980392 0.0196079 -0.992157 -0.0980392 0.0117648 -0.992157 -0.090196 -0.00392151 -0.992157 -0.0980392 -0.0117646 -0.992157 -0.0980392 -0.0196078 -0.992157 -0.0980392 -0.0274509 -0.992157 -0.105882 -0.0352941 -0.992157 -0.121569 -0.0509803 -0.992157 -0.137255 -0.0588235 -0.992157 -0.145098 -0.0666666 -0.984314 -0.160784 -0.0745097 -0.984314 -0.176471 -0.0745097 -0.984314 -0.192157 -0.0823529 -0.976471 -0.215686 -0.0745097 -0.976471 -0.231372 -0.0666666 -0.968627 -0.317647 -0.0745097 -0.945098 -0.309804 -0.0588235 -0.945098 -0.192157 -0.0352941 -0.984314 -0.32549 -0.0588235 -0.945098 -0.47451 -0.090196 -0.87451 -0.607843 -0.121569 -0.788235 -0.72549 -0.152941 -0.670588 -0.827451 -0.184314 -0.537255 -0.898039 -0.207843 -0.388235 -0.945098 -0.223529 -0.223529 -0.898039 -0.286274 -0.333333 -0.835294 -0.32549 -0.443137 -0.764706 -0.333333 -0.552941 -0.686275 -0.317647 -0.654902 -0.607843 -0.278431 -0.741176 -0.568627 -0.247059 -0.780392 -0.537255 -0.207843 -0.819608 -0.505882 -0.160784 -0.85098 -0.482353 -0.113725 -0.866667 -0.466667 -0.0588235 -0.882353 -0.458824 0.00392163 -0.890196 -0.466667 0.0588236 -0.882353 -0.482353 0.113726 -0.866667 -0.505882 0.160784 -0.85098 -0.537255 0.207843 -0.819608 -0.568627 0.247059 -0.780392 -0.607843 0.278431 -0.741176 -0.686275 0.317647 -0.654902 -0.764706 0.333333 -0.552941 -0.835294 0.32549 -0.443137 -0.898039 0.286275 -0.333333 -0.945098 0.223529 -0.223529 -0.898039 0.207843 -0.388235 -0.827451 0.184314 -0.537255 -0.72549 0.152941 -0.670588 -0.607843 0.121569 -0.780392 -0.47451 0.0901961 -0.87451 -0.32549 0.0588236 -0.945098 -0.317647 0.0745099 -0.945098 -0.231372 0.0745099 -0.968627 -0.2 0.082353 -0.976471 -0.254902 0.113726 -0.960784 -0.223529 0.105882 -0.968627 -0.2 0.0901961 -0.976471 -0.184314 0.0745099 -0.976471 -0.168627 0.0588236 -0.984314 -0.152941 0.0431373 -0.984314 -0.145098 0.027451 -0.992157 -0.145098 0.0117648 -0.992157 -0.137255 -0.00392151 -0.992157 -0.145098 -0.0117646 -0.992157 -0.145098 -0.0274509 -0.992157 -0.152941 -0.0431372 -0.984314 -0.160784 -0.0509803 -0.984314 -0.184314 -0.0823529 -0.976471 -0.2 -0.090196 -0.976471 -0.215686 -0.0980392 -0.968627 -0.239216 -0.105882 -0.968627 -0.262745 -0.113725 -0.960784 -0.286274 -0.113725 -0.952941 -0.317647 -0.113725 -0.937255 -0.34902 -0.105882 -0.929412 -0.466667 -0.105882 -0.87451 -0.607843 -0.137255 -0.780392 -0.72549 -0.168627 -0.670588 -0.819608 -0.192157 -0.537255 -0.898039 -0.207843 -0.388235 -0.882353 -0.262745 -0.396078 -0.827451 -0.294118 -0.47451 -0.772549 -0.317647 -0.545098 -0.717647 -0.317647 -0.623529 -0.670588 -0.309804 -0.670588 -0.623529 -0.294118 -0.72549 -0.584314 -0.262745 -0.772549 -0.537255 -0.231372 -0.811765 -0.482353 -0.160784 -0.858824 -0.458824 -0.121569 -0.882353 -0.435294 -0.0745097 -0.898039 -0.427451 -0.0431372 -0.898039 -0.427451 -0.00392151 -0.905882 -0.427451 0.0352942 -0.898039 -0.435294 0.0745099 -0.898039 -0.458824 0.137255 -0.87451 -0.498039 0.184314 -0.85098 -0.537255 0.231373 -0.811765 -0.576471 0.262745 -0.772549 -0.631373 0.294118 -0.717647 -0.709804 0.317647 -0.623529 -0.788235 0.309804 -0.529412 -0.866667 0.278431 -0.419608 -0.898039 0.207843 -0.388235 -0.819608 0.192157 -0.537255 -0.72549 0.168628 -0.670588 -0.607843 0.137255 -0.780392 -0.466667 0.105882 -0.87451 -0.341176 0.105882 -0.937255 -0.294118 0.113726 -0.945098 -0.341176 0.152941 -0.929412 -0.294118 0.137255 -0.945098 -0.262745 0.121569 -0.960784 -0.239216 0.105882 -0.968627 -0.223529 0.082353 -0.968627 -0.207843 0.0588236 -0.976471 -0.192157 0.0352942 -0.984314 -0.192157 0.0196079 -0.984314 -0.184314 -0.00392151 -0.984314 -0.192157 -0.0196078 -0.984314 -0.192157 -0.0352941 -0.984314 -0.2 -0.0509803 -0.976471 -0.215686 -0.0745097 -0.976471 -0.239216 -0.105882 -0.960784 -0.262745 -0.121569 -0.952941 -0.286274 -0.137255 -0.945098 -0.317647 -0.145098 -0.937255 -0.341176 -0.152941 -0.929412 -0.380392 -0.152941 -0.913725 -0.419608 -0.152941 -0.898039 -0.458824 -0.137255 -0.882353 -0.560784 -0.168627 -0.811765 -0.647059 -0.192157 -0.741176 -0.717647 -0.215686 -0.662745 -0.788235 -0.231372 -0.568627 -0.843137 -0.254902 -0.47451 -0.788235 -0.278431 -0.545098 -0.733333 -0.294118 -0.607843 -0.670588 -0.301961 -0.678431 -0.631373 -0.286274 -0.717647 -0.584314 -0.270588 -0.764706 -0.545098 -0.247059 -0.803922 -0.498039 -0.215686 -0.835294 -0.443137 -0.152941 -0.882353 -0.427451 -0.113725 -0.898039 -0.403922 -0.0745097 -0.913725 -0.396078 -0.0352941 -0.913725 -0.396078 -0.00392151 -0.921569 -0.396078 0.0352942 -0.913725 -0.403922 0.0666667 -0.913725 -0.427451 0.121569 -0.898039 -0.458824 0.168628 -0.866667 -0.498039 0.215686 -0.843137 -0.537255 0.247059 -0.803922 -0.592157 0.270588 -0.756863 -0.670588 0.294118 -0.678431 -0.74902 0.294118 -0.592157 -0.827451 0.262745 -0.498039 -0.764706 0.247059 -0.592157 -0.701961 0.223529 -0.678431 -0.631373 0.2 -0.74902 -0.545098 0.176471 -0.819608 -0.443137 0.145098 -0.882353 -0.388235 0.152941 -0.905882 -0.427451 0.184314 -0.882353 -0.364706 0.168628 -0.913725 -0.333333 0.152941 -0.929412 -0.301961 0.129412 -0.945098 -0.278431 0.105882 -0.952941 -0.254902 0.0745099 -0.960784 -0.239216 0.0431373 -0.968627 -0.239216 0.0196079 -0.968627 -0.239216 -0.00392151 -0.968627 -0.239216 -0.0196078 -0.968627 -0.239216 -0.0431372 -0.968627 -0.254902 -0.0666666 -0.968627 -0.270588 -0.090196 -0.960784 -0.301961 -0.129412 -0.945098 -0.333333 -0.152941 -0.929412 -0.364706 -0.168627 -0.913725 -0.396078 -0.184314 -0.898039 -0.427451 -0.192157 -0.882353 -0.47451 -0.192157 -0.858824 -0.513725 -0.184314 -0.835294 -0.592157 -0.215686 -0.772549 -0.670588 -0.239216 -0.701961 -0.733333 -0.262745 -0.631373 -0.678431 -0.270588 -0.686275 -0.615686 -0.270588 -0.733333 -0.576471 -0.262745 -0.772549 -0.537255 -0.247059 -0.811765 -0.490196 -0.223529 -0.843137 -0.45098 -0.192157 -0.866667 -0.403922 -0.137255 -0.905882 -0.380392 -0.105882 -0.921569 -0.364706 -0.0666666 -0.929412 -0.356863 -0.0352941 -0.929412 -0.356863 -0.00392151 -0.937255 -0.356863 0.0352942 -0.929412 -0.364706 0.0666667 -0.929412 -0.388235 0.113726 -0.913725 -0.419608 0.152941 -0.898039 -0.45098 0.192157 -0.87451 -0.490196 0.223529 -0.843137 -0.537255 0.247059 -0.803922 -0.615686 0.270588 -0.741176 -0.694118 0.270588 -0.670588 -0.631373 0.247059 -0.733333 -0.560784 0.223529 -0.796078 -0.482353 0.192157 -0.85098 -0.490196 0.215686 -0.843137 -0.427451 0.2 -0.882353 -0.388235 0.176471 -0.905882 -0.356863 0.152941 -0.921569 -0.32549 0.121569 -0.937255 -0.301961 0.0901961 -0.952941 -0.286274 0.0509804 -0.960784 -0.278431 0.027451 -0.960784 -0.278431 -0.00392151 -0.960784 -0.278431 -0.0274509 -0.960784 -0.286274 -0.0509803 -0.960784 -0.294118 -0.0823529 -0.952941 -0.309804 -0.105882 -0.945098 -0.356863 -0.152941 -0.921569 -0.388235 -0.176471 -0.905882 -0.419608 -0.192157 -0.882353 -0.458824 -0.207843 -0.866667 -0.498039 -0.215686 -0.843137 -0.545098 -0.223529 -0.811765 -0.615686 -0.247059 -0.74902 -0.560784 -0.247059 -0.788235 -0.521569 -0.239216 -0.819608 -0.482353 -0.223529 -0.85098 -0.443137 -0.2 -0.87451 -0.403922 -0.176471 -0.898039 -0.356863 -0.121569 -0.929412 -0.341176 -0.090196 -0.937255 -0.32549 -0.0588235 -0.945098 -0.317647 -0.0274509 -0.945098 -0.317647 -0.00392151 -0.945098 -0.317647 0.027451 -0.945098 -0.32549 0.0588236 -0.945098 -0.341176 0.0980393 -0.937255 -0.372549 0.137255 -0.921569 -0.403922 0.168628 -0.898039 -0.443137 0.2 -0.87451 -0.482353 0.223529 -0.843137 -0.552941 0.247059 -0.796078 0.00392163 0.00392163 -1 0.00392163 0.00392163 -1 0.00392163 0.00392163 -1 0.00392163 0.00392163 -1 0.00392163 0.00392163 -1 0.00392163 0.00392163 -1 0.00392163 0.00392163 -1 0.00392163 0.00392163 -1 0.00392163 0.00392163 -1 0.00392163 0.00392163 -1 0.00392163 0.00392163 -1 0.00392163 0.00392163 -1 0.00392163 0.00392163 -1 0.00392163 0.00392163 -1 0.00392163 0.00392163 -1 0.00392163 0.00392163 -1 0.00392163 0.00392163 -1 0.00392163 0.00392163 -1 0.00392163 0.00392163 -1 0.00392163 0.00392163 -1 0.00392163 0.00392163 -1 0.00392163 0.00392163 -1 0.00392163 0.00392163 -1 0.00392163 0.00392163 -1 0.00392163 0.00392163 -1 0.00392163 0.00392163 -1 0.00392163 0.00392163 -1 0.00392163 0.00392163 -1 0.00392163 0.00392163 -1 0.00392163 0.00392163 -1 0.00392163 0.00392163 -1 0.00392163 0.00392163 -1 0.00392163 0.00392163 -1 0.00392163 0.00392163 -1 0.00392163 0.00392163 -1 0.00392163 0.00392163 -1 0.00392163 0.00392163 -1 0.00392163 0.00392163 -1 0.00392163 0.00392163 -1 0.00392163 0.00392163 -1 0.00392163 0.00392163 -1 0.00392163 0.00392163 -1 0.223529 0.0352942 -0.976471 0.223529 0.00392163 -0.976471 0.223529 -0.0352941 -0.976471 0.215686 -0.0588235 -0.976471 0.2 -0.090196 -0.976471 0.184314 -0.121569 -0.976471 0.168628 -0.145098 -0.976471 0.145098 -0.168627 -0.976471 0.121569 -0.184314 -0.976471 0.0901961 -0.2 -0.976471 0.0588236 -0.215686 -0.976471 0.0352942 -0.223529 -0.976471 0.00392163 -0.223529 -0.976471 -0.0352941 -0.223529 -0.976471 -0.0588235 -0.215686 -0.976471 -0.090196 -0.2 -0.976471 -0.121569 -0.184314 -0.976471 -0.145098 -0.168627 -0.976471 -0.168627 -0.145098 -0.976471 -0.184314 -0.121569 -0.976471 -0.2 -0.090196 -0.976471 -0.215686 -0.0588235 -0.976471 -0.223529 -0.0352941 -0.976471 -0.223529 0.00392163 -0.976471 -0.223529 0.0352942 -0.976471 -0.215686 0.0588236 -0.976471 -0.2 0.0901961 -0.976471 -0.184314 0.121569 -0.976471 -0.168627 0.145098 -0.976471 -0.145098 0.168628 -0.976471 -0.121569 0.184314 -0.976471 -0.090196 0.2 -0.976471 -0.0588235 0.215686 -0.976471 -0.0352941 0.223529 -0.976471 0.00392163 0.223529 -0.976471 0.0352942 0.223529 -0.976471 0.0588236 0.215686 -0.976471 0.0901961 0.2 -0.976471 0.121569 0.184314 -0.976471 0.145098 0.168628 -0.976471 0.168628 0.145098 -0.976471 0.184314 0.121569 -0.976471 0.2 0.0901961 -0.976471 0.215686 0.0588236 -0.976471 0.615686 0.0901961 -0.780392 0.62353 0.00392163 -0.780392 0.615686 -0.090196 -0.780392 0.6 -0.176471 -0.780392 0.568628 -0.262745 -0.780392 0.521569 -0.333333 -0.780392 0.47451 -0.411765 -0.780392 0.411765 -0.47451 -0.780392 0.333333 -0.521569 -0.780392 0.262745 -0.568627 -0.780392 0.176471 -0.6 -0.780392 0.0901961 -0.615686 -0.780392 0.00392163 -0.623529 -0.780392 -0.090196 -0.615686 -0.780392 -0.176471 -0.6 -0.780392 -0.262745 -0.568627 -0.780392 -0.333333 -0.521569 -0.780392 -0.411765 -0.47451 -0.780392 -0.47451 -0.411765 -0.780392 -0.521569 -0.333333 -0.780392 -0.568627 -0.262745 -0.780392 -0.6 -0.176471 -0.780392 -0.615686 -0.090196 -0.780392 -0.623529 0.00392163 -0.780392 -0.615686 0.0901961 -0.780392 -0.6 0.176471 -0.780392 -0.568627 0.262745 -0.780392 -0.521569 0.333333 -0.780392 -0.47451 0.411765 -0.780392 -0.411765 0.47451 -0.780392 -0.333333 0.521569 -0.780392 -0.262745 0.568628 -0.780392 -0.176471 0.6 -0.780392 -0.090196 0.615686 -0.780392 0.00392163 0.62353 -0.780392 0.0901961 0.615686 -0.780392 0.176471 0.6 -0.780392 0.262745 0.568628 -0.780392 0.333333 0.521569 -0.780392 0.411765 0.47451 -0.780392 0.47451 0.411765 -0.780392 0.521569 0.333333 -0.780392 0.568628 0.262745 -0.780392 0.6 0.176471 -0.780392 0.890196 0.129412 -0.435294 0.898039 0.00392163 -0.435294 0.890196 -0.129412 -0.435294 0.866667 -0.254902 -0.435294 0.819608 -0.372549 -0.435294 0.756863 -0.490196 -0.435294 0.678432 -0.592157 -0.435294 0.592157 -0.678431 -0.435294 0.490196 -0.756863 -0.435294 0.372549 -0.819608 -0.435294 0.254902 -0.866667 -0.435294 0.129412 -0.890196 -0.435294 0.00392163 -0.898039 -0.435294 -0.129412 -0.890196 -0.435294 -0.254902 -0.866667 -0.435294 -0.372549 -0.819608 -0.435294 -0.490196 -0.756863 -0.435294 -0.592157 -0.678431 -0.435294 -0.678431 -0.592157 -0.435294 -0.756863 -0.490196 -0.435294 -0.819608 -0.372549 -0.435294 -0.866667 -0.254902 -0.435294 -0.890196 -0.129412 -0.435294 -0.898039 0.00392163 -0.435294 -0.890196 0.129412 -0.435294 -0.866667 0.254902 -0.435294 -0.819608 0.372549 -0.435294 -0.756863 0.490196 -0.435294 -0.678431 0.592157 -0.435294 -0.592157 0.678432 -0.435294 -0.490196 0.756863 -0.435294 -0.372549 0.819608 -0.435294 -0.254902 0.866667 -0.435294 -0.129412 0.890196 -0.435294 0.00392163 0.898039 -0.435294 0.129412 0.890196 -0.435294 0.254902 0.866667 -0.435294 0.372549 0.819608 -0.435294 0.490196 0.756863 -0.435294 0.592157 0.678432 -0.435294 0.678432 0.592157 -0.435294 0.756863 0.490196 -0.435294 0.819608 0.372549 -0.435294 0.866667 0.254902 -0.435294 0.984314 0.160784 0.00392163 1 0.00392163 0.00392163 0.984314 -0.160784 0.00392163 0.945098 -0.317647 0.00392163 0.882353 -0.466667 0.00392163 0.796079 -0.6 0.00392163 0.694118 -0.717647 0.00392163 0.568628 -0.819608 0.00392163 0.427451 -0.905882 0.00392163 0.278431 -0.960784 0.00392163 0.121569 -0.992157 0.00392163 -0.0431372 -1 0.00392163 -0.2 -0.976471 0.00392163 -0.356863 -0.937255 0.00392163 -0.498039 -0.866667 0.00392163 -0.631373 -0.772549 0.00392163 -0.74902 -0.662745 0.00392163 -0.843137 -0.537255 0.00392163 -0.921569 -0.388235 0.00392163 -0.968627 -0.239216 0.00392163 -1 -0.0823529 0.00392163 -1 0.082353 0.00392163 -0.968627 0.239216 0.00392163 -0.921569 0.388235 0.00392163 -0.843137 0.537255 0.00392163 -0.74902 0.662745 0.00392163 -0.631373 0.772549 0.00392163 -0.498039 0.866667 0.00392163 -0.356863 0.937255 0.00392163 -0.2 0.976471 0.00392163 -0.0431372 1 0.00392163 0.121569 0.992157 0.00392163 0.278431 0.960784 0.00392163 0.427451 0.905882 0.00392163 0.568628 0.819608 0.00392163 0.694118 0.717647 0.00392163 0.796079 0.6 0.00392163 0.882353 0.466667 0.00392163 0.945098 0.317647 0.00392163 0.984314 0.160784 0.00392163 1 0.00392163 0.00392163 0.984314 -0.160784 0.00392163 0.945098 -0.317647 0.00392163 0.882353 -0.466667 0.00392163 0.796079 -0.6 0.00392163 0.694118 -0.717647 0.00392163 0.568628 -0.819608 0.00392163 0.427451 -0.905882 0.00392163 0.278431 -0.960784 0.00392163 0.121569 -0.992157 0.00392163 -0.0431372 -1 0.00392163 -0.2 -0.976471 0.00392163 -0.356863 -0.937255 0.00392163 -0.498039 -0.866667 0.00392163 -0.631373 -0.772549 0.00392163 -0.74902 -0.662745 0.00392163 -0.843137 -0.537255 0.00392163 -0.921569 -0.388235 0.00392163 -0.968627 -0.239216 0.00392163 -1 -0.0823529 0.00392163 -1 0.082353 0.00392163 -0.968627 0.239216 0.00392163 -0.921569 0.388235 0.00392163 -0.843137 0.537255 0.00392163 -0.74902 0.662745 0.00392163 -0.631373 0.772549 0.00392163 -0.498039 0.866667 0.00392163 -0.356863 0.937255 0.00392163 -0.2 0.976471 0.00392163 -0.0431372 1 0.00392163 0.121569 0.992157 0.00392163 0.278431 0.960784 0.00392163 0.427451 0.905882 0.00392163 0.568628 0.819608 0.00392163 0.694118 0.717647 0.00392163 0.796079 0.6 0.00392163 0.882353 0.466667 0.00392163 0.945098 0.317647 0.00392163 0.866667 0.254902 0.435294 0.890196 0.129412 0.435294 0.898039 0.00392163 0.435294 0.890196 -0.129412 0.435294 0.866667 -0.254902 0.435294 0.819608 -0.372549 0.435294 0.756863 -0.490196 0.435294 0.678432 -0.592157 0.435294 0.592157 -0.678431 0.435294 0.490196 -0.756863 0.435294 0.372549 -0.819608 0.435294 0.254902 -0.866667 0.435294 0.129412 -0.890196 0.435294 0.00392163 -0.898039 0.435294 -0.129412 -0.890196 0.435294 -0.254902 -0.866667 0.435294 -0.372549 -0.819608 0.435294 -0.490196 -0.756863 0.435294 -0.592157 -0.678431 0.435294 -0.678431 -0.592157 0.435294 -0.756863 -0.490196 0.435294 -0.819608 -0.372549 0.435294 -0.866667 -0.254902 0.435294 -0.890196 -0.129412 0.435294 -0.898039 0.00392163 0.435294 -0.890196 0.129412 0.435294 -0.866667 0.254902 0.435294 -0.819608 0.372549 0.435294 -0.756863 0.490196 0.435294 -0.678431 0.592157 0.435294 -0.592157 0.678432 0.435294 -0.490196 0.756863 0.435294 -0.372549 0.819608 0.435294 -0.254902 0.866667 0.435294 -0.129412 0.890196 0.435294 0.00392163 0.898039 0.435294 0.129412 0.890196 0.435294 0.254902 0.866667 0.435294 0.372549 0.819608 0.435294 0.490196 0.756863 0.435294 0.592157 0.678432 0.435294 0.678432 0.592157 0.435294 0.756863 0.490196 0.435294 0.819608 0.372549 0.435294 0.6 0.176471 0.780392 0.615686 0.0901961 0.780392 0.62353 0.00392163 0.780392 0.615686 -0.090196 0.780392 0.6 -0.176471 0.780392 0.568628 -0.262745 0.780392 0.521569 -0.333333 0.780392 0.47451 -0.411765 0.780392 0.411765 -0.47451 0.780392 0.333333 -0.521569 0.780392 0.262745 -0.568627 0.780392 0.176471 -0.6 0.780392 0.0901961 -0.615686 0.780392 0.00392163 -0.623529 0.780392 -0.090196 -0.615686 0.780392 -0.176471 -0.6 0.780392 -0.262745 -0.568627 0.780392 -0.333333 -0.521569 0.780392 -0.411765 -0.47451 0.780392 -0.47451 -0.411765 0.780392 -0.521569 -0.333333 0.780392 -0.568627 -0.262745 0.780392 -0.6 -0.176471 0.780392 -0.615686 -0.090196 0.780392 -0.623529 0.00392163 0.780392 -0.615686 0.0901961 0.780392 -0.6 0.176471 0.780392 -0.568627 0.262745 0.780392 -0.521569 0.333333 0.780392 -0.47451 0.411765 0.780392 -0.411765 0.47451 0.780392 -0.333333 0.521569 0.780392 -0.262745 0.568628 0.780392 -0.176471 0.6 0.780392 -0.090196 0.615686 0.780392 0.00392163 0.62353 0.780392 0.0901961 0.615686 0.780392 0.176471 0.6 0.780392 0.262745 0.568628 0.780392 0.333333 0.521569 0.780392 0.411765 0.47451 0.780392 0.47451 0.411765 0.780392 0.521569 0.333333 0.780392 0.568628 0.262745 0.780392 0.215686 0.0588236 0.976471 0.223529 0.0352942 0.976471 0.223529 0.00392163 0.976471 0.223529 -0.0352941 0.976471 0.215686 -0.0588235 0.976471 0.2 -0.090196 0.976471 0.184314 -0.121569 0.976471 0.168628 -0.145098 0.976471 0.145098 -0.168627 0.976471 0.121569 -0.184314 0.976471 0.0901961 -0.2 0.976471 0.0588236 -0.215686 0.976471 0.0352942 -0.223529 0.976471 0.00392163 -0.223529 0.976471 -0.0352941 -0.223529 0.976471 -0.0588235 -0.215686 0.976471 -0.090196 -0.2 0.976471 -0.121569 -0.184314 0.976471 -0.145098 -0.168627 0.976471 -0.168627 -0.145098 0.976471 -0.184314 -0.121569 0.976471 -0.2 -0.090196 0.976471 -0.215686 -0.0588235 0.976471 -0.223529 -0.0352941 0.976471 -0.223529 0.00392163 0.976471 -0.223529 0.0352942 0.976471 -0.215686 0.0588236 0.976471 -0.2 0.0901961 0.976471 -0.184314 0.121569 0.976471 -0.168627 0.145098 0.976471 -0.145098 0.168628 0.976471 -0.121569 0.184314 0.976471 -0.090196 0.2 0.976471 -0.0588235 0.215686 0.976471 -0.0352941 0.223529 0.976471 0.00392163 0.223529 0.976471 0.0352942 0.223529 0.976471 0.0588236 0.215686 0.976471 0.0901961 0.2 0.976471 0.121569 0.184314 0.976471 0.145098 0.168628 0.976471 0.168628 0.145098 0.976471 0.184314 0.121569 0.976471 0.2 0.0901961 0.976471 0.00392163 0.00392163 1 0.00392163 0.00392163 1 0.00392163 0.00392163 1 0.00392163 0.00392163 1 0.00392163 0.00392163 1 0.00392163 0.00392163 1 0.00392163 0.00392163 1 0.00392163 0.00392163 1 0.00392163 0.00392163 1 0.00392163 0.00392163 1 0.00392163 0.00392163 1 0.00392163 0.00392163 1 0.00392163 0.00392163 1 0.00392163 0.00392163 1 0.00392163 0.00392163 1 0.00392163 0.00392163 1 0.00392163 0.00392163 1 0.00392163 0.00392163 1 0.00392163 0.00392163 1 0.00392163 0.00392163 1 0.00392163 0.00392163 1 0.00392163 0.00392163 1 0.00392163 0.00392163 1 0.00392163 0.00392163 1 0.00392163 0.00392163 1 0.00392163 0.00392163 1 0.00392163 0.00392163 1 0.00392163 0.00392163 1 0.00392163 0.00392163 1 0.00392163 0.00392163 1 0.00392163 0.00392163 1 0.00392163 0.00392163 1 0.00392163 0.00392163 1 0.00392163 0.00392163 1 0.00392163 0.00392163 1 0.00392163 0.00392163 1 0.00392163 0.00392163 1 0.00392163 0.00392163 1 0.00392163 0.00392163 1 0.00392163 0.00392163 1 0.00392163 0.00392163 1 0.00392163 0.00392163 1 0.00392163 0.00392163 1 0.00392163 0.00392163 1 0.00392163 0.00392163 1 0.00392163 0.00392163 1 0.00392163 0.00392163 1 0.00392163 0.00392163 1 0.00392163 0.00392163 1 0.00392163 0.00392163 1 0.00392163 0.00392163 1 0.00392163 0.00392163 1 0.00392163 0.00392163 1 0.00392163 0.00392163 1 0.00392163 0.00392163 1 0.00392163 0.00392163 1 0.00392163 0.00392163 1 0.00392163 0.00392163 1 0.00392163 0.00392163 1 0.00392163 0.00392163 1 0.00392163 0.00392163 1 0.00392163 0.00392163 1 0.00392163 0.00392163 1 0.00392163 0.00392163 1 0.00392163 0.00392163 1 0.00392163 0.00392163 1 0.00392163 0.00392163 1 0.00392163 0.00392163 1 0.00392163 0.00392163 1 0.00392163 0.00392163 1 0.00392163 0.00392163 1 0.00392163 0.00392163 1 0.00392163 0.00392163 1 0.00392163 0.00392163 1 0.00392163 0.00392163 1 0.00392163 0.00392163 1 0.00392163 0.00392163 1 0.00392163 0.00392163 1 0.00392163 0.00392163 1 0.00392163 0.00392163 1 0.00392163 0.00392163 1 0.00392163 0.00392163 1 0.00392163 0.00392163 1 0.00392163 0.00392163 1 0.00392163 0.00392163 1 0.00392163 0.00392163 1 0.00392163 0.00392163 1 0.00392163 0.00392163 1 0.00392163 0.00392163 1 0.00392163 0.00392163 1 0.00392163 0.00392163 1 0.00392163 0.00392163 1 0.00392163 0.00392163 1 -0.090196 -0.0352941 0.992157 -0.0745097 -0.0352941 1 -0.0666666 -0.0274509 1 -0.0588235 -0.0274509 1 -0.0588235 -0.0196078 1 -0.0509803 -0.0117646 1 -0.0509803 -0.0117646 1 -0.0509803 -0.00392151 1 -0.0431372 0.00392163 1 -0.0509803 0.00392163 1 -0.0509803 0.0117648 1 -0.0509803 0.0117648 1 -0.0509803 0.0196079 1 -0.0588235 0.027451 1 -0.0666666 0.027451 1 -0.0745097 0.0352942 1 -0.0823529 0.0352942 1 -0.090196 0.0352942 0.992157 -0.0980392 0.0431373 0.992157 -0.105882 0.0352942 0.992157 -0.121569 0.0352942 0.992157 -0.160784 0.0352942 0.984314 -0.160784 -0.0274509 0.984314 -0.160784 -0.0352941 0.984314 -0.113725 -0.0352941 0.992157 -0.0980392 -0.0431372 0.992157 -0.176471 -0.0745097 0.984314 -0.145098 -0.0666666 0.984314 -0.129412 -0.0588235 0.992157 -0.121569 -0.0509803 0.992157 -0.113725 -0.0431372 0.992157 -0.105882 -0.0274509 0.992157 -0.0980392 -0.0196078 0.992157 -0.0980392 -0.0117646 0.992157 -0.090196 0.00392163 0.992157 -0.0980392 0.0117648 0.992157 -0.0980392 0.0196079 0.992157 -0.0980392 0.027451 0.992157 -0.105882 0.0352942 0.992157 -0.121569 0.0509804 0.992157 -0.137255 0.0588236 0.992157 -0.145098 0.0666667 0.984314 -0.160784 0.0745099 0.984314 -0.176471 0.0745099 0.984314 -0.192157 0.082353 0.976471 -0.215686 0.0745099 0.976471 -0.231372 0.0666667 0.968628 -0.317647 0.0745099 0.945098 -0.309804 0.0588236 0.945098 -0.192157 0.0352942 0.984314 -0.0980392 0.0196079 0.992157 0.00392163 0.00392163 1 -0.160784 0.027451 0.984314 -0.32549 0.0588236 0.945098 -0.47451 0.0901961 0.87451 -0.607843 0.121569 0.788235 -0.72549 0.152941 0.670588 -0.827451 0.184314 0.537255 -0.898039 0.207843 0.388235 -0.945098 0.223529 0.223529 -0.898039 0.286275 0.333333 -0.835294 0.32549 0.443137 -0.764706 0.333333 0.552941 -0.686275 0.317647 0.654902 -0.607843 0.278431 0.741177 -0.568627 0.247059 0.780392 -0.537255 0.207843 0.819608 -0.505882 0.160784 0.850981 -0.482353 0.113726 0.866667 -0.466667 0.0588236 0.882353 -0.458824 -0.00392151 0.890196 -0.466667 -0.0588235 0.882353 -0.482353 -0.113725 0.866667 -0.505882 -0.160784 0.850981 -0.537255 -0.207843 0.819608 -0.568627 -0.247059 0.780392 -0.607843 -0.278431 0.741177 -0.686275 -0.317647 0.654902 -0.764706 -0.333333 0.552941 -0.835294 -0.32549 0.443137 -0.898039 -0.286274 0.333333 -0.945098 -0.223529 0.223529 -0.898039 -0.207843 0.388235 -0.827451 -0.184314 0.537255 -0.72549 -0.152941 0.670588 -0.607843 -0.121569 0.780392 -0.47451 -0.090196 0.87451 -0.32549 -0.0588235 0.945098 -0.317647 -0.0745097 0.945098 -0.231372 -0.0745097 0.968628 -0.2 -0.0823529 0.976471 -0.254902 -0.113725 0.960784 -0.223529 -0.105882 0.968628 -0.2 -0.090196 0.976471 -0.184314 -0.0745097 0.976471 -0.168627 -0.0588235 0.984314 -0.152941 -0.0431372 0.984314 -0.145098 -0.0274509 0.992157 -0.145098 -0.0117646 0.992157 -0.137255 0.00392163 0.992157 -0.145098 0.0117648 0.992157 -0.145098 0.027451 0.992157 -0.152941 0.0431373 0.984314 -0.160784 0.0509804 0.984314 -0.184314 0.082353 0.976471 -0.2 0.0901961 0.976471 -0.215686 0.0980393 0.968628 -0.239216 0.105882 0.968628 -0.262745 0.113726 0.960784 -0.286274 0.113726 0.952941 -0.317647 0.113726 0.937255 -0.34902 0.105882 0.929412 -0.466667 0.105882 0.87451 -0.607843 0.137255 0.780392 -0.72549 0.168628 0.670588 -0.819608 0.192157 0.537255 -0.898039 0.207843 0.388235 -0.882353 0.262745 0.396078 -0.827451 0.294118 0.47451 -0.772549 0.317647 0.545098 -0.717647 0.317647 0.62353 -0.670588 0.309804 0.670588 -0.623529 0.294118 0.72549 -0.584314 0.262745 0.772549 -0.537255 0.231373 0.811765 -0.482353 0.160784 0.858824 -0.458824 0.121569 0.882353 -0.435294 0.0745099 0.898039 -0.427451 0.0431373 0.898039 -0.427451 0.00392163 0.905882 -0.427451 -0.0352941 0.898039 -0.435294 -0.0745097 0.898039 -0.458824 -0.137255 0.87451 -0.498039 -0.184314 0.850981 -0.537255 -0.231372 0.811765 -0.576471 -0.262745 0.772549 -0.631373 -0.294118 0.717647 -0.709804 -0.317647 0.62353 -0.788235 -0.309804 0.529412 -0.866667 -0.278431 0.419608 -0.898039 -0.207843 0.388235 -0.819608 -0.192157 0.537255 -0.72549 -0.168627 0.670588 -0.607843 -0.137255 0.780392 -0.466667 -0.105882 0.87451 -0.341176 -0.105882 0.937255 -0.294118 -0.113725 0.945098 -0.341176 -0.152941 0.929412 -0.294118 -0.137255 0.945098 -0.262745 -0.121569 0.960784 -0.239216 -0.105882 0.968628 -0.223529 -0.0823529 0.968628 -0.207843 -0.0588235 0.976471 -0.192157 -0.0352941 0.984314 -0.192157 -0.0196078 0.984314 -0.184314 0.00392163 0.984314 -0.192157 0.0196079 0.984314 -0.192157 0.0352942 0.984314 -0.2 0.0509804 0.976471 -0.215686 0.0745099 0.976471 -0.239216 0.105882 0.960784 -0.262745 0.121569 0.952941 -0.286274 0.137255 0.945098 -0.317647 0.145098 0.937255 -0.341176 0.152941 0.929412 -0.380392 0.152941 0.913726 -0.419608 0.152941 0.898039 -0.458824 0.137255 0.882353 -0.560784 0.168628 0.811765 -0.647059 0.192157 0.741177 -0.717647 0.215686 0.662745 -0.788235 0.231373 0.568628 -0.843137 0.254902 0.47451 -0.788235 0.278431 0.545098 -0.733333 0.294118 0.607843 -0.670588 0.301961 0.678432 -0.631373 0.286275 0.717647 -0.584314 0.270588 0.764706 -0.545098 0.247059 0.803922 -0.498039 0.215686 0.835294 -0.443137 0.152941 0.882353 -0.427451 0.113726 0.898039 -0.403922 0.0745099 0.913726 -0.396078 0.0352942 0.913726 -0.396078 0.00392163 0.921569 -0.396078 -0.0352941 0.913726 -0.403922 -0.0666666 0.913726 -0.427451 -0.121569 0.898039 -0.458824 -0.168627 0.866667 -0.498039 -0.215686 0.843137 -0.537255 -0.247059 0.803922 -0.592157 -0.270588 0.756863 -0.670588 -0.294118 0.678432 -0.74902 -0.294118 0.592157 -0.827451 -0.262745 0.498039 -0.764706 -0.247059 0.592157 -0.701961 -0.223529 0.678432 -0.631373 -0.2 0.74902 -0.545098 -0.176471 0.819608 -0.443137 -0.145098 0.882353 -0.388235 -0.152941 0.905882 -0.427451 -0.184314 0.882353 -0.364706 -0.168627 0.913726 -0.333333 -0.152941 0.929412 -0.301961 -0.129412 0.945098 -0.278431 -0.105882 0.952941 -0.254902 -0.0745097 0.960784 -0.239216 -0.0431372 0.968628 -0.239216 -0.0196078 0.968628 -0.239216 0.00392163 0.968628 -0.239216 0.0196079 0.968628 -0.239216 0.0431373 0.968628 -0.254902 0.0666667 0.968628 -0.270588 0.0901961 0.960784 -0.301961 0.129412 0.945098 -0.333333 0.152941 0.929412 -0.364706 0.168628 0.913726 -0.396078 0.184314 0.898039 -0.427451 0.192157 0.882353 -0.47451 0.192157 0.858824 -0.513725 0.184314 0.835294 -0.592157 0.215686 0.772549 -0.670588 0.239216 0.701961 -0.733333 0.262745 0.631373 -0.678431 0.270588 0.686275 -0.615686 0.270588 0.733333 -0.576471 0.262745 0.772549 -0.537255 0.247059 0.811765 -0.490196 0.223529 0.843137 -0.45098 0.192157 0.866667 -0.403922 0.137255 0.905882 -0.380392 0.105882 0.921569 -0.364706 0.0666667 0.929412 -0.356863 0.0352942 0.929412 -0.356863 0.00392163 0.937255 -0.356863 -0.0352941 0.929412 -0.364706 -0.0666666 0.929412 -0.388235 -0.113725 0.913726 -0.419608 -0.152941 0.898039 -0.45098 -0.192157 0.87451 -0.490196 -0.223529 0.843137 -0.537255 -0.247059 0.803922 -0.615686 -0.270588 0.741177 -0.694118 -0.270588 0.670588 -0.631373 -0.247059 0.733333 -0.560784 -0.223529 0.796079 -0.482353 -0.192157 0.850981 -0.490196 -0.215686 0.843137 -0.427451 -0.2 0.882353 -0.388235 -0.176471 0.905882 -0.356863 -0.152941 0.921569 -0.32549 -0.121569 0.937255 -0.301961 -0.090196 0.952941 -0.286274 -0.0509803 0.960784 -0.278431 -0.0274509 0.960784 -0.278431 0.00392163 0.960784 -0.278431 0.027451 0.960784 -0.286274 0.0509804 0.960784 -0.294118 0.082353 0.952941 -0.309804 0.105882 0.945098 -0.356863 0.152941 0.921569 -0.388235 0.176471 0.905882 -0.419608 0.192157 0.882353 -0.458824 0.207843 0.866667 -0.498039 0.215686 0.843137 -0.545098 0.223529 0.811765 -0.615686 0.247059 0.74902 -0.560784 0.247059 0.788235 -0.521569 0.239216 0.819608 -0.482353 0.223529 0.850981 -0.443137 0.2 0.87451 -0.403922 0.176471 0.898039 -0.356863 0.121569 0.929412 -0.341176 0.0901961 0.937255 -0.32549 0.0588236 0.945098 -0.317647 0.027451 0.945098 -0.317647 0.00392163 0.945098 -0.317647 -0.0274509 0.945098 -0.32549 -0.0588235 0.945098 -0.341176 -0.0980392 0.937255 -0.372549 -0.137255 0.921569 -0.403922 -0.168627 0.898039 -0.443137 -0.2 0.87451 -0.482353 -0.223529 0.843137 -0.552941 -0.247059 0.796079 0.00392163 0.00392163 1 0.00392163 0.105882 0.992157 0.00392163 0.207843 0.976471 0.00392163 0.309804 0.952941 0.00392163 0.403922 0.913726 0.00392163 0.498039 0.866667 0.00392163 0.584314 0.811765 0.00392163 0.670588 0.741177 0.00392163 0.741177 0.670588 0.00392163 0.811765 0.584314 0.00392163 0.866667 0.498039 0.00392163 0.913726 0.403922 0.00392163 0.952941 0.309804 0.00392163 0.976471 0.207843 0.00392163 0.992157 0.105882 0.00392163 1 0.00392163 0.00392163 0.992157 -0.105882 0.00392163 0.976471 -0.207843 0.00392163 0.952941 -0.309804 0.00392163 0.913726 -0.403922 0.00392163 0.866667 -0.498039 0.00392163 0.811765 -0.584314 0.00392163 0.741177 -0.670588 0.00392163 0.670588 -0.741176 0.00392163 0.584314 -0.811765 0.00392163 0.498039 -0.866667 0.00392163 0.403922 -0.913725 0.00392163 0.309804 -0.952941 0.00392163 0.207843 -0.976471 0.00392163 0.105882 -0.992157 0.00392163 0.00392163 -1 0.00392163 -0.105882 -0.992157 0.00392163 -0.207843 -0.976471 0.00392163 -0.309804 -0.952941 0.00392163 -0.403922 -0.913725 0.00392163 -0.498039 -0.866667 0.00392163 -0.584314 -0.811765 0.00392163 -0.670588 -0.741176 0.00392163 -0.741176 -0.670588 0.00392163 -0.811765 -0.584314 0.00392163 -0.866667 -0.498039 0.00392163 -0.913725 -0.403922 0.00392163 -0.952941 -0.309804 0.00392163 -0.976471 -0.207843 0.00392163 -0.992157 -0.105882 0.00392163 -1 0.00392163 0.00392163 -0.992157 0.105882 0.00392163 -0.976471 0.207843 0.00392163 -0.952941 0.309804 0.00392163 -0.913725 0.403922 0.00392163 -0.866667 0.498039 0.00392163 -0.811765 0.584314 0.00392163 -0.741176 0.670588 0.00392163 -0.670588 0.741177 0.00392163 -0.584314 0.811765 0.00392163 -0.498039 0.866667 0.00392163 -0.403922 0.913726 0.00392163 -0.309804 0.952941 0.00392163 -0.207843 0.976471 0.00392163 -0.105882 0.992157 0.00392163 0.105882 0.992157 0.00392163 0.207843 0.976471 0.00392163 0.309804 0.952941 0.00392163 0.403922 0.913726 0.00392163 0.498039 0.866667 0.00392163 0.584314 0.811765 0.00392163 0.670588 0.741177 0.00392163 0.741177 0.670588 0.00392163 0.811765 0.584314 0.00392163 0.866667 0.498039 0.00392163 0.913726 0.403922 0.00392163 0.952941 0.309804 0.00392163 0.976471 0.207843 0.00392163 0.992157 0.105882 0.00392163 1 0.00392163 0.00392163 0.992157 -0.105882 0.00392163 0.976471 -0.207843 0.00392163 0.952941 -0.309804 0.00392163 0.913726 -0.403922 0.00392163 0.866667 -0.498039 0.00392163 0.811765 -0.584314 0.00392163 0.741177 -0.670588 0.00392163 0.670588 -0.741176 0.00392163 0.584314 -0.811765 0.00392163 0.498039 -0.866667 0.00392163 0.403922 -0.913725 0.00392163 0.309804 -0.952941 0.00392163 0.207843 -0.976471 0.00392163 0.105882 -0.992157 0.00392163 0.00392163 -1 0.00392163 -0.105882 -0.992157 0.00392163 -0.207843 -0.976471 0.00392163 -0.309804 -0.952941 0.00392163 -0.403922 -0.913725 0.00392163 -0.498039 -0.866667 0.00392163 -0.584314 -0.811765 0.00392163 -0.670588 -0.741176 0.00392163 -0.741176 -0.670588 0.00392163 -0.811765 -0.584314 0.00392163 -0.866667 -0.498039 0.00392163 -0.913725 -0.403922 0.00392163 -0.952941 -0.309804 0.00392163 -0.976471 -0.207843 0.00392163 -0.992157 -0.105882 0.00392163 -1 0.00392163 0.00392163 -0.992157 0.105882 0.00392163 -0.976471 0.207843 0.00392163 -0.952941 0.309804 0.00392163 -0.913725 0.403922 0.00392163 -0.866667 0.498039 0.00392163 -0.811765 0.584314 0.00392163 -0.741176 0.670588 0.00392163 -0.670588 0.741177 0.00392163 -0.584314 0.811765 0.00392163 -0.498039 0.866667 0.00392163 -0.403922 0.913726 0.00392163 -0.309804 0.952941 0.00392163 -0.207843 0.976471 0.00392163 -0.105882 0.992157 0.00392163 0.00392163 1 0.309804 0.0431373 0.952941 0.309804 0.137255 0.945098 0.309804 0.223529 0.921569 0.309804 0.309804 0.898039 0.309804 0.388235 0.866667 0.309804 0.466667 0.827451 0.309804 0.545098 0.780392 0.309804 0.615686 0.72549 0.309804 0.678432 0.662745 0.309804 0.741177 0.6 0.309804 0.796079 0.529412 0.309804 0.835294 0.45098 0.309804 0.87451 0.372549 0.309804 0.905882 0.286275 0.309804 0.929412 0.2 0.309804 0.945098 0.113726 0.309804 0.952941 0.0196079 0.309804 0.945098 -0.0666666 0.309804 0.937255 -0.152941 0.309804 0.921569 -0.239216 0.309804 0.890196 -0.32549 0.309804 0.858824 -0.411765 0.309804 0.819608 -0.490196 0.309804 0.764706 -0.560784 0.309804 0.709804 -0.631373 0.309804 0.647059 -0.694118 0.309804 0.584314 -0.756863 0.309804 0.505883 -0.803922 0.309804 0.427451 -0.85098 0.309804 0.34902 -0.882353 0.309804 0.262745 -0.913725 0.309804 0.176471 -0.937255 0.309804 0.0901961 -0.945098 0.309804 0.00392163 -0.952941 0.309804 -0.090196 -0.945098 0.309804 -0.176471 -0.937255 0.309804 -0.262745 -0.913725 0.309804 -0.34902 -0.882353 0.309804 -0.427451 -0.85098 0.309804 -0.505882 -0.803922 0.309804 -0.584314 -0.756863 0.309804 -0.647059 -0.694118 0.309804 -0.709804 -0.631373 0.309804 -0.764706 -0.560784 0.309804 -0.819608 -0.490196 0.309804 -0.858824 -0.411765 0.309804 -0.890196 -0.32549 0.309804 -0.921569 -0.239216 0.309804 -0.937255 -0.152941 0.309804 -0.945098 -0.0666666 0.309804 -0.952941 0.0196079 0.309804 -0.945098 0.113726 0.309804 -0.929412 0.2 0.309804 -0.905882 0.286275 0.309804 -0.87451 0.372549 0.309804 -0.835294 0.45098 0.309804 -0.796078 0.529412 0.309804 -0.741176 0.6 0.309804 -0.678431 0.662745 0.309804 -0.615686 0.72549 0.309804 -0.545098 0.780392 0.309804 -0.466667 0.827451 0.309804 -0.388235 0.866667 0.309804 -0.309804 0.898039 0.309804 -0.223529 0.921569 0.309804 -0.137255 0.945098 0.309804 -0.0431372 0.952941 0.584314 0.0352942 0.811765 0.584314 0.113726 0.803922 0.584314 0.184314 0.788235 0.584314 0.262745 0.764706 0.584314 0.333333 0.741177 0.584314 0.396078 0.701961 0.584314 0.466667 0.662745 0.584314 0.521569 0.615686 0.584314 0.576471 0.568628 0.584314 0.631373 0.505883 0.584314 0.670588 0.45098 0.584314 0.709804 0.380392 0.584314 0.74902 0.317647 0.584314 0.772549 0.239216 0.584314 0.788235 0.168628 0.584314 0.803922 0.0980393 0.584314 0.811765 0.0196079 0.584314 0.803922 -0.0588235 0.584314 0.796079 -0.129412 0.584314 0.780392 -0.207843 0.584314 0.756863 -0.278431 0.584314 0.733333 -0.34902 0.584314 0.694118 -0.411765 0.584314 0.654902 -0.482353 0.584314 0.607843 -0.537255 0.584314 0.552941 -0.592157 0.584314 0.490196 -0.639216 0.584314 0.435294 -0.686275 0.584314 0.364706 -0.72549 0.584314 0.294118 -0.74902 0.584314 0.223529 -0.780392 0.584314 0.152941 -0.796078 0.584314 0.0745099 -0.803922 0.584314 0.00392163 -0.811765 0.584314 -0.0745097 -0.803922 0.584314 -0.152941 -0.796078 0.584314 -0.223529 -0.780392 0.584314 -0.294118 -0.74902 0.584314 -0.364706 -0.72549 0.584314 -0.435294 -0.686275 0.584314 -0.490196 -0.639216 0.584314 -0.552941 -0.592157 0.584314 -0.607843 -0.537255 0.584314 -0.654902 -0.482353 0.584314 -0.694118 -0.411765 0.584314 -0.733333 -0.34902 0.584314 -0.756863 -0.278431 0.584314 -0.780392 -0.207843 0.584314 -0.796078 -0.129412 0.584314 -0.803922 -0.0588235 0.584314 -0.811765 0.0196079 0.584314 -0.803922 0.0980393 0.584314 -0.788235 0.168628 0.584314 -0.772549 0.239216 0.584314 -0.74902 0.317647 0.584314 -0.709804 0.380392 0.584314 -0.670588 0.45098 0.584314 -0.631373 0.505883 0.584314 -0.576471 0.568628 0.584314 -0.521569 0.615686 0.584314 -0.466667 0.662745 0.584314 -0.396078 0.701961 0.584314 -0.333333 0.741177 0.584314 -0.262745 0.764706 0.584314 -0.184314 0.788235 0.584314 -0.113725 0.803922 0.584314 -0.0352941 0.811765 0.811765 0.027451 0.584314 0.811765 0.082353 0.584314 0.811765 0.137255 0.568628 0.811765 0.192157 0.552941 0.811765 0.239216 0.537255 0.811765 0.286275 0.513726 0.811765 0.333333 0.482353 0.811765 0.380392 0.45098 0.811765 0.419608 0.411765 0.811765 0.458824 0.372549 0.811765 0.490196 0.32549 0.811765 0.521569 0.278431 0.811765 0.545098 0.231373 0.811765 0.560784 0.176471 0.811765 0.576471 0.121569 0.811765 0.584314 0.0666667 0.811765 0.584314 0.0117648 0.811765 0.584314 -0.0431372 0.811765 0.576471 -0.0980392 0.811765 0.568628 -0.152941 0.811765 0.552941 -0.2 0.811765 0.529412 -0.254902 0.811765 0.505883 -0.301961 0.811765 0.47451 -0.34902 0.811765 0.443137 -0.388235 0.811765 0.403922 -0.427451 0.811765 0.356863 -0.466667 0.811765 0.309804 -0.498039 0.811765 0.262745 -0.521569 0.811765 0.215686 -0.545098 0.811765 0.160784 -0.560784 0.811765 0.105882 -0.576471 0.811765 0.0588236 -0.584314 0.811765 0.00392163 -0.584314 0.811765 -0.0588235 -0.584314 0.811765 -0.105882 -0.576471 0.811765 -0.160784 -0.560784 0.811765 -0.215686 -0.545098 0.811765 -0.262745 -0.521569 0.811765 -0.309804 -0.498039 0.811765 -0.356863 -0.466667 0.811765 -0.403922 -0.427451 0.811765 -0.443137 -0.388235 0.811765 -0.47451 -0.34902 0.811765 -0.505882 -0.301961 0.811765 -0.529412 -0.254902 0.811765 -0.552941 -0.2 0.811765 -0.568627 -0.152941 0.811765 -0.576471 -0.0980392 0.811765 -0.584314 -0.0431372 0.811765 -0.584314 0.0117648 0.811765 -0.584314 0.0666667 0.811765 -0.576471 0.121569 0.811765 -0.560784 0.176471 0.811765 -0.545098 0.231373 0.811765 -0.521569 0.278431 0.811765 -0.490196 0.32549 0.811765 -0.458824 0.372549 0.811765 -0.419608 0.411765 0.811765 -0.380392 0.45098 0.811765 -0.333333 0.482353 0.811765 -0.286274 0.513726 0.811765 -0.239216 0.537255 0.811765 -0.192157 0.552941 0.811765 -0.137255 0.568628 0.811765 -0.0823529 0.584314 0.811765 -0.0274509 0.584314 0.952941 0.0117648 0.309804 0.952941 0.0431373 0.309804 0.952941 0.0745099 0.301961 0.952941 0.0980393 0.294118 0.952941 0.129412 0.278431 0.952941 0.152941 0.270588 0.952941 0.176471 0.254902 0.952941 0.2 0.239216 0.952941 0.223529 0.215686 0.952941 0.239216 0.192157 0.952941 0.254902 0.168628 0.952941 0.270588 0.145098 0.952941 0.286275 0.121569 0.952941 0.294118 0.0901961 0.952941 0.301961 0.0666667 0.952941 0.309804 0.0352942 0.952941 0.309804 0.00392163 0.952941 0.309804 -0.0196078 0.952941 0.301961 -0.0509803 0.952941 0.301961 -0.0823529 0.952941 0.286275 -0.105882 0.952941 0.278431 -0.129412 0.952941 0.262745 -0.160784 0.952941 0.247059 -0.184314 0.952941 0.231373 -0.207843 0.952941 0.207843 -0.223529 0.952941 0.192157 -0.247059 0.952941 0.168628 -0.262745 0.952941 0.137255 -0.278431 0.952941 0.113726 -0.286274 0.952941 0.082353 -0.294118 0.952941 0.0588236 -0.301961 0.952941 0.027451 -0.309804 0.952941 0.00392163 -0.309804 0.952941 -0.0274509 -0.309804 0.952941 -0.0588235 -0.301961 0.952941 -0.0823529 -0.294118 0.952941 -0.113725 -0.286274 0.952941 -0.137255 -0.278431 0.952941 -0.168627 -0.262745 0.952941 -0.192157 -0.247059 0.952941 -0.207843 -0.223529 0.952941 -0.231372 -0.207843 0.952941 -0.247059 -0.184314 0.952941 -0.262745 -0.160784 0.952941 -0.278431 -0.129412 0.952941 -0.286274 -0.105882 0.952941 -0.301961 -0.0823529 0.952941 -0.301961 -0.0509803 0.952941 -0.309804 -0.0196078 0.952941 -0.309804 0.00392163 0.952941 -0.309804 0.0352942 0.952941 -0.301961 0.0666667 0.952941 -0.294118 0.0901961 0.952941 -0.286274 0.121569 0.952941 -0.270588 0.145098 0.952941 -0.254902 0.168628 0.952941 -0.239216 0.192157 0.952941 -0.223529 0.215686 0.952941 -0.2 0.239216 0.952941 -0.176471 0.254902 0.952941 -0.152941 0.270588 0.952941 -0.129412 0.278431 0.952941 -0.0980392 0.294118 0.952941 -0.0745097 0.301961 0.952941 -0.0431372 0.309804 0.952941 -0.0117646 0.309804 1 0.00392163 0.00392163 1 0.00392163 0.00392163 1 0.00392163 0.00392163 1 0.00392163 0.00392163 1 0.00392163 0.00392163 1 0.00392163 0.00392163 1 0.00392163 0.00392163 1 0.00392163 0.00392163 1 0.00392163 0.00392163 1 0.00392163 0.00392163 1 0.00392163 0.00392163 1 0.00392163 0.00392163 1 0.00392163 0.00392163 1 0.00392163 0.00392163 1 0.00392163 0.00392163 1 0.00392163 0.00392163 1 0.00392163 0.00392163 1 0.00392163 0.00392163 1 0.00392163 0.00392163 1 0.00392163 0.00392163 1 0.00392163 0.00392163 1 0.00392163 0.00392163 1 0.00392163 0.00392163 1 0.00392163 0.00392163 1 0.00392163 0.00392163 1 0.00392163 0.00392163 1 0.00392163 0.00392163 1 0.00392163 0.00392163 1 0.00392163 0.00392163 1 0.00392163 0.00392163 1 0.00392163 0.00392163 1 0.00392163 0.00392163 1 0.00392163 0.00392163 1 0.00392163 0.00392163 1 0.00392163 0.00392163 1 0.00392163 0.00392163 1 0.00392163 0.00392163 1 0.00392163 0.00392163 1 0.00392163 0.00392163 1 0.00392163 0.00392163 1 0.00392163 0.00392163 1 0.00392163 0.00392163 1 0.00392163 0.00392163 1 0.00392163 0.00392163 1 0.00392163 0.00392163 1 0.00392163 0.00392163 1 0.00392163 0.00392163 1 0.00392163 0.00392163 1 0.00392163 0.00392163 1 0.00392163 0.00392163 1 0.00392163 0.00392163 1 0.00392163 0.00392163 1 0.00392163 0.00392163 1 0.00392163 0.00392163 1 0.00392163 0.00392163 1 0.00392163 0.00392163 1 0.00392163 0.00392163 1 0.00392163 0.00392163 1 0.00392163 0.00392163 1 0.00392163 0.00392163 1 0.00392163 0.00392163 1 0.00392163 0.00392163 1 0.00392163 0.00392163 1 0.00392163 0.00392163 0.00392163 0.00392163 1 0.00392163 0.0980393 0.992157 0.00392163 0.192157 0.984314 0.00392163 0.294118 0.960784 0.00392163 0.380392 0.921569 0.00392163 0.47451 0.882353 0.00392163 0.552941 0.835294 0.00392163 0.631373 0.772549 0.00392163 0.709804 0.709804 0.00392163 0.772549 0.631373 0.00392163 0.835294 0.552941 0.00392163 0.882353 0.47451 0.00392163 0.921569 0.380392 0.00392163 0.960784 0.294118 0.00392163 0.984314 0.192157 0.00392163 0.992157 0.0980393 0.00392163 1 0.00392163 0.00392163 0.992157 -0.0980392 0.00392163 0.984314 -0.192157 0.00392163 0.960784 -0.294118 0.00392163 0.921569 -0.380392 0.00392163 0.882353 -0.47451 0.00392163 0.835294 -0.552941 0.00392163 0.772549 -0.631373 0.00392163 0.709804 -0.709804 0.00392163 0.631373 -0.772549 0.00392163 0.552941 -0.835294 0.00392163 0.47451 -0.882353 0.00392163 0.380392 -0.921569 0.00392163 0.294118 -0.960784 0.00392163 0.192157 -0.984314 0.00392163 0.0980393 -0.992157 0.00392163 0.00392163 -1 0.00392163 -0.0980392 -0.992157 0.00392163 -0.192157 -0.984314 0.00392163 -0.294118 -0.960784 0.00392163 -0.380392 -0.921569 0.00392163 -0.47451 -0.882353 0.00392163 -0.552941 -0.835294 0.00392163 -0.631373 -0.772549 0.00392163 -0.709804 -0.709804 0.00392163 -0.772549 -0.631373 0.00392163 -0.835294 -0.552941 0.00392163 -0.882353 -0.47451 0.00392163 -0.921569 -0.380392 0.00392163 -0.960784 -0.294118 0.00392163 -0.984314 -0.192157 0.00392163 -0.992157 -0.0980392 0.00392163 -1 0.00392163 0.00392163 -0.992157 0.0980393 0.00392163 -0.984314 0.192157 0.00392163 -0.960784 0.294118 0.00392163 -0.921569 0.380392 0.00392163 -0.882353 0.47451 0.00392163 -0.835294 0.552941 0.00392163 -0.772549 0.631373 0.00392163 -0.709804 0.709804 0.00392163 -0.631373 0.772549 0.00392163 -0.552941 0.835294 0.00392163 -0.47451 0.882353 0.00392163 -0.380392 0.921569 0.00392163 -0.294118 0.960784 0.00392163 -0.192157 0.984314 0.00392163 -0.0980392 0.992157 0.00392163 0.0980393 0.992157 0.00392163 0.192157 0.984314 0.00392163 0.294118 0.960784 0.00392163 0.380392 0.921569 0.00392163 0.47451 0.882353 0.00392163 0.552941 0.835294 0.00392163 0.631373 0.772549 0.00392163 0.709804 0.709804 0.00392163 0.772549 0.631373 0.00392163 0.835294 0.552941 0.00392163 0.882353 0.47451 0.00392163 0.921569 0.380392 0.00392163 0.960784 0.294118 0.00392163 0.984314 0.192157 0.00392163 0.992157 0.0980393 0.00392163 1 0.00392163 0.00392163 0.992157 -0.0980392 0.00392163 0.984314 -0.192157 0.00392163 0.960784 -0.294118 0.00392163 0.921569 -0.380392 0.00392163 0.882353 -0.47451 0.00392163 0.835294 -0.552941 0.00392163 0.772549 -0.631373 0.00392163 0.709804 -0.709804 0.00392163 0.631373 -0.772549 0.00392163 0.552941 -0.835294 0.00392163 0.47451 -0.882353 0.00392163 0.380392 -0.921569 0.00392163 0.294118 -0.960784 0.00392163 0.192157 -0.984314 0.00392163 0.0980393 -0.992157 0.00392163 0.00392163 -1 0.00392163 -0.0980392 -0.992157 0.00392163 -0.192157 -0.984314 0.00392163 -0.294118 -0.960784 0.00392163 -0.380392 -0.921569 0.00392163 -0.47451 -0.882353 0.00392163 -0.552941 -0.835294 0.00392163 -0.631373 -0.772549 0.00392163 -0.709804 -0.709804 0.00392163 -0.772549 -0.631373 0.00392163 -0.835294 -0.552941 0.00392163 -0.882353 -0.47451 0.00392163 -0.921569 -0.380392 0.00392163 -0.960784 -0.294118 0.00392163 -0.984314 -0.192157 0.00392163 -0.992157 -0.0980392 0.00392163 -1 0.00392163 0.00392163 -0.992157 0.0980393 0.00392163 -0.984314 0.192157 0.00392163 -0.960784 0.294118 0.00392163 -0.921569 0.380392 0.00392163 -0.882353 0.47451 0.00392163 -0.835294 0.552941 0.00392163 -0.772549 0.631373 0.00392163 -0.709804 0.709804 0.00392163 -0.631373 0.772549 0.00392163 -0.552941 0.835294 0.00392163 -0.47451 0.882353 0.00392163 -0.380392 0.921569 0.00392163 -0.294118 0.960784 0.00392163 -0.192157 0.984314 0.00392163 -0.0980392 0.992157 0.00392163 0.00392163 1 0.247059 0.082353 0.968628 0.247059 0.168628 0.952941 0.247059 0.247059 0.937255 0.247059 0.333333 0.913726 0.247059 0.411765 0.87451 0.247059 0.482353 0.835294 0.247059 0.552941 0.796079 0.247059 0.62353 0.741177 0.247059 0.686275 0.686275 0.247059 0.741177 0.62353 0.247059 0.796079 0.552941 0.247059 0.835294 0.482353 0.247059 0.87451 0.411765 0.247059 0.913726 0.333333 0.247059 0.937255 0.247059 0.247059 0.952941 0.168628 0.247059 0.968628 0.082353 0.247059 0.968628 0.00392163 0.247059 0.968628 -0.0823529 0.247059 0.952941 -0.168627 0.247059 0.937255 -0.247059 0.247059 0.913726 -0.333333 0.247059 0.87451 -0.411765 0.247059 0.835294 -0.482353 0.247059 0.796079 -0.552941 0.247059 0.741177 -0.623529 0.247059 0.686275 -0.686275 0.247059 0.62353 -0.741176 0.247059 0.552941 -0.796078 0.247059 0.482353 -0.835294 0.247059 0.411765 -0.87451 0.247059 0.333333 -0.913725 0.247059 0.247059 -0.937255 0.247059 0.168628 -0.952941 0.247059 0.082353 -0.968627 0.247059 0.00392163 -0.968627 0.247059 -0.0823529 -0.968627 0.247059 -0.168627 -0.952941 0.247059 -0.247059 -0.937255 0.247059 -0.333333 -0.913725 0.247059 -0.411765 -0.87451 0.247059 -0.482353 -0.835294 0.247059 -0.552941 -0.796078 0.247059 -0.623529 -0.741176 0.247059 -0.686275 -0.686275 0.247059 -0.741176 -0.623529 0.247059 -0.796078 -0.552941 0.247059 -0.835294 -0.482353 0.247059 -0.87451 -0.411765 0.247059 -0.913725 -0.333333 0.247059 -0.937255 -0.247059 0.247059 -0.952941 -0.168627 0.247059 -0.968627 -0.0823529 0.247059 -0.968627 0.00392163 0.247059 -0.968627 0.082353 0.247059 -0.952941 0.168628 0.247059 -0.937255 0.247059 0.247059 -0.913725 0.333333 0.247059 -0.87451 0.411765 0.247059 -0.835294 0.482353 0.247059 -0.796078 0.552941 0.247059 -0.741176 0.62353 0.247059 -0.686275 0.686275 0.247059 -0.623529 0.741177 0.247059 -0.552941 0.796079 0.247059 -0.482353 0.835294 0.247059 -0.411765 0.87451 0.247059 -0.333333 0.913726 0.247059 -0.247059 0.937255 0.247059 -0.168627 0.952941 0.247059 -0.0823529 0.968628 0.247059 0.00392163 0.968628 0.482353 0.0745099 0.87451 0.482353 0.152941 0.866667 0.482353 0.223529 0.843137 0.482353 0.301961 0.819608 0.482353 0.372549 0.796079 0.482353 0.435294 0.756863 0.482353 0.505883 0.717647 0.482353 0.560784 0.670588 0.482353 0.62353 0.62353 0.482353 0.670588 0.560784 0.482353 0.717647 0.505883 0.482353 0.756863 0.435294 0.482353 0.796079 0.372549 0.482353 0.819608 0.301961 0.482353 0.843137 0.223529 0.482353 0.866667 0.152941 0.482353 0.87451 0.0745099 0.482353 0.87451 0.00392163 0.482353 0.87451 -0.0745097 0.482353 0.866667 -0.152941 0.482353 0.843137 -0.223529 0.482353 0.819608 -0.301961 0.482353 0.796079 -0.372549 0.482353 0.756863 -0.435294 0.482353 0.717647 -0.505882 0.482353 0.670588 -0.560784 0.482353 0.62353 -0.623529 0.482353 0.560784 -0.670588 0.482353 0.505883 -0.717647 0.482353 0.435294 -0.756863 0.482353 0.372549 -0.796078 0.482353 0.301961 -0.819608 0.482353 0.223529 -0.843137 0.482353 0.152941 -0.866667 0.482353 0.0745099 -0.87451 0.482353 0.00392163 -0.87451 0.482353 -0.0745097 -0.87451 0.482353 -0.152941 -0.866667 0.482353 -0.223529 -0.843137 0.482353 -0.301961 -0.819608 0.482353 -0.372549 -0.796078 0.482353 -0.435294 -0.756863 0.482353 -0.505882 -0.717647 0.482353 -0.560784 -0.670588 0.482353 -0.623529 -0.623529 0.482353 -0.670588 -0.560784 0.482353 -0.717647 -0.505882 0.482353 -0.756863 -0.435294 0.482353 -0.796078 -0.372549 0.482353 -0.819608 -0.301961 0.482353 -0.843137 -0.223529 0.482353 -0.866667 -0.152941 0.482353 -0.87451 -0.0745097 0.482353 -0.87451 0.00392163 0.482353 -0.87451 0.0745099 0.482353 -0.866667 0.152941 0.482353 -0.843137 0.223529 0.482353 -0.819608 0.301961 0.482353 -0.796078 0.372549 0.482353 -0.756863 0.435294 0.482353 -0.717647 0.505883 0.482353 -0.670588 0.560784 0.482353 -0.623529 0.62353 0.482353 -0.560784 0.670588 0.482353 -0.505882 0.717647 0.482353 -0.435294 0.756863 0.482353 -0.372549 0.796079 0.482353 -0.301961 0.819608 0.482353 -0.223529 0.843137 0.482353 -0.152941 0.866667 0.482353 -0.0745097 0.87451 0.482353 0.00392163 0.87451 0.686275 0.0666667 0.72549 0.686275 0.129412 0.717647 0.686275 0.192157 0.701961 0.686275 0.247059 0.686275 0.686275 0.309804 0.662745 0.686275 0.364706 0.631373 0.686275 0.419608 0.6 0.686275 0.466667 0.560784 0.686275 0.513726 0.513726 0.686275 0.560784 0.466667 0.686275 0.6 0.419608 0.686275 0.631373 0.364706 0.686275 0.662745 0.309804 0.686275 0.686275 0.247059 0.686275 0.701961 0.192157 0.686275 0.717647 0.129412 0.686275 0.72549 0.0666667 0.686275 0.72549 0.00392163 0.686275 0.72549 -0.0666666 0.686275 0.717647 -0.129412 0.686275 0.701961 -0.192157 0.686275 0.686275 -0.247059 0.686275 0.662745 -0.309804 0.686275 0.631373 -0.364706 0.686275 0.6 -0.419608 0.686275 0.560784 -0.466667 0.686275 0.513726 -0.513725 0.686275 0.466667 -0.560784 0.686275 0.419608 -0.6 0.686275 0.364706 -0.631373 0.686275 0.309804 -0.662745 0.686275 0.247059 -0.686275 0.686275 0.192157 -0.701961 0.686275 0.129412 -0.717647 0.686275 0.0666667 -0.72549 0.686275 0.00392163 -0.72549 0.686275 -0.0666666 -0.72549 0.686275 -0.129412 -0.717647 0.686275 -0.192157 -0.701961 0.686275 -0.247059 -0.686275 0.686275 -0.309804 -0.662745 0.686275 -0.364706 -0.631373 0.686275 -0.419608 -0.6 0.686275 -0.466667 -0.560784 0.686275 -0.513725 -0.513725 0.686275 -0.560784 -0.466667 0.686275 -0.6 -0.419608 0.686275 -0.631373 -0.364706 0.686275 -0.662745 -0.309804 0.686275 -0.686275 -0.247059 0.686275 -0.701961 -0.192157 0.686275 -0.717647 -0.129412 0.686275 -0.72549 -0.0666666 0.686275 -0.72549 0.00392163 0.686275 -0.72549 0.0666667 0.686275 -0.717647 0.129412 0.686275 -0.701961 0.192157 0.686275 -0.686275 0.247059 0.686275 -0.662745 0.309804 0.686275 -0.631373 0.364706 0.686275 -0.6 0.419608 0.686275 -0.560784 0.466667 0.686275 -0.513725 0.513726 0.686275 -0.466667 0.560784 0.686275 -0.419608 0.6 0.686275 -0.364706 0.631373 0.686275 -0.309804 0.662745 0.686275 -0.247059 0.686275 0.686275 -0.192157 0.701961 0.686275 -0.129412 0.717647 0.686275 -0.0666666 0.72549 0.686275 0.00392163 0.72549 0.843137 0.0431373 0.537255 0.843137 0.0901961 0.529412 0.843137 0.137255 0.513726 0.843137 0.184314 0.505883 0.843137 0.223529 0.482353 0.843137 0.270588 0.466667 0.843137 0.309804 0.435294 0.843137 0.341177 0.411765 0.843137 0.380392 0.380392 0.843137 0.411765 0.341177 0.843137 0.435294 0.309804 0.843137 0.466667 0.270588 0.843137 0.482353 0.223529 0.843137 0.505883 0.184314 0.843137 0.513726 0.137255 0.843137 0.529412 0.0901961 0.843137 0.537255 0.0431373 0.843137 0.537255 0.00392163 0.843137 0.537255 -0.0431372 0.843137 0.529412 -0.090196 0.843137 0.513726 -0.137255 0.843137 0.505883 -0.184314 0.843137 0.482353 -0.223529 0.843137 0.466667 -0.270588 0.843137 0.435294 -0.309804 0.843137 0.411765 -0.341176 0.843137 0.380392 -0.380392 0.843137 0.341177 -0.411765 0.843137 0.309804 -0.435294 0.843137 0.270588 -0.466667 0.843137 0.223529 -0.482353 0.843137 0.184314 -0.505882 0.843137 0.137255 -0.513725 0.843137 0.0901961 -0.529412 0.843137 0.0431373 -0.537255 0.843137 0.00392163 -0.537255 0.843137 -0.0431372 -0.537255 0.843137 -0.090196 -0.529412 0.843137 -0.137255 -0.513725 0.843137 -0.184314 -0.505882 0.843137 -0.223529 -0.482353 0.843137 -0.270588 -0.466667 0.843137 -0.309804 -0.435294 0.843137 -0.341176 -0.411765 0.843137 -0.380392 -0.380392 0.843137 -0.411765 -0.341176 0.843137 -0.435294 -0.309804 0.843137 -0.466667 -0.270588 0.843137 -0.482353 -0.223529 0.843137 -0.505882 -0.184314 0.843137 -0.513725 -0.137255 0.843137 -0.529412 -0.090196 0.843137 -0.537255 -0.0431372 0.843137 -0.537255 0.00392163 0.843137 -0.537255 0.0431373 0.843137 -0.529412 0.0901961 0.843137 -0.513725 0.137255 0.843137 -0.505882 0.184314 0.843137 -0.482353 0.223529 0.843137 -0.466667 0.270588 0.843137 -0.435294 0.309804 0.843137 -0.411765 0.341177 0.843137 -0.380392 0.380392 0.843137 -0.341176 0.411765 0.843137 -0.309804 0.435294 0.843137 -0.270588 0.466667 0.843137 -0.223529 0.482353 0.843137 -0.184314 0.505883 0.843137 -0.137255 0.513726 0.843137 -0.090196 0.529412 0.843137 -0.0431372 0.537255 0.843137 0.00392163 0.537255 0.952941 0.027451 0.309804 0.952941 0.0509804 0.301961 0.952941 0.082353 0.301961 0.952941 0.105882 0.294118 0.952941 0.129412 0.278431 0.952941 0.152941 0.270588 0.952941 0.176471 0.254902 0.952941 0.2 0.239216 0.952941 0.215686 0.215686 0.952941 0.239216 0.2 0.952941 0.254902 0.176471 0.952941 0.270588 0.152941 0.952941 0.278431 0.129412 0.952941 0.294118 0.105882 0.952941 0.301961 0.082353 0.952941 0.301961 0.0509804 0.952941 0.309804 0.027451 0.952941 0.309804 0.00392163 0.952941 0.309804 -0.0274509 0.952941 0.301961 -0.0509803 0.952941 0.301961 -0.0823529 0.952941 0.294118 -0.105882 0.952941 0.278431 -0.129412 0.952941 0.270588 -0.152941 0.952941 0.254902 -0.176471 0.952941 0.239216 -0.2 0.952941 0.215686 -0.215686 0.952941 0.2 -0.239216 0.952941 0.176471 -0.254902 0.952941 0.152941 -0.270588 0.952941 0.129412 -0.278431 0.952941 0.105882 -0.294118 0.952941 0.082353 -0.301961 0.952941 0.0509804 -0.301961 0.952941 0.027451 -0.309804 0.952941 0.00392163 -0.309804 0.952941 -0.0274509 -0.309804 0.952941 -0.0509803 -0.301961 0.952941 -0.0823529 -0.301961 0.952941 -0.105882 -0.294118 0.952941 -0.129412 -0.278431 0.952941 -0.152941 -0.270588 0.952941 -0.176471 -0.254902 0.952941 -0.2 -0.239216 0.952941 -0.215686 -0.215686 0.952941 -0.239216 -0.2 0.952941 -0.254902 -0.176471 0.952941 -0.270588 -0.152941 0.952941 -0.278431 -0.129412 0.952941 -0.294118 -0.105882 0.952941 -0.301961 -0.0823529 0.952941 -0.301961 -0.0509803 0.952941 -0.309804 -0.0274509 0.952941 -0.309804 0.00392163 0.952941 -0.309804 0.027451 0.952941 -0.301961 0.0509804 0.952941 -0.301961 0.082353 0.952941 -0.294118 0.105882 0.952941 -0.278431 0.129412 0.952941 -0.270588 0.152941 0.952941 -0.254902 0.176471 0.952941 -0.239216 0.2 0.952941 -0.215686 0.215686 0.952941 -0.2 0.239216 0.952941 -0.176471 0.254902 0.952941 -0.152941 0.270588 0.952941 -0.129412 0.278431 0.952941 -0.105882 0.294118 0.952941 -0.0823529 0.301961 0.952941 -0.0509803 0.301961 0.952941 -0.0274509 0.309804 0.952941 0.00392163 0.309804 1 0.00392163 0.0588236 1 0.0117648 0.0588236 1 0.0196079 0.0588236 1 0.0196079 0.0588236 1 0.027451 0.0588236 1 0.0352942 0.0509804 1 0.0352942 0.0509804 1 0.0431373 0.0509804 1 0.0431373 0.0431373 1 0.0509804 0.0431373 1 0.0509804 0.0352942 1 0.0509804 0.0352942 1 0.0588236 0.027451 1 0.0588236 0.0196079 1 0.0588236 0.0196079 1 0.0588236 0.0117648 1 0.0588236 0.00392163 1 0.0666667 0.00392163 1 0.0588236 -0.00392151 1 0.0588236 -0.0117646 1 0.0588236 -0.0196078 1 0.0588236 -0.0196078 1 0.0588236 -0.0274509 1 0.0509804 -0.0352941 1 0.0509804 -0.0352941 1 0.0509804 -0.0431372 1 0.0431373 -0.0431372 1 0.0431373 -0.0509803 1 0.0352942 -0.0509803 1 0.0352942 -0.0509803 1 0.027451 -0.0588235 1 0.0196079 -0.0588235 1 0.0196079 -0.0588235 1 0.0117648 -0.0588235 1 0.00392163 -0.0588235 1 0.00392163 -0.0666666 1 -0.00392151 -0.0588235 1 -0.0117646 -0.0588235 1 -0.0196078 -0.0588235 1 -0.0196078 -0.0588235 1 -0.0274509 -0.0588235 1 -0.0352941 -0.0509803 1 -0.0352941 -0.0509803 1 -0.0431372 -0.0509803 1 -0.0431372 -0.0431372 1 -0.0509803 -0.0431372 1 -0.0509803 -0.0352941 1 -0.0509803 -0.0352941 1 -0.0588235 -0.0274509 1 -0.0588235 -0.0196078 1 -0.0588235 -0.0196078 1 -0.0588235 -0.0117646 1 -0.0588235 -0.00392151 1 -0.0666666 0.00392163 1 -0.0588235 0.00392163 1 -0.0588235 0.0117648 1 -0.0588235 0.0196079 1 -0.0588235 0.0196079 1 -0.0588235 0.027451 1 -0.0509803 0.0352942 1 -0.0509803 0.0352942 1 -0.0509803 0.0431373 1 -0.0431372 0.0431373 1 -0.0431372 0.0509804 1 -0.0352941 0.0509804 1 -0.0352941 0.0509804 1 -0.0274509 0.0588236 1 -0.0196078 0.0588236 1 -0.0196078 0.0588236 1 -0.0117646 0.0588236 1 -0.00392151 0.0588236 1 0.00392163 0.0666667 1 0.00392163 0.00392163 1 0.00392163 0.00392163 1 0.00392163 0.00392163 1 0.00392163 0.00392163 1 0.00392163 0.00392163 1 0.00392163 0.00392163 1 0.00392163 0.00392163 1 0.00392163 0.00392163 1 0.00392163 0.00392163 1 0.00392163 0.00392163 1 0.00392163 0.00392163 1 0.00392163 0.00392163 1 0.00392163 0.00392163 1 0.00392163 0.00392163 1 0.00392163 0.00392163 1 0.00392163 0.00392163 1 0.00392163 0.00392163 1 0.00392163 0.00392163 1 0.00392163 0.00392163 1 0.00392163 0.00392163 1 0.00392163 0.00392163 1 0.00392163 0.00392163 1 0.00392163 0.00392163 1 0.00392163 0.00392163 1 0.00392163 0.00392163 1 0.00392163 0.00392163 1 0.00392163 0.00392163 1 0.00392163 0.00392163 1 0.00392163 0.00392163 1 0.00392163 0.00392163 1 0.00392163 0.00392163 1 0.00392163 0.00392163 1 0.00392163 0.00392163 1 0.00392163 0.00392163 1 0.00392163 0.00392163 1 0.00392163 0.00392163 1 0.00392163 0.00392163 1 0.00392163 0.00392163 1 0.00392163 0.00392163 1 0.00392163 0.00392163 1 0.00392163 0.00392163 1 0.00392163 0.00392163 1 0.00392163 0.00392163 1 0.00392163 0.00392163 1 0.00392163 0.00392163 1 0.00392163 0.00392163 1 0.00392163 0.00392163 1 0.00392163 0.00392163 1 0.00392163 0.00392163 1 0.00392163 0.00392163 1 0.00392163 0.00392163 1 0.00392163 0.00392163 1 0.00392163 0.00392163 1 0.00392163 0.00392163 1 0.00392163 0.00392163 1 0.00392163 0.00392163 1 0.00392163 0.00392163 1 0.00392163 0.00392163 1 0.00392163 0.00392163 1 0.00392163 0.00392163 1 0.00392163 0.00392163 1 0.00392163 0.00392163 1 0.00392163 0.00392163 1 0.00392163 0.00392163 1 0.00392163 0.00392163 1 0.00392163 0.00392163 1 0.00392163 0.00392163 1 0.00392163 0.00392163 1 0.00392163 0.00392163 1 0.00392163 0.00392163 1 0.00392163 0.00392163 1 0.00392163 0.00392163 0.992157 0.00392163 0.129412 0.992157 0.00392163 0.129412 0.992157 0.00392163 -0.129412 0.992157 0.00392163 -0.129412 0.968628 0.00392163 -0.254902 0.921569 0.00392163 -0.380392 0.866667 0.00392163 -0.498039 0.796079 0.00392163 -0.607843 0.709804 0.00392163 -0.709804 0.607843 0.00392163 -0.796078 0.498039 0.00392163 -0.866667 0.380392 0.00392163 -0.921569 0.254902 0.00392163 -0.968627 0.129412 0.00392163 -0.992157 0.00392163 0.00392163 -1 0.00392163 0.00392163 -1 0.0588236 -0.0823529 -0.992157 0.113726 -0.176471 -0.976471 0.152941 -0.262745 -0.952941 0.192157 -0.34902 -0.913725 0.215686 -0.435294 -0.87451 0.231373 -0.505882 -0.827451 0.239216 -0.584314 -0.780392 0.231373 -0.654902 -0.717647 0.160784 -0.866667 -0.482353 0.121569 -0.898039 -0.427451 0.082353 -0.921569 -0.380392 0.0431373 -0.937255 -0.341176 0.00392163 -0.945098 -0.333333 0.082353 -0.937255 -0.333333 0.168628 -0.929412 -0.333333 0.247059 -0.905882 -0.333333 0.333333 -0.882353 -0.333333 0.411765 -0.85098 -0.333333 0.482353 -0.811765 -0.333333 0.552941 -0.764706 -0.333333 0.62353 -0.709804 -0.333333 0.678432 -0.654902 -0.333333 0.733333 -0.584314 -0.333333 0.788235 -0.521569 -0.333333 0.827451 -0.443137 -0.333333 0.866667 -0.372549 -0.333333 0.898039 -0.294118 -0.333333 0.921569 -0.207843 -0.333333 0.937255 -0.129412 -0.333333 0.945098 -0.0431372 -0.333333 0.945098 0.0431373 -0.333333 0.937255 0.129412 -0.333333 0.921569 0.207843 -0.333333 0.898039 0.294118 -0.333333 0.866667 0.372549 -0.333333 0.827451 0.443137 -0.333333 0.788235 0.521569 -0.333333 0.733333 0.584314 -0.333333 0.678432 0.654902 -0.333333 0.62353 0.709804 -0.333333 0.552941 0.764706 -0.333333 0.482353 0.811765 -0.333333 0.411765 0.850981 -0.333333 0.333333 0.882353 -0.333333 0.247059 0.905882 -0.333333 0.168628 0.929412 -0.333333 0.082353 0.937255 -0.333333 0.00392163 0.945098 -0.333333 0.0431373 0.937255 -0.341176 0.082353 0.921569 -0.380392 0.121569 0.898039 -0.427451 0.160784 0.866667 -0.482353 0.231373 0.654902 -0.717647 0.239216 0.584314 -0.780392 0.231373 0.505883 -0.827451 0.215686 0.435294 -0.87451 0.192157 0.34902 -0.913725 0.152941 0.262745 -0.952941 0.113726 0.176471 -0.976471 0.0588236 0.082353 -0.992157 0.00392163 0.00392163 -1 0.00392163 0.00392163 -1 0.129412 0.00392163 -0.992157 0.254902 0.00392163 -0.968627 0.380392 0.00392163 -0.921569 0.498039 0.00392163 -0.866667 0.607843 0.00392163 -0.796078 0.709804 0.00392163 -0.709804 0.796079 0.00392163 -0.607843 0.866667 0.00392163 -0.498039 0.921569 0.00392163 -0.380392 0.968628 0.00392163 -0.254902 0.00392163 0.00392163 -1 0.00392163 0.00392163 -1 0.00392163 0.00392163 -1 0.00392163 0.00392163 -1 0.00392163 0.00392163 -1 0.00392163 0.00392163 -1 0.00392163 0.00392163 -1 0.00392163 0.00392163 -1 0.00392163 0.00392163 -1 0.00392163 0.00392163 -1 0.00392163 0.00392163 -1 0.00392163 0.00392163 -1 0.113726 -0.137255 -0.984314 0.0980393 -0.145098 -0.984314 0.2 -0.286274 -0.937255 0.176471 -0.294118 -0.937255 0.254902 -0.435294 -0.866667 0.223529 -0.45098 -0.866667 0.286275 -0.576471 -0.764706 0.247059 -0.6 -0.764706 0.294118 -0.709804 -0.639216 0.239216 -0.733333 -0.639216 0.207843 -0.843137 -0.490196 0.270588 -0.827451 -0.490196 0.32549 -0.803922 -0.490196 0.388235 -0.780392 -0.490196 0.443137 -0.74902 -0.490196 0.498039 -0.709804 -0.490196 0.552941 -0.670588 -0.490196 0.6 -0.631373 -0.490196 0.639216 -0.584314 -0.490196 0.686275 -0.537255 -0.490196 0.72549 -0.482353 -0.490196 0.756863 -0.427451 -0.490196 0.788235 -0.372549 -0.490196 0.811765 -0.317647 -0.490196 0.835294 -0.254902 -0.490196 0.850981 -0.192157 -0.490196 0.858824 -0.129412 -0.490196 0.866667 -0.0666666 -0.490196 0.866667 0.00392163 -0.490196 0.866667 0.0666667 -0.490196 0.858824 0.129412 -0.490196 0.850981 0.192157 -0.490196 0.835294 0.254902 -0.490196 0.811765 0.317647 -0.490196 0.788235 0.372549 -0.490196 0.756863 0.427451 -0.490196 0.72549 0.482353 -0.490196 0.686275 0.537255 -0.490196 0.639216 0.584314 -0.490196 0.6 0.631373 -0.490196 0.552941 0.670588 -0.490196 0.498039 0.709804 -0.490196 0.443137 0.74902 -0.490196 0.388235 0.780392 -0.490196 0.32549 0.803922 -0.490196 0.270588 0.827451 -0.490196 0.207843 0.843137 -0.490196 0.239216 0.733333 -0.639216 0.294118 0.709804 -0.639216 0.247059 0.6 -0.764706 0.286275 0.576471 -0.764706 0.223529 0.45098 -0.866667 0.254902 0.435294 -0.866667 0.176471 0.294118 -0.937255 0.2 0.286275 -0.937255 0.0980393 0.145098 -0.984314 0.113726 0.137255 -0.984314 0.00392163 0.00392163 -1 0.00392163 0.00392163 -1 0.00392163 0.00392163 -1 0.00392163 0.00392163 -1 0.00392163 0.00392163 -1 0.00392163 0.00392163 -1 0.00392163 0.00392163 -1 0.00392163 0.00392163 -1 0.00392163 0.00392163 -1 0.00392163 0.00392163 -1 0.00392163 0.00392163 -1 0.176471 0.0117648 -0.984314 0.176471 0.00392163 -0.984314 0.176471 -0.0117646 -0.984314 0.176471 -0.0274509 -0.984314 0.168628 -0.0352941 -0.984314 0.168628 -0.0509803 -0.984314 0.160784 -0.0666666 -0.984314 0.160784 -0.0745097 -0.984314 0.152941 -0.090196 -0.984314 0.145098 -0.0980392 -0.984314 0.137255 -0.105882 -0.984314 0.129412 -0.121569 -0.984314 0.121569 -0.129412 -0.984314 0.215686 -0.270588 -0.937255 0.286275 -0.411765 -0.866667 0.333333 -0.552941 -0.764706 0.341177 -0.686275 -0.639216 0.396078 -0.662745 -0.639216 0.443137 -0.631373 -0.639216 0.490196 -0.6 -0.639216 0.529412 -0.560784 -0.639216 0.568628 -0.521569 -0.639216 0.607843 -0.47451 -0.639216 0.639216 -0.427451 -0.639216 0.670588 -0.380392 -0.639216 0.694118 -0.333333 -0.639216 0.717647 -0.278431 -0.639216 0.733333 -0.223529 -0.639216 0.74902 -0.168627 -0.639216 0.764706 -0.113725 -0.639216 0.764706 -0.0588235 -0.639216 0.772549 0.00392163 -0.639216 0.764706 0.0588236 -0.639216 0.764706 0.113726 -0.639216 0.74902 0.168628 -0.639216 0.733333 0.223529 -0.639216 0.717647 0.278431 -0.639216 0.694118 0.333333 -0.639216 0.670588 0.380392 -0.639216 0.639216 0.427451 -0.639216 0.607843 0.47451 -0.639216 0.568628 0.521569 -0.639216 0.529412 0.560784 -0.639216 0.490196 0.6 -0.639216 0.443137 0.631373 -0.639216 0.396078 0.662745 -0.639216 0.341177 0.686275 -0.639216 0.333333 0.552941 -0.764706 0.372549 0.529412 -0.764706 0.286275 0.411765 -0.866667 0.317647 0.388235 -0.866667 0.215686 0.270588 -0.937255 0.239216 0.247059 -0.937255 0.121569 0.129412 -0.984314 0.129412 0.121569 -0.984314 0.137255 0.105882 -0.984314 0.145098 0.0980393 -0.984314 0.152941 0.0901961 -0.984314 0.160784 0.0745099 -0.984314 0.160784 0.0666667 -0.984314 0.168628 0.0509804 -0.984314 0.168628 0.0352942 -0.984314 0.176471 0.027451 -0.984314 0.341177 0.027451 -0.937255 0.341177 0.00392163 -0.937255 0.341177 -0.0274509 -0.937255 0.341177 -0.0509803 -0.937255 0.333333 -0.0745097 -0.937255 0.333333 -0.0980392 -0.937255 0.317647 -0.121569 -0.937255 0.309804 -0.145098 -0.937255 0.301961 -0.168627 -0.937255 0.286275 -0.192157 -0.937255 0.270588 -0.215686 -0.937255 0.254902 -0.231372 -0.937255 0.239216 -0.247059 -0.937255 0.317647 -0.388235 -0.866667 0.372549 -0.529412 -0.764706 0.411765 -0.498039 -0.764706 0.443137 -0.466667 -0.764706 0.47451 -0.435294 -0.764706 0.505883 -0.396078 -0.764706 0.537255 -0.356863 -0.764706 0.560784 -0.317647 -0.764706 0.584314 -0.278431 -0.764706 0.6 -0.231372 -0.764706 0.615686 -0.192157 -0.764706 0.631373 -0.145098 -0.764706 0.639216 -0.0980392 -0.764706 0.647059 -0.0509803 -0.764706 0.647059 0.00392163 -0.764706 0.647059 0.0509804 -0.764706 0.639216 0.0980393 -0.764706 0.631373 0.145098 -0.764706 0.615686 0.192157 -0.764706 0.6 0.231373 -0.764706 0.584314 0.278431 -0.764706 0.560784 0.317647 -0.764706 0.537255 0.356863 -0.764706 0.505883 0.396078 -0.764706 0.47451 0.435294 -0.764706 0.443137 0.466667 -0.764706 0.411765 0.498039 -0.764706 0.34902 0.364706 -0.866667 0.372549 0.341177 -0.866667 0.254902 0.231373 -0.937255 0.270588 0.215686 -0.937255 0.286275 0.192157 -0.937255 0.301961 0.168628 -0.937255 0.309804 0.145098 -0.937255 0.317647 0.121569 -0.937255 0.333333 0.0980393 -0.937255 0.333333 0.0745099 -0.937255 0.341177 0.0509804 -0.937255 0.505883 0.0352942 -0.866667 0.505883 0.00392163 -0.866667 0.505883 -0.0352941 -0.866667 0.498039 -0.0745097 -0.866667 0.490196 -0.113725 -0.866667 0.482353 -0.145098 -0.866667 0.466667 -0.184314 -0.866667 0.45098 -0.215686 -0.866667 0.435294 -0.247059 -0.866667 0.419608 -0.278431 -0.866667 0.396078 -0.309804 -0.866667 0.372549 -0.341176 -0.866667 0.34902 -0.364706 -0.866667 0.498039 0.0745099 -0.866667 0.490196 0.113726 -0.866667 0.482353 0.145098 -0.866667 0.466667 0.184314 -0.866667 0.45098 0.215686 -0.866667 0.435294 0.247059 -0.866667 0.419608 0.278431 -0.866667 0.396078 0.309804 -0.866667 0.968628 0.00392163 0.254902 0.921569 0.00392163 0.380392 0.866667 0.00392163 0.498039 0.796079 0.00392163 0.607843 0.709804 0.00392163 0.709804 0.607843 0.00392163 0.796079 0.498039 0.00392163 0.866667 0.380392 0.00392163 0.921569 0.254902 0.00392163 0.968628 0.129412 0.00392163 0.992157 0.00392163 0.00392163 1 0.00392163 0.00392163 1 0.0588236 0.082353 0.992157 0.113726 0.176471 0.976471 0.152941 0.262745 0.952941 0.192157 0.34902 0.913726 0.215686 0.435294 0.87451 0.231373 0.505883 0.827451 0.239216 0.584314 0.780392 0.231373 0.654902 0.717647 0.160784 0.866667 0.482353 0.121569 0.898039 0.427451 0.082353 0.921569 0.380392 0.0431373 0.937255 0.341177 0.00392163 0.945098 0.333333 0.082353 0.937255 0.333333 0.168628 0.929412 0.333333 0.247059 0.905882 0.333333 0.333333 0.882353 0.333333 0.411765 0.850981 0.333333 0.482353 0.811765 0.333333 0.552941 0.764706 0.333333 0.62353 0.709804 0.333333 0.678432 0.654902 0.333333 0.733333 0.584314 0.333333 0.788235 0.521569 0.333333 0.827451 0.443137 0.333333 0.866667 0.372549 0.333333 0.898039 0.294118 0.333333 0.921569 0.207843 0.333333 0.937255 0.129412 0.333333 0.945098 0.0431373 0.333333 0.945098 -0.0431372 0.333333 0.937255 -0.129412 0.333333 0.921569 -0.207843 0.333333 0.898039 -0.294118 0.333333 0.866667 -0.372549 0.333333 0.827451 -0.443137 0.333333 0.788235 -0.521569 0.333333 0.733333 -0.584314 0.333333 0.678432 -0.654902 0.333333 0.62353 -0.709804 0.333333 0.552941 -0.764706 0.333333 0.482353 -0.811765 0.333333 0.411765 -0.85098 0.333333 0.333333 -0.882353 0.333333 0.247059 -0.905882 0.333333 0.168628 -0.929412 0.333333 0.082353 -0.937255 0.333333 0.00392163 -0.945098 0.333333 0.0431373 -0.937255 0.341177 0.082353 -0.921569 0.380392 0.121569 -0.898039 0.427451 0.160784 -0.866667 0.482353 0.231373 -0.654902 0.717647 0.239216 -0.584314 0.780392 0.231373 -0.505882 0.827451 0.215686 -0.435294 0.87451 0.192157 -0.34902 0.913726 0.152941 -0.262745 0.952941 0.113726 -0.176471 0.976471 0.0588236 -0.0823529 0.992157 0.00392163 0.00392163 1 0.00392163 0.00392163 1 0.129412 0.00392163 0.992157 0.254902 0.00392163 0.968628 0.380392 0.00392163 0.921569 0.498039 0.00392163 0.866667 0.607843 0.00392163 0.796079 0.709804 0.00392163 0.709804 0.796079 0.00392163 0.607843 0.866667 0.00392163 0.498039 0.921569 0.00392163 0.380392 0.968628 0.00392163 0.254902 0.00392163 0.00392163 1 0.00392163 0.00392163 1 0.00392163 0.00392163 1 0.00392163 0.00392163 1 0.00392163 0.00392163 1 0.00392163 0.00392163 1 0.00392163 0.00392163 1 0.00392163 0.00392163 1 0.00392163 0.00392163 1 0.00392163 0.00392163 1 0.00392163 0.00392163 1 0.00392163 0.00392163 1 0.113726 0.137255 0.984314 0.0980393 0.145098 0.984314 0.2 0.286275 0.937255 0.176471 0.294118 0.937255 0.254902 0.435294 0.866667 0.223529 0.45098 0.866667 0.286275 0.576471 0.764706 0.247059 0.6 0.764706 0.294118 0.709804 0.639216 0.239216 0.733333 0.639216 0.207843 0.843137 0.490196 0.270588 0.827451 0.490196 0.32549 0.803922 0.490196 0.388235 0.780392 0.490196 0.443137 0.74902 0.490196 0.498039 0.709804 0.490196 0.552941 0.670588 0.490196 0.6 0.631373 0.490196 0.639216 0.584314 0.490196 0.686275 0.537255 0.490196 0.72549 0.482353 0.490196 0.756863 0.427451 0.490196 0.788235 0.372549 0.490196 0.811765 0.317647 0.490196 0.835294 0.254902 0.490196 0.850981 0.192157 0.490196 0.858824 0.129412 0.490196 0.866667 0.0666667 0.490196 0.866667 0.00392163 0.490196 0.866667 -0.0666666 0.490196 0.858824 -0.129412 0.490196 0.850981 -0.192157 0.490196 0.835294 -0.254902 0.490196 0.811765 -0.317647 0.490196 0.788235 -0.372549 0.490196 0.756863 -0.427451 0.490196 0.72549 -0.482353 0.490196 0.686275 -0.537255 0.490196 0.639216 -0.584314 0.490196 0.6 -0.631373 0.490196 0.552941 -0.670588 0.490196 0.498039 -0.709804 0.490196 0.443137 -0.74902 0.490196 0.388235 -0.780392 0.490196 0.32549 -0.803922 0.490196 0.270588 -0.827451 0.490196 0.207843 -0.843137 0.490196 0.239216 -0.733333 0.639216 0.294118 -0.709804 0.639216 0.247059 -0.6 0.764706 0.286275 -0.576471 0.764706 0.223529 -0.45098 0.866667 0.254902 -0.435294 0.866667 0.176471 -0.294118 0.937255 0.2 -0.286274 0.937255 0.0980393 -0.145098 0.984314 0.113726 -0.137255 0.984314 0.00392163 0.00392163 1 0.00392163 0.00392163 1 0.00392163 0.00392163 1 0.00392163 0.00392163 1 0.00392163 0.00392163 1 0.00392163 0.00392163 1 0.00392163 0.00392163 1 0.00392163 0.00392163 1 0.00392163 0.00392163 1 0.00392163 0.00392163 1 0.00392163 0.00392163 1 0.176471 -0.0117646 0.984314 0.176471 0.00392163 0.984314 0.176471 0.0117648 0.984314 0.176471 0.027451 0.984314 0.168628 0.0352942 0.984314 0.168628 0.0509804 0.984314 0.160784 0.0666667 0.984314 0.160784 0.0745099 0.984314 0.152941 0.0901961 0.984314 0.145098 0.0980393 0.984314 0.137255 0.105882 0.984314 0.129412 0.121569 0.984314 0.121569 0.129412 0.984314 0.215686 0.270588 0.937255 0.286275 0.411765 0.866667 0.333333 0.552941 0.764706 0.341177 0.686275 0.639216 0.396078 0.662745 0.639216 0.443137 0.631373 0.639216 0.490196 0.6 0.639216 0.529412 0.560784 0.639216 0.568628 0.521569 0.639216 0.607843 0.47451 0.639216 0.639216 0.427451 0.639216 0.670588 0.380392 0.639216 0.694118 0.333333 0.639216 0.717647 0.278431 0.639216 0.733333 0.223529 0.639216 0.74902 0.168628 0.639216 0.764706 0.113726 0.639216 0.764706 0.0588236 0.639216 0.772549 0.00392163 0.639216 0.764706 -0.0588235 0.639216 0.764706 -0.113725 0.639216 0.74902 -0.168627 0.639216 0.733333 -0.223529 0.639216 0.717647 -0.278431 0.639216 0.694118 -0.333333 0.639216 0.670588 -0.380392 0.639216 0.639216 -0.427451 0.639216 0.607843 -0.47451 0.639216 0.568628 -0.521569 0.639216 0.529412 -0.560784 0.639216 0.490196 -0.6 0.639216 0.443137 -0.631373 0.639216 0.396078 -0.662745 0.639216 0.341177 -0.686275 0.639216 0.333333 -0.552941 0.764706 0.372549 -0.529412 0.764706 0.286275 -0.411765 0.866667 0.317647 -0.388235 0.866667 0.215686 -0.270588 0.937255 0.239216 -0.247059 0.937255 0.121569 -0.129412 0.984314 0.129412 -0.121569 0.984314 0.137255 -0.105882 0.984314 0.145098 -0.0980392 0.984314 0.152941 -0.090196 0.984314 0.160784 -0.0745097 0.984314 0.160784 -0.0666666 0.984314 0.168628 -0.0509803 0.984314 0.168628 -0.0352941 0.984314 0.176471 -0.0274509 0.984314 0.341177 -0.0274509 0.937255 0.341177 0.00392163 0.937255 0.341177 0.027451 0.937255 0.341177 0.0509804 0.937255 0.333333 0.0745099 0.937255 0.333333 0.0980393 0.937255 0.317647 0.121569 0.937255 0.309804 0.145098 0.937255 0.301961 0.168628 0.937255 0.286275 0.192157 0.937255 0.270588 0.215686 0.937255 0.254902 0.231373 0.937255 0.239216 0.247059 0.937255 0.317647 0.388235 0.866667 0.372549 0.529412 0.764706 0.411765 0.498039 0.764706 0.443137 0.466667 0.764706 0.47451 0.435294 0.764706 0.505883 0.396078 0.764706 0.537255 0.356863 0.764706 0.560784 0.317647 0.764706 0.584314 0.278431 0.764706 0.6 0.231373 0.764706 0.615686 0.192157 0.764706 0.631373 0.145098 0.764706 0.639216 0.0980393 0.764706 0.647059 0.0509804 0.764706 0.647059 0.00392163 0.764706 0.647059 -0.0509803 0.764706 0.639216 -0.0980392 0.764706 0.631373 -0.145098 0.764706 0.615686 -0.192157 0.764706 0.6 -0.231372 0.764706 0.584314 -0.278431 0.764706 0.560784 -0.317647 0.764706 0.537255 -0.356863 0.764706 0.505883 -0.396078 0.764706 0.47451 -0.435294 0.764706 0.443137 -0.466667 0.764706 0.411765 -0.498039 0.764706 0.34902 -0.364706 0.866667 0.372549 -0.341176 0.866667 0.254902 -0.231372 0.937255 0.270588 -0.215686 0.937255 0.286275 -0.192157 0.937255 0.301961 -0.168627 0.937255 0.309804 -0.145098 0.937255 0.317647 -0.121569 0.937255 0.333333 -0.0980392 0.937255 0.333333 -0.0745097 0.937255 0.341177 -0.0509803 0.937255 0.505883 -0.0352941 0.866667 0.505883 0.00392163 0.866667 0.505883 0.0352942 0.866667 0.498039 0.0745099 0.866667 0.490196 0.113726 0.866667 0.482353 0.145098 0.866667 0.466667 0.184314 0.866667 0.45098 0.215686 0.866667 0.435294 0.247059 0.866667 0.419608 0.278431 0.866667 0.396078 0.309804 0.866667 0.372549 0.341177 0.866667 0.34902 0.364706 0.866667 0.498039 -0.0745097 0.866667 0.490196 -0.113725 0.866667 0.482353 -0.145098 0.866667 0.466667 -0.184314 0.866667 0.45098 -0.215686 0.866667 0.435294 -0.247059 0.866667 0.419608 -0.278431 0.866667 0.396078 -0.309804 0.866667 1 0.00392163 0.00392163 1 0.00392163 0.00392163 1 0.00392163 0.00392163 1 0.00392163 0.00392163 1 0.00392163 0.00392163 1 0.00392163 0.00392163 1 0.00392163 0.00392163 1 0.00392163 0.00392163 1 0.00392163 0.00392163 1 0.00392163 0.00392163 1 0.00392163 0.00392163 1 0.00392163 0.00392163 1 0.00392163 0.00392163 1 0.00392163 0.00392163 1 0.00392163 0.00392163 1 0.00392163 0.00392163 1 0.00392163 0.00392163 1 0.00392163 0.00392163 1 0.00392163 0.00392163 1 0.00392163 0.00392163 1 0.00392163 0.00392163 1 0.00392163 0.00392163 1 0.00392163 0.00392163 1 0.00392163 0.00392163 1 0.00392163 0.00392163 1 0.00392163 0.00392163 1 0.00392163 0.00392163 1 0.00392163 0.00392163 1 0.00392163 0.00392163 1 0.00392163 0.00392163 1 0.00392163 0.00392163 1 0.00392163 0.00392163 1 0.00392163 0.00392163 1 0.00392163 0.00392163 1 0.00392163 0.00392163 1 0.00392163 0.00392163 1 0.00392163 0.00392163 1 0.00392163 0.00392163 1 0.00392163 0.00392163 1 0.00392163 0.00392163 1 0.00392163 0.00392163 1 0.00392163 0.00392163 1 0.00392163 0.00392163 1 0.00392163 0.00392163 1 0.00392163 0.00392163 1 0.00392163 0.00392163 1 0.00392163 0.00392163 1 0.00392163 0.00392163 1 0.00392163 0.00392163 1 0.00392163 0.00392163 1 0.00392163 0.00392163 1 0.00392163 0.00392163 1 0.00392163 0.00392163 1 0.00392163 0.00392163 1 0.00392163 0.00392163 1 0.00392163 0.00392163 1 0.00392163 0.00392163 1 0.00392163 0.00392163 1 0.00392163 0.00392163 1 0.00392163 0.00392163 1 0.00392163 0.00392163 1 0.00392163 0.00392163 1 0.00392163 0.00392163 1 0.00392163 0.00392163 1 0.00392163 0.00392163 1 0.00392163 0.00392163 1 0.00392163 0.00392163 1 0.00392163 0.00392163 1 0.00392163 0.00392163 1 0.00392163 0.00392163 1 0.00392163 0.00392163 1 0.00392163 0.00392163 1 0.00392163 0.00392163 1 0.00392163 0.00392163 1 0.00392163 0.00392163 1 0.00392163 0.00392163 1 0.00392163 0.00392163 1 0.00392163 0.00392163 1 0.00392163 0.00392163 1 0.00392163 0.00392163 1 0.00392163 0.00392163 1 0.00392163 0.00392163 1 0.00392163 0.00392163 1 0.00392163 0.00392163 1 0.00392163 0.00392163 1 0.00392163 0.00392163 1 0.00392163 0.00392163 1 0.00392163 0.00392163 1 0.00392163 0.00392163 1 0.00392163 0.00392163 1 0.00392163 0.00392163 1 0.00392163 0.00392163 1 0.00392163 0.00392163 1 0.00392163 0.00392163 1 0.00392163 0.00392163 1 0.00392163 0.00392163 1 0.00392163 0.00392163 1 0.00392163 0.00392163 1 0.00392163 0.00392163 1 0.00392163 0.00392163 1 0.00392163 0.00392163 1 0.00392163 0.00392163 1 0.00392163 0.00392163 1 0.00392163 0.00392163 1 0.00392163 0.00392163 1 0.00392163 0.00392163 1 0.00392163 0.00392163 1 0.00392163 0.00392163 1 0.00392163 0.00392163 1 0.00392163 0.00392163 1 0.00392163 0.00392163 0.00392163 0.00392163 -1 0.00392163 0.00392163 -1 0.00392163 0.00392163 -1 0.00392163 0.00392163 -1 0.00392163 0.00392163 -1 0.00392163 0.00392163 -1 0.00392163 0.00392163 -1 0.00392163 0.00392163 -1 0.00392163 0.00392163 -1 0.00392163 0.00392163 -1 0.00392163 0.00392163 -1 0.00392163 0.00392163 -1 0.00392163 0.00392163 -1 0.00392163 0.00392163 -1 0.00392163 0.00392163 -1 0.00392163 0.00392163 -1 0.00392163 0.00392163 -1 0.00392163 0.00392163 -1 0.00392163 0.00392163 -1 0.00392163 0.00392163 -1 0.00392163 0.00392163 -1 0.00392163 0.00392163 -1 0.00392163 0.00392163 -1 0.00392163 0.00392163 -1 0.00392163 0.00392163 -1 0.00392163 0.00392163 -1 0.00392163 0.00392163 -1 0.00392163 0.00392163 -1 0.00392163 0.00392163 -1 0.00392163 0.00392163 -1 0.00392163 0.00392163 -1 0.00392163 0.00392163 -1 0.00392163 0.00392163 -1 0.00392163 0.00392163 -1 0.00392163 0.00392163 -1 0.00392163 0.00392163 -1 0.00392163 0.00392163 -1 0.00392163 0.00392163 -1 0.00392163 0.00392163 -1 0.00392163 0.00392163 -1 0.00392163 0.00392163 -1 0.00392163 0.00392163 -1 0.00392163 0.00392163 -1 0.00392163 0.00392163 -1 0.00392163 0.00392163 -1 0.00392163 0.00392163 -1 0.00392163 0.00392163 -1 0.00392163 0.00392163 -1 0.00392163 0.00392163 -1 0.00392163 0.00392163 -1 0.00392163 0.00392163 -1 0.00392163 0.00392163 -1 0.00392163 0.00392163 -1 0.00392163 0.00392163 -1 0.00392163 0.00392163 -1 0.00392163 0.00392163 -1 0.00392163 0.00392163 -1 0.00392163 0.00392163 -1 0.00392163 0.00392163 -1 0.00392163 0.00392163 -1 0.00392163 0.00392163 -1 0.00392163 0.00392163 -1 0.00392163 0.00392163 -1 0.00392163 0.00392163 -1 0.00392163 0.00392163 -1 0.00392163 0.00392163 -1 0.00392163 0.00392163 -1 0.00392163 0.00392163 -1 0.00392163 0.00392163 -1 0.00392163 0.00392163 -1 0.00392163 0.00392163 -1 0.00392163 0.00392163 -1 0.00392163 0.00392163 -1 0.00392163 0.00392163 -1 0.00392163 0.00392163 -1 0.00392163 0.00392163 -1 0.00392163 0.00392163 -1 0.00392163 0.00392163 -1 0.00392163 0.00392163 -1 0.00392163 0.00392163 -1 0.00392163 0.00392163 -1 0.00392163 0.00392163 -1 0.00392163 0.00392163 -1 0.00392163 0.00392163 -1 0.00392163 0.00392163 -1 0.00392163 0.00392163 -1 0.00392163 0.00392163 -1 0.00392163 0.00392163 -1 0.00392163 0.00392163 -1 0.00392163 0.00392163 -1 0.00392163 0.00392163 -1 0.00392163 0.00392163 -1 0.00392163 0.00392163 -1 0.00392163 0.00392163 -1 0.00392163 0.00392163 -1 -0.176471 0.00392163 -0.984314 -0.176471 0.00392163 -0.984314 -0.341176 0.00392163 -0.937255 -0.498039 0.00392163 -0.866667 -0.639216 0.00392163 -0.764706 -0.764706 0.00392163 -0.639216 -0.866667 0.00392163 -0.498039 -0.937255 0.00392163 -0.341176 -0.984314 0.00392163 -0.176471 -1 0.00392163 0.00392163 -1 0.00392163 0.00392163 -0.984314 0.00392163 0.176471 -0.937255 0.00392163 0.341177 -0.866667 0.00392163 0.498039 -0.764706 0.00392163 0.639216 -0.639216 0.00392163 0.764706 -0.498039 0.00392163 0.866667 -0.341176 0.00392163 0.937255 -0.176471 0.00392163 0.984314 0.00392163 0.00392163 1 0.00392163 0.00392163 1 0.00392163 0.00392163 1 0.00392163 0.00392163 1 0.00392163 0.00392163 1 0.00392163 0.00392163 1 0.00392163 0.00392163 1 0.00392163 0.00392163 1 0.00392163 0.00392163 1 0.00392163 0.00392163 1 0.00392163 0.00392163 1 0.00392163 0.00392163 1 0.00392163 0.00392163 1 0.00392163 0.00392163 1 0.00392163 0.00392163 1 0.00392163 0.00392163 1 0.00392163 0.00392163 1 0.00392163 0.00392163 1 0.00392163 0.00392163 1 0.00392163 0.00392163 1 0.00392163 0.00392163 1 0.00392163 0.00392163 1 0.00392163 0.00392163 1 0.00392163 0.00392163 1 0.00392163 0.00392163 1 0.00392163 0.00392163 1 0.00392163 0.00392163 1 0.00392163 0.00392163 1 0.00392163 0.00392163 1 0.00392163 0.00392163 1 0.00392163 0.00392163 1 0.00392163 0.00392163 1 0.00392163 0.00392163 1 0.00392163 0.00392163 1 0.00392163 0.00392163 1 0.00392163 0.00392163 1 0.00392163 0.00392163 1 0.00392163 0.00392163 1 -0.176471 0.00392163 0.984314 -0.341176 0.00392163 0.937255 -0.498039 0.00392163 0.866667 -0.639216 0.00392163 0.764706 -0.764706 0.00392163 0.639216 -0.866667 0.00392163 0.498039 -0.937255 0.00392163 0.341177 -0.984314 0.00392163 0.176471 -1 0.00392163 0.00392163 -1 0.00392163 0.00392163 -0.984314 0.00392163 -0.176471 -0.937255 0.00392163 -0.341176 -0.866667 0.00392163 -0.498039 -0.764706 0.00392163 -0.639216 -0.639216 0.00392163 -0.764706 -0.498039 0.00392163 -0.866667 -0.341176 0.00392163 -0.937255 0.00392163 0.00392163 1 0.00392163 0.00392163 1 0.00392163 0.00392163 1 0.00392163 0.00392163 1 0.00392163 0.00392163 1 0.00392163 0.00392163 1 0.00392163 0.00392163 1 0.00392163 0.00392163 1 0.00392163 0.00392163 1 0.00392163 0.00392163 1 0.00392163 0.00392163 1 0.00392163 0.00392163 1 0.00392163 0.00392163 1 0.00392163 0.00392163 1 0.00392163 0.00392163 1 0.00392163 0.00392163 1 0.00392163 0.00392163 1 0.00392163 0.00392163 1 0.00392163 0.00392163 1 0.00392163 0.00392163 1 0.00392163 0.00392163 1 0.00392163 0.00392163 1 0.00392163 0.00392163 1 0.00392163 0.00392163 1 0.00392163 0.00392163 1 0.00392163 0.00392163 1 0.00392163 0.00392163 1 0.00392163 0.00392163 1 0.00392163 0.00392163 1 0.00392163 0.00392163 1 0.00392163 0.00392163 1 0.00392163 0.00392163 1 0.00392163 0.00392163 1 0.00392163 0.00392163 1 0.00392163 0.00392163 1 0.00392163 0.00392163 1 0.00392163 0.00392163 1 0.00392163 0.00392163 1 0.00392163 0.00392163 1 0.00392163 0.00392163 1 0.00392163 0.00392163 1 0.00392163 0.00392163 1 0.00392163 0.00392163 1 0.00392163 0.00392163 1 0.00392163 0.00392163 1 0.00392163 0.00392163 1 0.00392163 0.00392163 1 0.00392163 0.00392163 1 0.00392163 0.00392163 1 0.00392163 0.00392163 1 0.00392163 0.00392163 1 0.00392163 0.00392163 1 0.00392163 0.00392163 1 0.00392163 0.00392163 1 0.00392163 0.00392163 1 0.00392163 0.00392163 1 0.00392163 0.00392163 1 -0.992157 -0.113725 0.00392163 -1 0.00392163 0.00392163 -0.992157 0.113726 0.00392163 -0.976471 0.215686 0.00392163 -0.945098 0.32549 0.00392163 -0.905882 0.427451 0.00392163 -0.85098 0.521569 0.00392163 -0.788235 0.615686 0.00392163 -0.717647 0.694118 0.00392163 -0.639216 0.772549 0.00392163 -0.545098 0.835294 0.00392163 -0.45098 0.890196 0.00392163 -0.34902 0.937255 0.00392163 -0.247059 0.968628 0.00392163 -0.137255 0.992157 0.00392163 -0.0274509 1 0.00392163 0.082353 1 0.00392163 0.192157 0.984314 0.00392163 0.301961 0.952941 0.00392163 0.403922 0.913726 0.00392163 0.498039 0.866667 0.00392163 0.592157 0.803922 0.00392163 0.678432 0.733333 0.00392163 0.756863 0.654902 0.00392163 0.819608 0.568628 0.00392163 0.882353 0.47451 0.00392163 0.929412 0.372549 0.00392163 0.960784 0.270588 0.00392163 0.984314 0.160784 0.00392163 1 0.0588236 0.00392163 1 -0.0588235 0.00392163 0.984314 -0.160784 0.00392163 0.960784 -0.270588 0.00392163 0.929412 -0.372549 0.00392163 0.882353 -0.47451 0.00392163 0.819608 -0.568627 0.00392163 0.756863 -0.654902 0.00392163 0.678432 -0.733333 0.00392163 0.592157 -0.803922 0.00392163 0.498039 -0.866667 0.00392163 0.403922 -0.913725 0.00392163 0.301961 -0.952941 0.00392163 0.192157 -0.984314 0.00392163 0.082353 -1 0.00392163 -0.0274509 -1 0.00392163 -0.137255 -0.992157 0.00392163 -0.247059 -0.968627 0.00392163 -0.34902 -0.937255 0.00392163 -0.45098 -0.890196 0.00392163 -0.545098 -0.835294 0.00392163 -0.639216 -0.772549 0.00392163 -0.717647 -0.694118 0.00392163 -0.788235 -0.615686 0.00392163 -0.85098 -0.521569 0.00392163 -0.905882 -0.427451 0.00392163 -0.945098 -0.32549 0.00392163 -0.976471 -0.215686 0.00392163 -1 0.00392163 0.00392163 -0.992157 0.113726 0.00392163 -0.976471 0.215686 0.00392163 -0.945098 0.32549 0.00392163 -0.905882 0.427451 0.00392163 -0.85098 0.521569 0.00392163 -0.788235 0.615686 0.00392163 -0.717647 0.694118 0.00392163 -0.639216 0.772549 0.00392163 -0.545098 0.835294 0.00392163 -0.45098 0.890196 0.00392163 -0.34902 0.937255 0.00392163 -0.247059 0.968628 0.00392163 -0.137255 0.992157 0.00392163 -0.0274509 1 0.00392163 0.082353 1 0.00392163 0.192157 0.984314 0.00392163 0.301961 0.952941 0.00392163 0.403922 0.913726 0.00392163 0.498039 0.866667 0.00392163 0.592157 0.803922 0.00392163 0.678432 0.733333 0.00392163 0.756863 0.654902 0.00392163 0.819608 0.568628 0.00392163 0.882353 0.47451 0.00392163 0.929412 0.372549 0.00392163 0.960784 0.270588 0.00392163 0.984314 0.160784 0.00392163 1 0.0588236 0.00392163 1 -0.0588235 0.00392163 0.984314 -0.160784 0.00392163 0.960784 -0.270588 0.00392163 0.929412 -0.372549 0.00392163 0.882353 -0.47451 0.00392163 0.819608 -0.568627 0.00392163 0.756863 -0.654902 0.00392163 0.678432 -0.733333 0.00392163 0.592157 -0.803922 0.00392163 0.498039 -0.866667 0.00392163 0.403922 -0.913725 0.00392163 0.301961 -0.952941 0.00392163 0.192157 -0.984314 0.00392163 0.082353 -1 0.00392163 -0.0274509 -1 0.00392163 -0.137255 -0.992157 0.00392163 -0.247059 -0.968627 0.00392163 -0.34902 -0.937255 0.00392163 -0.45098 -0.890196 0.00392163 -0.545098 -0.835294 0.00392163 -0.639216 -0.772549 0.00392163 -0.717647 -0.694118 0.00392163 -0.788235 -0.615686 0.00392163 -0.85098 -0.521569 0.00392163 -0.905882 -0.427451 0.00392163 -0.945098 -0.32549 0.00392163 -0.976471 -0.215686 0.00392163 -0.992157 -0.113725 0.00392163 1 -0.0588235 0.00392163 1 0.0588236 0.00392163 0.984314 0.160784 0.00392163 0.960784 0.270588 0.00392163 0.929412 0.372549 0.00392163 0.882353 0.47451 0.00392163 0.819608 0.568628 0.00392163 0.756863 0.654902 0.00392163 0.678432 0.733333 0.00392163 0.592157 0.803922 0.00392163 0.498039 0.866667 0.00392163 0.403922 0.913726 0.00392163 0.301961 0.952941 0.00392163 0.192157 0.984314 0.00392163 0.082353 1 0.00392163 -0.0274509 1 0.00392163 -0.137255 0.992157 0.00392163 -0.247059 0.968628 0.00392163 -0.34902 0.937255 0.00392163 -0.45098 0.890196 0.00392163 -0.545098 0.835294 0.00392163 -0.639216 0.772549 0.00392163 -0.717647 0.694118 0.00392163 -0.788235 0.615686 0.00392163 -0.85098 0.521569 0.00392163 -0.905882 0.427451 0.00392163 -0.945098 0.32549 0.00392163 -0.976471 0.215686 0.00392163 -0.992157 0.113726 0.00392163 -1 0.00392163 0.00392163 -0.992157 -0.113725 0.00392163 -0.976471 -0.215686 0.00392163 -0.945098 -0.32549 0.00392163 -0.905882 -0.427451 0.00392163 -0.85098 -0.521569 0.00392163 -0.788235 -0.615686 0.00392163 -0.717647 -0.694118 0.00392163 -0.639216 -0.772549 0.00392163 -0.545098 -0.835294 0.00392163 -0.45098 -0.890196 0.00392163 -0.34902 -0.937255 0.00392163 -0.247059 -0.968627 0.00392163 -0.137255 -0.992157 0.00392163 -0.0274509 -1 0.00392163 0.082353 -1 0.00392163 0.192157 -0.984314 0.00392163 0.301961 -0.952941 0.00392163 0.403922 -0.913725 0.00392163 0.498039 -0.866667 0.00392163 0.592157 -0.803922 0.00392163 0.678432 -0.733333 0.00392163 0.756863 -0.654902 0.00392163 0.819608 -0.568627 0.00392163 0.882353 -0.47451 0.00392163 0.929412 -0.372549 0.00392163 0.960784 -0.270588 0.00392163 0.984314 -0.160784 0.00392163 1 0.00392163 0.00392163 0.992157 0.113726 0.00392163 0.976471 0.215686 0.00392163 0.945098 0.32549 0.00392163 0.905882 0.427451 0.00392163 0.850981 0.521569 0.00392163 0.788235 0.615686 0.00392163 0.717647 0.694118 0.00392163 0.639216 0.772549 0.00392163 0.545098 0.835294 0.00392163 0.45098 0.890196 0.00392163 0.34902 0.937255 0.00392163 0.247059 0.968628 0.00392163 0.137255 0.992157 0.00392163 0.027451 1 0.00392163 -0.0823529 1 0.00392163 -0.192157 0.984314 0.00392163 -0.301961 0.952941 0.00392163 -0.403922 0.913726 0.00392163 -0.498039 0.866667 0.00392163 -0.592157 0.803922 0.00392163 -0.678431 0.733333 0.00392163 -0.756863 0.654902 0.00392163 -0.819608 0.568628 0.00392163 -0.882353 0.47451 0.00392163 -0.929412 0.372549 0.00392163 -0.960784 0.270588 0.00392163 -0.984314 0.160784 0.00392163 -1 0.0588236 0.00392163 -1 -0.0588235 0.00392163 -0.984314 -0.160784 0.00392163 -0.960784 -0.270588 0.00392163 -0.929412 -0.372549 0.00392163 -0.882353 -0.47451 0.00392163 -0.819608 -0.568627 0.00392163 -0.756863 -0.654902 0.00392163 -0.678431 -0.733333 0.00392163 -0.592157 -0.803922 0.00392163 -0.498039 -0.866667 0.00392163 -0.403922 -0.913725 0.00392163 -0.301961 -0.952941 0.00392163 -0.192157 -0.984314 0.00392163 -0.0823529 -1 0.00392163 0.027451 -1 0.00392163 0.137255 -0.992157 0.00392163 0.247059 -0.968627 0.00392163 0.34902 -0.937255 0.00392163 0.45098 -0.890196 0.00392163 0.545098 -0.835294 0.00392163 0.639216 -0.772549 0.00392163 0.717647 -0.694118 0.00392163 0.788235 -0.615686 0.00392163 0.850981 -0.521569 0.00392163 0.905882 -0.427451 0.00392163 0.945098 -0.32549 0.00392163 0.976471 -0.215686 0.00392163 0.992157 -0.113725 0.00392163 0.00392163 0.00392163 1 0.00392163 0.00392163 1 0.00392163 0.00392163 1 0.00392163 0.00392163 1 0.00392163 0.00392163 1 0.00392163 0.00392163 1 0.00392163 0.00392163 1 0.00392163 0.00392163 1 0.00392163 0.00392163 1 0.00392163 0.00392163 1 0.00392163 0.00392163 1 0.00392163 0.00392163 1 0.00392163 0.00392163 1 0.00392163 0.00392163 1 0.00392163 0.00392163 1 0.00392163 0.00392163 1 0.00392163 0.00392163 1 0.00392163 0.00392163 1 0.00392163 0.00392163 1 0.00392163 0.00392163 1 0.00392163 0.00392163 1 0.00392163 0.00392163 1 0.00392163 0.00392163 1 0.00392163 0.00392163 1 0.00392163 0.00392163 1 0.00392163 0.00392163 1 0.00392163 0.00392163 1 0.00392163 0.00392163 1 0.00392163 0.00392163 1 0.00392163 0.00392163 1 0.00392163 0.00392163 1 0.00392163 0.00392163 1 0.00392163 0.00392163 1 0.00392163 0.00392163 1 0.00392163 0.00392163 1 0.00392163 0.00392163 1 0.00392163 0.00392163 1 0.00392163 0.00392163 1 0.00392163 0.00392163 1 0.00392163 0.00392163 1 0.00392163 0.00392163 1 0.00392163 0.00392163 1 0.00392163 0.00392163 1 0.00392163 0.00392163 1 0.00392163 0.00392163 1 0.00392163 0.00392163 1 0.00392163 0.00392163 1 0.00392163 0.00392163 1 0.00392163 0.00392163 1 0.00392163 0.00392163 1 0.00392163 0.00392163 1 0.00392163 0.00392163 1 0.00392163 0.00392163 1 0.00392163 0.00392163 1 0.00392163 0.00392163 1 0.00392163 0.00392163 1 0.00392163 0.00392163 1 0.00392163 0.00392163 1 0.00392163 0.00392163 1 0.00392163 0.00392163 1 0.00392163 0.00392163 1 0.00392163 0.00392163 1 0.00392163 0.00392163 1 0.00392163 0.00392163 1 0.00392163 0.00392163 1 0.00392163 0.00392163 1 0.00392163 0.00392163 1 0.00392163 0.00392163 1 0.00392163 0.00392163 1 0.00392163 0.00392163 1 0.00392163 0.00392163 1 0.00392163 0.00392163 1 0.00392163 0.00392163 1 0.00392163 0.00392163 1 0.00392163 0.00392163 1 0.00392163 0.00392163 1 0.00392163 0.00392163 1 0.00392163 0.00392163 1 0.00392163 0.00392163 1 0.00392163 0.00392163 1 0.00392163 0.00392163 1 0.00392163 0.00392163 1 0.00392163 0.00392163 1 0.00392163 0.00392163 1 0.00392163 0.00392163 1 0.00392163 0.00392163 1 0.00392163 0.00392163 1 0.00392163 0.00392163 1 0.00392163 0.00392163 1 0.00392163 0.00392163 1 0.00392163 0.00392163 1 0.00392163 0.00392163 1 0.00392163 0.00392163 1 0.00392163 0.00392163 1 0.00392163 0.00392163 1 0.00392163 0.00392163 1 0.00392163 0.00392163 1 0.00392163 0.00392163 1 0.00392163 0.00392163 1 0.00392163 0.00392163 1 0.00392163 0.00392163 1 0.00392163 0.00392163 1 0.00392163 0.00392163 1 0.00392163 0.00392163 1 0.00392163 0.00392163 1 0.00392163 0.00392163 1 0.00392163 0.00392163 1 0.00392163 0.00392163 1 0.00392163 0.00392163 1 0.00392163 0.00392163 1 0.00392163 0.00392163 1 0.00392163 0.00392163 1 0.00392163 0.00392163 1 0.00392163 0.00392163 1 0.00392163 0.00392163 1 0.00392163 0.00392163 1 0.00392163 0.00392163 1 0.00392163 0.00392163 1 0.00392163 0.00392163 1 0.00392163 0.00392163 1 0.00392163 0.00392163 1 0.00392163 0.00392163 1 0.00392163 0.00392163 1 0.00392163 0.00392163 1 0.00392163 0.00392163 1 0.00392163 0.00392163 1 0.00392163 0.00392163 1 0.00392163 0.00392163 -1 0.00392163 0.00392163 -1 0.00392163 0.00392163 -1 0.00392163 0.00392163 -1 0.00392163 0.00392163 -1 0.00392163 0.00392163 -1 0.00392163 0.00392163 -1 0.00392163 0.00392163 -1 0.00392163 0.00392163 -1 0.00392163 0.00392163 -1 0.00392163 0.00392163 -1 0.00392163 0.00392163 -1 0.00392163 0.00392163 -1 0.00392163 0.00392163 -1 0.00392163 0.00392163 -1 0.00392163 0.00392163 -1 0.00392163 0.00392163 -1 0.00392163 0.00392163 -1 0.00392163 0.00392163 -1 0.00392163 0.00392163 -1 0.00392163 0.00392163 -1 0.00392163 0.00392163 -1 0.00392163 0.00392163 -1 0.00392163 0.00392163 -1 0.00392163 0.00392163 -1 0.00392163 0.00392163 -1 0.00392163 0.00392163 -1 0.00392163 0.00392163 -1 0.00392163 0.00392163 -1 0.00392163 0.00392163 -1 0.00392163 0.00392163 -1 0.00392163 0.00392163 -1 0.00392163 0.00392163 -1 0.00392163 0.00392163 -1 0.00392163 0.00392163 -1 0.00392163 0.00392163 -1 0.00392163 0.00392163 -1 0.00392163 0.00392163 -1 0.00392163 0.00392163 -1 0.00392163 0.00392163 -1 0.00392163 0.00392163 -1 0.00392163 0.00392163 -1 0.00392163 0.00392163 -1 0.00392163 0.00392163 -1 0.00392163 0.00392163 -1 0.00392163 0.00392163 -1 0.00392163 0.00392163 -1 0.00392163 0.00392163 -1 0.00392163 0.00392163 -1 0.00392163 0.00392163 -1 0.00392163 0.00392163 -1 0.00392163 0.00392163 -1 0.00392163 0.00392163 -1 0.00392163 0.00392163 -1 0.00392163 0.00392163 -1 0.00392163 0.00392163 -1 0.00392163 0.00392163 -1 0.00392163 0.00392163 -1 0.00392163 0.00392163 -1 0.00392163 0.00392163 -1 0.00392163 0.00392163 -1 0.00392163 0.00392163 -1 0.00392163 0.00392163 -1 0.00392163 0.00392163 -1 0.00392163 0.00392163 -1 0.00392163 0.00392163 -1 0.00392163 0.00392163 -1 0.00392163 0.00392163 -1 0.00392163 0.00392163 -1 0.00392163 0.00392163 -1 0.00392163 0.00392163 -1 0.00392163 0.00392163 -1 0.00392163 0.00392163 -1 0.00392163 0.00392163 -1 0.00392163 0.00392163 -1 0.00392163 0.00392163 -1 0.00392163 0.00392163 -1 0.00392163 0.00392163 -1 0.00392163 0.00392163 -1 0.00392163 0.00392163 -1 0.00392163 0.00392163 -1 0.00392163 0.00392163 -1 0.00392163 0.00392163 -1 0.00392163 0.00392163 -1 0.00392163 0.00392163 -1 0.00392163 0.00392163 -1 0.00392163 0.00392163 -1 0.00392163 0.00392163 -1 0.00392163 0.00392163 -1 0.00392163 0.00392163 -1 0.00392163 0.00392163 -1 0.00392163 0.00392163 -1 0.00392163 0.00392163 -1 0.00392163 0.00392163 -1 0.00392163 0.00392163 -1 0.00392163 0.00392163 -1 0.00392163 0.00392163 -1 0.00392163 0.00392163 -1 0.00392163 0.00392163 -1 0.00392163 0.00392163 -1 0.00392163 0.00392163 -1 0.00392163 0.00392163 -1 0.00392163 0.00392163 -1 0.00392163 0.00392163 -1 0.00392163 0.00392163 -1 0.00392163 0.00392163 -1 0.00392163 0.00392163 -1 0.00392163 0.00392163 -1 0.00392163 0.00392163 -1 0.00392163 0.00392163 -1 0.00392163 0.00392163 -1 0.00392163 0.00392163 -1 0.00392163 0.00392163 -1 0.00392163 0.00392163 -1 0.00392163 0.00392163 -1 0.00392163 0.00392163 -1 0.00392163 0.00392163 -1 0.00392163 0.00392163 -1 0.00392163 0.00392163 -1 0.00392163 0.00392163 -1 0.00392163 0.00392163 -1 0.00392163 0.00392163 -1 0.00392163 0.00392163 -1 0.00392163 0.00392163 -1 0.00392163 0.00392163 -1 0.00392163 0.00392163 -1 0.00392163 0.00392163 -1 -1 0.00392163 0.00392163 -1 0.00392163 0.00392163 -1 0.00392163 0.00392163 -1 0.00392163 0.00392163 -1 0.00392163 0.00392163 -1 0.00392163 0.00392163 -1 0.00392163 0.00392163 -1 0.00392163 0.00392163 -1 0.00392163 0.00392163 -1 0.00392163 0.00392163 -1 0.00392163 0.00392163 -1 0.00392163 0.00392163 -1 0.00392163 0.00392163 -1 0.00392163 0.00392163 -1 0.00392163 0.00392163 -1 0.00392163 0.00392163 -1 0.00392163 0.00392163 -1 0.00392163 0.00392163 -1 0.00392163 0.00392163 -1 0.00392163 0.00392163 -1 0.00392163 0.00392163 -1 0.00392163 0.00392163 -1 0.00392163 0.00392163 -1 0.00392163 0.00392163 -1 0.00392163 0.00392163 -1 0.00392163 0.00392163 -1 0.00392163 0.00392163 -1 0.00392163 0.00392163 -1 0.00392163 0.00392163 -1 0.00392163 0.00392163 -1 0.00392163 0.00392163 -1 0.00392163 0.00392163 -1 0.00392163 0.00392163 -1 0.00392163 0.00392163 -1 0.00392163 0.00392163 -1 0.00392163 0.00392163 -1 0.00392163 0.00392163 -1 0.00392163 0.00392163 -1 0.00392163 0.00392163 -1 0.00392163 0.00392163 -1 0.00392163 0.00392163 -1 0.00392163 0.00392163 -1 0.00392163 0.00392163 -1 0.00392163 0.00392163 -1 0.00392163 0.00392163 -1 0.00392163 0.00392163 -1 0.00392163 0.00392163 -1 0.00392163 0.00392163 -1 0.00392163 0.00392163 -1 0.00392163 0.00392163 -1 0.00392163 0.00392163 -1 0.00392163 0.00392163 -1 0.00392163 0.00392163 -1 0.00392163 0.00392163 -1 0.00392163 0.00392163 -1 0.00392163 0.00392163 -1 0.00392163 0.00392163 -1 0.00392163 0.00392163 -1 0.00392163 0.00392163 -1 0.00392163 0.00392163 -1 0.00392163 0.00392163 -1 0.00392163 0.00392163 -1 0.00392163 0.00392163 -1 0.00392163 0.00392163 -1 0.00392163 0.00392163 -1 0.00392163 0.00392163 -1 0.00392163 0.00392163 -1 0.00392163 0.00392163 -1 0.00392163 0.00392163 -1 0.00392163 0.00392163 -1 0.00392163 0.00392163 -1 0.00392163 0.00392163 -1 0.00392163 0.00392163 -1 0.00392163 0.00392163 -1 0.00392163 0.00392163 -1 0.00392163 0.00392163 -1 0.00392163 0.00392163 -1 0.00392163 0.00392163 -1 0.00392163 0.00392163 -1 0.00392163 0.00392163 -1 0.00392163 0.00392163 -1 0.00392163 0.00392163 -1 0.00392163 0.00392163 -1 0.00392163 0.00392163 -1 0.00392163 0.00392163 -1 0.00392163 0.00392163 -1 0.00392163 0.00392163 -1 0.00392163 0.00392163 -1 0.00392163 0.00392163 -1 0.00392163 0.00392163 -1 0.00392163 0.00392163 -1 0.00392163 0.00392163 -1 0.00392163 0.00392163 -1 0.00392163 0.00392163 -1 0.00392163 0.00392163 -1 0.00392163 0.00392163 -1 0.00392163 0.00392163 -1 0.00392163 0.00392163 -1 0.00392163 0.00392163 -1 0.00392163 0.00392163 -1 0.00392163 0.00392163 -1 0.00392163 0.00392163 -1 0.00392163 0.00392163 -1 0.00392163 0.00392163 -1 0.00392163 0.00392163 -1 0.00392163 0.00392163 -1 0.00392163 0.00392163 -1 0.00392163 0.00392163 -1 0.00392163 0.00392163 -1 0.00392163 0.00392163 -1 0.00392163 0.00392163 0.00392163 0.811765 -0.584314 0.00392163 0.866667 -0.498039 0.00392163 0.913726 -0.403922 0.00392163 0.952941 -0.309804 0.00392163 0.976471 -0.207843 0.00392163 0.992157 -0.105882 0.00392163 1 0.00392163 0.00392163 0.992157 0.105882 0.00392163 0.976471 0.207843 0.00392163 0.952941 0.309804 0.00392163 0.913726 0.403922 0.00392163 0.866667 0.498039 0.00392163 0.811765 0.584314 0.00392163 0.741177 0.670588 0.00392163 0.670588 0.741177 0.00392163 0.584314 0.811765 0.00392163 0.498039 0.866667 0.00392163 0.403922 0.913726 0.00392163 0.309804 0.952941 0.00392163 0.207843 0.976471 0.00392163 0.105882 0.992157 0.00392163 0.00392163 1 0.00392163 -0.105882 0.992157 0.00392163 -0.207843 0.976471 0.00392163 -0.309804 0.952941 0.00392163 -0.403922 0.913726 0.00392163 -0.498039 0.866667 0.00392163 -0.584314 0.811765 0.00392163 -0.670588 0.741177 0.00392163 -0.741176 0.670588 0.00392163 -0.811765 0.584314 0.00392163 -0.866667 0.498039 0.00392163 -0.913725 0.403922 0.00392163 -0.952941 0.309804 0.00392163 -0.976471 0.207843 0.00392163 -0.992157 0.105882 0.00392163 -1 0.00392163 0.00392163 -0.992157 -0.105882 0.00392163 -0.976471 -0.207843 0.00392163 -0.952941 -0.309804 0.00392163 -0.913725 -0.403922 0.00392163 -0.866667 -0.498039 0.00392163 -0.811765 -0.584314 0.00392163 -0.741176 -0.670588 0.00392163 -0.670588 -0.741176 0.00392163 -0.584314 -0.811765 0.00392163 -0.498039 -0.866667 0.00392163 -0.403922 -0.913725 0.00392163 -0.309804 -0.952941 0.00392163 -0.207843 -0.976471 0.00392163 -0.105882 -0.992157 0.00392163 0.00392163 -1 0.00392163 0.105882 -0.992157 0.00392163 0.207843 -0.976471 0.00392163 0.309804 -0.952941 0.00392163 0.403922 -0.913725 0.00392163 0.498039 -0.866667 0.00392163 0.584314 -0.811765 0.00392163 0.670588 -0.741176 0.00392163 0.741177 -0.670588 0.00392163 0.811765 -0.584314 0.00392163 0.866667 -0.498039 0.00392163 0.913726 -0.403922 0.00392163 0.952941 -0.309804 0.00392163 0.976471 -0.207843 0.00392163 0.992157 -0.105882 0.00392163 1 0.00392163 0.00392163 0.992157 0.105882 0.00392163 0.976471 0.207843 0.00392163 0.952941 0.309804 0.00392163 0.913726 0.403922 0.00392163 0.866667 0.498039 0.00392163 0.811765 0.584314 0.00392163 0.741177 0.670588 0.00392163 0.670588 0.741177 0.00392163 0.592157 0.811765 0.00392163 0.498039 0.866667 0.00392163 0.403922 0.913726 0.00392163 0.309804 0.952941 0.00392163 0.207843 0.976471 0.00392163 0.105882 0.992157 0.00392163 0.00392163 1 0.00392163 -0.105882 0.992157 0.00392163 -0.207843 0.976471 0.00392163 -0.309804 0.952941 0.00392163 -0.403922 0.913726 0.00392163 -0.498039 0.866667 0.00392163 -0.592157 0.811765 0.00392163 -0.670588 0.741177 0.00392163 -0.741176 0.670588 0.00392163 -0.811765 0.584314 0.00392163 -0.866667 0.498039 0.00392163 -0.913725 0.403922 0.00392163 -0.952941 0.309804 0.00392163 -0.976471 0.207843 0.00392163 -0.992157 0.105882 0.00392163 -1 0.00392163 0.00392163 -0.992157 -0.105882 0.00392163 -0.976471 -0.207843 0.00392163 -0.952941 -0.309804 0.00392163 -0.913725 -0.403922 0.00392163 -0.866667 -0.498039 0.00392163 -0.811765 -0.584314 0.00392163 -0.741176 -0.670588 0.00392163 -0.670588 -0.741176 0.00392163 -0.592157 -0.811765 0.00392163 -0.498039 -0.866667 0.00392163 -0.403922 -0.913725 0.00392163 -0.309804 -0.952941 0.00392163 -0.207843 -0.976471 0.00392163 -0.105882 -0.992157 0.00392163 0.00392163 -1 0.00392163 0.105882 -0.992157 0.00392163 0.207843 -0.976471 0.00392163 0.309804 -0.952941 0.00392163 0.403922 -0.913725 0.00392163 0.498039 -0.866667 0.00392163 0.592157 -0.811765 0.00392163 0.670588 -0.741176 0.00392163 0.741177 -0.670588 -0.00392151 0.811765 -0.584314 0.152941 0.803922 -0.576471 0.121569 0.858824 -0.498039 0.121569 0.905882 -0.403922 0.121569 0.945098 -0.309804 0.121569 0.968628 -0.207843 0.121569 0.984314 -0.105882 0.121569 0.992157 -0.00392151 0.121569 0.984314 0.105882 0.121569 0.968628 0.207843 0.121569 0.945098 0.309804 0.121569 0.905882 0.403922 0.121569 0.858824 0.498039 0.152941 0.803922 0.576471 -0.00392151 0.811765 0.584314 -0.121569 0.788235 0.6 -0.247059 0.733333 0.631373 -0.247059 0.678432 0.694118 -0.247059 0.607843 0.74902 -0.247059 0.537255 0.803922 -0.247059 0.466667 0.850981 -0.247059 0.388235 0.890196 -0.247059 0.301961 0.921569 -0.247059 0.215686 0.945098 -0.247059 0.129412 0.960784 -0.247059 0.0431373 0.968628 -0.247059 -0.0431372 0.968628 -0.247059 -0.129412 0.960784 -0.247059 -0.215686 0.945098 -0.247059 -0.301961 0.921569 -0.247059 -0.388235 0.890196 -0.247059 -0.466667 0.850981 -0.247059 -0.537255 0.803922 -0.247059 -0.607843 0.74902 -0.247059 -0.678431 0.694118 -0.247059 -0.733333 0.631373 -0.121569 -0.788235 0.6 -0.00392151 -0.811765 0.584314 0.152941 -0.803922 0.576471 0.121569 -0.858824 0.498039 0.121569 -0.905882 0.403922 0.121569 -0.945098 0.309804 0.121569 -0.968627 0.207843 0.121569 -0.984314 0.105882 0.121569 -0.992157 0.00392163 0.121569 -0.984314 -0.105882 0.121569 -0.968627 -0.207843 0.121569 -0.945098 -0.309804 0.121569 -0.905882 -0.403922 0.121569 -0.858824 -0.498039 0.152941 -0.803922 -0.576471 -0.00392151 -0.811765 -0.584314 -0.121569 -0.788235 -0.6 -0.247059 -0.756863 -0.6 -0.247059 -0.709804 -0.662745 -0.247059 -0.647059 -0.72549 -0.247059 -0.576471 -0.780392 -0.247059 -0.505882 -0.827451 -0.247059 -0.427451 -0.866667 -0.247059 -0.341176 -0.905882 -0.247059 -0.262745 -0.929412 -0.247059 -0.176471 -0.952941 -0.247059 -0.090196 -0.960784 -0.247059 0.00392163 -0.968627 -0.247059 0.0901961 -0.960784 -0.247059 0.176471 -0.952941 -0.247059 0.262745 -0.929412 -0.247059 0.341177 -0.905882 -0.247059 0.427451 -0.866667 -0.247059 0.505883 -0.827451 -0.247059 0.576471 -0.780392 -0.247059 0.647059 -0.72549 -0.247059 0.709804 -0.662745 -0.247059 0.756863 -0.6 -0.121569 0.788235 -0.6 -0.380392 0.709804 -0.592157 -0.513725 0.654902 -0.560784 -0.662745 0.552941 -0.498039 -0.788235 0.45098 -0.419608 -0.882353 0.333333 -0.32549 -0.898039 0.286275 -0.333333 -0.835294 0.32549 -0.443137 -0.764706 0.333333 -0.552941 -0.686275 0.317647 -0.654902 -0.607843 0.278431 -0.741176 -0.568627 0.247059 -0.780392 -0.537255 0.207843 -0.819608 -0.505882 0.160784 -0.85098 -0.482353 0.113726 -0.866667 -0.466667 0.0588236 -0.882353 -0.458824 -0.00392151 -0.890196 -0.466667 -0.0588235 -0.882353 -0.482353 -0.113725 -0.866667 -0.505882 -0.160784 -0.85098 -0.537255 -0.207843 -0.819608 -0.568627 -0.247059 -0.780392 -0.607843 -0.278431 -0.741176 -0.686275 -0.317647 -0.654902 -0.764706 -0.333333 -0.552941 -0.835294 -0.32549 -0.443137 -0.898039 -0.286274 -0.333333 -0.882353 -0.333333 -0.32549 -0.788235 -0.45098 -0.419608 -0.662745 -0.552941 -0.498039 -0.513725 -0.654902 -0.560784 -0.380392 -0.709804 -0.592157 -0.482353 -0.639216 -0.6 -0.482353 -0.584314 -0.654902 -0.482353 -0.521569 -0.701961 -0.482353 -0.458824 -0.74902 -0.482353 -0.388235 -0.788235 -0.482353 -0.309804 -0.819608 -0.482353 -0.239216 -0.843137 -0.482353 -0.160784 -0.858824 -0.482353 0.160784 -0.858824 -0.482353 0.239216 -0.843137 -0.482353 0.309804 -0.819608 -0.482353 0.388235 -0.788235 -0.482353 0.458824 -0.74902 -0.482353 0.521569 -0.701961 -0.482353 0.584314 -0.654902 -0.482353 0.639216 -0.6 -0.686275 0.529412 -0.498039 -0.686275 0.482353 -0.545098 -0.843137 0.356863 -0.396078 -0.686275 0.435294 -0.584314 -0.686275 0.380392 -0.623529 -0.686275 0.317647 -0.654902 -0.686275 -0.317647 -0.654902 -0.686275 -0.380392 -0.623529 -0.686275 -0.435294 -0.584314 -0.686275 -0.482353 -0.545098 -0.843137 -0.356863 -0.396078 -0.686275 -0.529412 -0.498039 0.294118 -0.780392 -0.545098 0.427451 -0.756863 -0.505882 0.537255 -0.717647 -0.45098 0.62353 -0.670588 -0.396078 0.701961 -0.631373 -0.341176 0.756863 -0.584314 -0.286274 0.811765 -0.537255 -0.231372 0.87451 -0.458824 -0.152941 0.913726 -0.388235 -0.0823529 0.937255 -0.34902 -0.0352941 0.945098 -0.333333 0.00392163 0.937255 -0.34902 0.0352942 0.913726 -0.388235 0.082353 0.87451 -0.458824 0.152941 0.811765 -0.537255 0.231373 0.756863 -0.584314 0.286275 0.701961 -0.631373 0.341177 0.62353 -0.670588 0.396078 0.537255 -0.717647 0.45098 0.427451 -0.756863 0.505883 0.294118 -0.780392 0.545098 0.364706 -0.803922 0.466667 0.364706 -0.85098 0.380392 0.364706 -0.882353 0.286275 0.364706 -0.905882 0.192157 0.364706 -0.921569 0.0980393 0.364706 -0.929412 0.00392163 0.364706 -0.921569 -0.0980392 0.364706 -0.905882 -0.192157 0.364706 -0.882353 -0.286274 0.364706 -0.85098 -0.380392 0.364706 -0.803922 -0.466667 0.584314 -0.701961 -0.403922 0.584314 -0.741176 -0.32549 0.772549 -0.584314 -0.262745 0.772549 -0.607843 -0.2 0.772549 -0.623529 -0.129412 0.905882 -0.419608 -0.090196 0.905882 -0.419608 -0.0431372 0.905882 -0.427451 0.00392163 0.905882 -0.419608 0.0431373 0.905882 -0.419608 0.0901961 0.772549 -0.623529 0.129412 0.772549 -0.607843 0.2 0.772549 -0.584314 0.262745 0.584314 -0.741176 0.32549 0.584314 -0.701961 0.403922 0.584314 -0.772549 0.247059 0.584314 -0.788235 0.168628 0.584314 -0.803922 0.082353 0.584314 -0.811765 0.00392163 0.584314 -0.803922 -0.0823529 0.584314 -0.788235 -0.168627 0.584314 -0.772549 -0.247059 0.772549 -0.631373 -0.0666666 0.772549 -0.639216 0.00392163 0.772549 -0.631373 0.0666667 -0.247059 -0.756863 0.6 -0.380392 -0.709804 0.592157 -0.513725 -0.654902 0.560784 -0.662745 -0.552941 0.498039 -0.788235 -0.45098 0.419608 -0.882353 -0.333333 0.32549 -0.898039 -0.286274 0.333333 -0.835294 -0.32549 0.443137 -0.764706 -0.333333 0.552941 -0.686275 -0.317647 0.654902 -0.607843 -0.278431 0.741177 -0.568627 -0.247059 0.780392 -0.537255 -0.207843 0.819608 -0.505882 -0.160784 0.850981 -0.482353 -0.113725 0.866667 -0.466667 -0.0588235 0.882353 -0.458824 0.00392163 0.890196 -0.466667 0.0588236 0.882353 -0.482353 0.113726 0.866667 -0.505882 0.160784 0.850981 -0.537255 0.207843 0.819608 -0.568627 0.247059 0.780392 -0.607843 0.278431 0.741177 -0.686275 0.317647 0.654902 -0.764706 0.333333 0.552941 -0.835294 0.32549 0.443137 -0.898039 0.286275 0.333333 -0.882353 0.333333 0.32549 -0.788235 0.45098 0.419608 -0.662745 0.552941 0.498039 -0.513725 0.654902 0.560784 -0.380392 0.709804 0.592157 -0.247059 0.756863 0.6 -0.482353 0.615686 0.62353 -0.482353 0.552941 0.678432 -0.482353 0.490196 0.72549 -0.482353 0.419608 0.772549 -0.482353 0.34902 0.803922 -0.482353 0.278431 0.835294 -0.482353 0.2 0.850981 -0.482353 0.121569 0.866667 -0.482353 -0.121569 0.866667 -0.482353 -0.2 0.850981 -0.482353 -0.278431 0.835294 -0.482353 -0.34902 0.803922 -0.482353 -0.419608 0.772549 -0.482353 -0.490196 0.72549 -0.482353 -0.552941 0.678432 -0.482353 -0.615686 0.62353 -0.482353 -0.670588 0.568628 -0.686275 -0.505882 0.521569 -0.843137 -0.372549 0.380392 -0.843137 -0.341176 0.411765 -0.686275 -0.458824 0.568628 -0.686275 -0.403922 0.607843 -0.686275 -0.34902 0.639216 -0.686275 0.34902 0.639216 -0.686275 0.403922 0.607843 -0.843137 0.341177 0.411765 -0.843137 0.372549 0.380392 -0.686275 0.505883 0.521569 -0.482353 0.670588 0.568628 -0.686275 0.458824 0.568628 0.294118 0.780392 0.545098 0.427451 0.756863 0.505883 0.537255 0.717647 0.45098 0.62353 0.670588 0.396078 0.701961 0.631373 0.341177 0.756863 0.584314 0.286275 0.811765 0.537255 0.231373 0.87451 0.458824 0.152941 0.913726 0.388235 0.082353 0.937255 0.34902 0.0352942 0.945098 0.333333 -0.00392151 0.937255 0.34902 -0.0352941 0.913726 0.388235 -0.0823529 0.87451 0.458824 -0.152941 0.811765 0.537255 -0.231372 0.756863 0.584314 -0.286274 0.701961 0.631373 -0.341176 0.62353 0.670588 -0.396078 0.537255 0.717647 -0.45098 0.427451 0.756863 -0.505882 0.294118 0.780392 -0.545098 0.364706 0.803922 -0.466667 0.364706 0.850981 -0.380392 0.364706 0.882353 -0.286274 0.364706 0.905882 -0.192157 0.364706 0.921569 -0.0980392 0.364706 0.929412 -0.00392151 0.364706 0.921569 0.0980393 0.364706 0.905882 0.192157 0.364706 0.882353 0.286275 0.364706 0.850981 0.380392 0.364706 0.803922 0.466667 0.584314 0.701961 0.403922 0.584314 0.741177 0.32549 0.772549 0.584314 0.262745 0.772549 0.607843 0.2 0.772549 0.62353 0.129412 0.905882 0.419608 0.0901961 0.905882 0.419608 0.0431373 0.905882 0.427451 -0.00392151 0.905882 0.419608 -0.0431372 0.905882 0.419608 -0.090196 0.772549 0.62353 -0.129412 0.772549 0.607843 -0.2 0.772549 0.584314 -0.262745 0.584314 0.741177 -0.32549 0.584314 0.701961 -0.403922 0.584314 0.772549 -0.247059 0.584314 0.788235 -0.168627 0.584314 0.803922 -0.0823529 0.584314 0.811765 -0.00392151 0.584314 0.803922 0.082353 0.584314 0.788235 0.168628 0.584314 0.772549 0.247059 0.772549 0.631373 0.0666667 0.772549 0.639216 -0.00392151 0.772549 0.631373 -0.0666666 -1 0.00392163 0.00392163 -1 0.00392163 0.00392163 -1 0.00392163 0.00392163 -1 0.00392163 0.00392163 -1 0.00392163 0.00392163 -1 0.00392163 0.00392163 -1 0.00392163 0.00392163 -1 0.00392163 0.00392163 -1 0.00392163 0.00392163 -1 0.00392163 0.00392163 -1 0.00392163 0.00392163 -1 0.00392163 0.00392163 -1 0.00392163 0.00392163 -1 0.00392163 0.00392163 -1 0.00392163 0.00392163 -1 0.00392163 0.00392163 -1 0.00392163 0.00392163 -1 0.00392163 0.00392163 -1 0.00392163 0.00392163 -1 0.00392163 0.00392163 -1 0.00392163 0.00392163 -1 0.00392163 0.00392163 -1 0.00392163 0.00392163 -1 0.00392163 0.00392163 -1 0.00392163 0.00392163 -1 0.00392163 0.00392163 -1 0.00392163 0.00392163 -1 0.00392163 0.00392163 -1 0.00392163 0.00392163 -1 0.00392163 0.00392163 -1 0.00392163 0.00392163 -1 0.00392163 0.00392163 -1 0.00392163 0.00392163 -1 0.00392163 0.00392163 -1 0.00392163 0.00392163 -1 0.00392163 0.00392163 -1 0.00392163 0.00392163 -1 0.00392163 0.00392163 -1 0.00392163 0.00392163 -1 0.00392163 0.00392163 -1 0.00392163 0.00392163 -1 0.00392163 0.00392163 -1 0.00392163 0.00392163 -1 0.00392163 0.00392163 1 0.00392163 0.00392163 1 0.00392163 0.00392163 1 0.00392163 0.00392163 1 0.00392163 0.00392163 1 0.00392163 0.00392163 1 0.00392163 0.00392163 1 0.00392163 0.00392163 1 0.00392163 0.00392163 1 0.00392163 0.00392163 1 0.00392163 0.00392163 1 0.00392163 0.00392163 1 0.00392163 0.00392163 1 0.00392163 0.00392163 1 0.00392163 0.00392163 1 0.00392163 0.00392163 1 0.00392163 0.00392163 1 0.00392163 0.00392163 1 0.00392163 0.00392163 1 0.00392163 0.00392163 1 0.00392163 0.00392163 1 0.00392163 0.00392163 1 0.00392163 0.00392163 1 0.00392163 0.00392163 1 0.00392163 0.00392163 1 0.00392163 0.00392163 1 0.00392163 0.00392163 1 0.00392163 0.00392163 1 0.00392163 0.00392163 1 0.00392163 0.00392163 1 0.00392163 0.00392163 1 0.00392163 0.00392163 1 0.00392163 0.00392163 1 0.00392163 0.00392163 1 0.00392163 0.00392163 1 0.00392163 0.00392163 1 0.00392163 0.00392163 1 0.00392163 0.00392163 1 0.00392163 0.00392163 1 0.00392163 0.00392163 1 0.00392163 0.00392163 1 0.00392163 0.00392163 1 0.00392163 0.00392163 1 0.00392163 0.00392163 1 0.00392163 0.00392163 0.00392163 -0.992157 0.145098 0.00392163 -1 0.00392163 0.00392163 -0.992157 -0.145098 0.00392163 -0.960784 -0.278431 0.00392163 -0.905882 -0.411765 0.00392163 -0.843137 -0.537255 0.00392163 -0.756863 -0.654902 0.00392163 -0.654902 -0.756863 0.00392163 -0.537255 -0.843137 0.00392163 -0.411765 -0.905882 0.00392163 -0.278431 -0.960784 0.00392163 -0.145098 -0.992157 0.00392163 0.00392163 -1 0.00392163 0.145098 -0.992157 0.00392163 0.278431 -0.960784 0.00392163 0.411765 -0.905882 0.00392163 0.537255 -0.843137 0.00392163 0.654902 -0.756863 0.00392163 0.756863 -0.654902 0.00392163 0.843137 -0.537255 0.00392163 0.905882 -0.411765 0.00392163 0.960784 -0.278431 0.00392163 0.992157 -0.145098 0.00392163 1 0.00392163 0.00392163 0.992157 0.145098 0.00392163 0.960784 0.278431 0.00392163 0.905882 0.411765 0.00392163 0.843137 0.537255 0.00392163 0.756863 0.654902 0.00392163 0.654902 0.756863 0.00392163 0.537255 0.843137 0.00392163 0.411765 0.905882 0.00392163 0.278431 0.960784 0.00392163 0.145098 0.992157 0.00392163 0.00392163 1 0.00392163 -0.145098 0.992157 0.00392163 -0.278431 0.960784 0.00392163 -0.411765 0.905882 0.00392163 -0.537255 0.843137 0.00392163 -0.654902 0.756863 0.00392163 -0.756863 0.654902 0.00392163 -0.843137 0.537255 0.00392163 -0.905882 0.411765 0.00392163 -0.960784 0.278431 0.00392163 -1 0.00392163 0.00392163 -0.992157 -0.145098 0.00392163 -0.960784 -0.278431 0.00392163 -0.905882 -0.411765 0.00392163 -0.843137 -0.537255 0.00392163 -0.756863 -0.654902 0.00392163 -0.654902 -0.756863 0.00392163 -0.537255 -0.843137 0.00392163 -0.411765 -0.905882 0.00392163 -0.278431 -0.960784 0.00392163 -0.145098 -0.992157 0.00392163 0.00392163 -1 0.00392163 0.145098 -0.992157 0.00392163 0.278431 -0.960784 0.00392163 0.411765 -0.905882 0.00392163 0.537255 -0.843137 0.00392163 0.654902 -0.756863 0.00392163 0.756863 -0.654902 0.00392163 0.843137 -0.537255 0.00392163 0.905882 -0.411765 0.00392163 0.960784 -0.278431 0.00392163 0.992157 -0.145098 0.00392163 1 0.00392163 0.00392163 0.992157 0.145098 0.00392163 0.960784 0.278431 0.00392163 0.905882 0.411765 0.00392163 0.843137 0.537255 0.00392163 0.756863 0.654902 0.00392163 0.654902 0.756863 0.00392163 0.537255 0.843137 0.00392163 0.411765 0.905882 0.00392163 0.278431 0.960784 0.00392163 0.145098 0.992157 0.00392163 0.00392163 1 0.00392163 -0.145098 0.992157 0.00392163 -0.278431 0.960784 0.00392163 -0.411765 0.905882 0.00392163 -0.537255 0.843137 0.00392163 -0.654902 0.756863 0.00392163 -0.756863 0.654902 0.00392163 -0.843137 0.537255 0.00392163 -0.905882 0.411765 0.00392163 -0.960784 0.278431 0.00392163 -0.992157 0.145098 -0.090196 0.992157 0.00392163 -0.090196 0.992157 0.00392163 -0.090196 0.992157 0.00392163 -0.090196 -0.992157 0.00392163 -0.090196 -0.992157 0.00392163 -0.090196 -0.992157 0.00392163 -0.090196 -0.992157 0.00392163 -0.090196 -0.992157 0.00392163 -0.090196 -0.992157 0.00392163 -0.090196 0.992157 0.00392163 -0.090196 0.992157 0.00392163 -0.090196 0.992157 0.00392163 0.00392163 1 0.00392163 0.00392163 1 0.00392163 0.00392163 1 0.00392163 0.00392163 1 -0.00392151 0.00392163 1 -0.00392151 0.00392163 1 -0.00392151 0.00392163 1 -0.00392151 0.00392163 1 -0.00392151 0.0980393 0.992157 -0.105882 0.00392163 1 0.00392163 0.00392163 1 0.00392163 0.00392163 1 0.00392163 0.0980393 0.992157 -0.105882 0.0980393 0.992157 -0.105882 0.0980393 0.992157 -0.105882 0.082353 0.992157 -0.113725 0.082353 0.992157 -0.113725 0.082353 0.992157 -0.113725 0.0666667 0.992157 -0.113725 0.0666667 0.992157 -0.113725 0.0588236 0.984314 -0.152941 0.00392163 1 0.00392163 0.00392163 1 0.00392163 0.00392163 1 0.00392163 0.00392163 1 0.00392163 0.00392163 1 0.00392163 0.00392163 1 0.00392163 0.00392163 1 0.00392163 0.00392163 1 0.00392163 0.00392163 1 0.00392163 0.00392163 1 0.00392163 0.00392163 1 0.00392163 0.00392163 1 0.00392163 0.00392163 1 0.00392163 0.00392163 1 0.00392163 0.00392163 1 0.00392163 0.00392163 1 0.00392163 0.00392163 1 0.00392163 0.00392163 1 0.00392163 0.00392163 1 0.00392163 0.00392163 1 0.00392163 0.00392163 1 0.00392163 0.105882 0.968628 -0.231372 0.105882 0.968628 -0.231372 0.0588236 0.984314 -0.152941 0.00392163 1 0.00392163 0.00392163 1 0.00392163 0.00392163 1 0.00392163 0.00392163 -1 0.00392163 0.00392163 -1 0.00392163 0.00392163 -1 0.00392163 0.00392163 -1 0.00392163 0.00392163 -1 0.00392163 0.00392163 -1 0.00392163 0.00392163 1 0.00392163 0.00392163 1 0.00392163 0.00392163 1 0.00392163 0.00392163 1 0.00392163 0.00392163 1 0.00392163 0.00392163 1 0.00392163 0.00392163 1 0.00392163 0.00392163 1 0.00392163 0.00392163 1 0.00392163 0.00392163 1 0.00392163 0.00392163 1 0.00392163 0.00392163 1 0.00392163 0.00392163 1 0.00392163 0.00392163 1 0.00392163 0.00392163 1 0.00392163 0.00392163 1 0.00392163 0.00392163 1 0.00392163 0.00392163 1 0.00392163 0.00392163 1 0.00392163 0.00392163 1 0.00392163 0.00392163 1 0.00392163 0.00392163 1 0.00392163 0.00392163 1 0.00392163 0.00392163 1 0.00392163 0.00392163 1 0.00392163 0.00392163 1 0.00392163 0.0901961 0.945098 -0.301961 0.0901961 0.945098 -0.301961 0.0901961 0.945098 -0.301961 0.0901961 0.945098 -0.301961 0.105882 0.968628 -0.231372 0.0901961 0.945098 -0.301961 0.0745099 0.890196 -0.45098 0.0745099 0.890196 -0.45098 0.0745099 0.890196 -0.45098 0.0745099 0.858824 -0.505882 0.0745099 0.858824 -0.505882 0.0745099 0.890196 -0.45098 0.0745099 0.858824 -0.505882 0.00392163 0.811765 -0.584314 0.00392163 0.811765 -0.584314 0.00392163 0.811765 -0.584314 0.0745099 0.858824 -0.505882 0.0666667 0.858824 0.505883 0.0666667 0.858824 0.505883 0.00392163 0.811765 0.584314 0.00392163 0.811765 0.584314 -0.00392151 0.811765 0.584314 0.0666667 0.858824 0.505883 0.0745099 0.890196 0.45098 0.0666667 0.858824 0.505883 0.0745099 0.890196 0.45098 0.0745099 0.890196 0.45098 0.0980393 0.905882 0.403922 0.0980393 0.905882 0.403922 0.0901961 0.945098 0.301961 0.0901961 0.945098 0.301961 0.0901961 0.945098 0.301961 0.0901961 0.945098 0.301961 0.0588236 0.984314 0.152941 0.0588236 0.984314 0.152941 0.0588236 0.992157 0.113726 0.00392163 1 0.00392163 0.00392163 1 0.00392163 0.00392163 1 0.00392163 0.0980393 0.905882 0.403922 0.0980393 0.905882 0.403922 0.0588236 0.992157 0.113726 0.0588236 0.992157 0.113726 0.082353 0.992157 0.105882 0.082353 0.992157 0.105882 0.00392163 1 0.00392163 0.00392163 1 0.00392163 0.00392163 1 0.00392163 0.00392163 1 0.00392163 0.082353 0.992157 0.105882 0.082353 0.992157 0.105882 0.0666667 -0.992157 0.113726 0.0588236 -0.984314 0.152941 0.0588236 -0.984314 0.152941 0.105882 -0.968627 0.231373 0.0901961 -0.945098 0.301961 0.0901961 -0.945098 0.301961 0.0901961 -0.945098 0.301961 0.0901961 -0.945098 0.301961 0.0745099 -0.890196 0.45098 0.0745099 -0.890196 0.45098 0.0745099 -0.890196 0.45098 0.0745099 -0.858824 0.505883 0.0745099 -0.858824 0.505883 0.0745099 -0.890196 0.45098 0.0745099 -0.858824 0.505883 0.00392163 -0.811765 0.584314 0.00392163 -0.811765 0.584314 0.00392163 -0.811765 0.584314 0.0745099 -0.858824 0.505883 0.0666667 -0.858824 -0.505882 0.0666667 -0.858824 -0.505882 0.00392163 -0.811765 -0.584314 0.00392163 -0.811765 -0.584314 -0.00392151 -0.811765 -0.584314 0.0666667 -0.858824 -0.505882 0.0745099 -0.890196 -0.45098 0.0666667 -0.858824 -0.505882 0.0745099 -0.890196 -0.45098 0.0745099 -0.890196 -0.45098 0.0980393 -0.905882 -0.403922 0.0980393 -0.905882 -0.403922 0.0901961 -0.945098 -0.301961 0.0901961 -0.945098 -0.301961 0.0901961 -0.945098 -0.301961 0.0901961 -0.945098 -0.301961 0.0588236 -0.984314 -0.152941 0.0588236 -0.984314 -0.152941 0.0588236 -0.992157 -0.113725 0.00392163 -1 0.00392163 0.00392163 -1 0.00392163 0.00392163 -1 0.00392163 0.00392163 -1 0.00392163 0.00392163 -1 0.00392163 0.00392163 -1 0.00392163 0.00392163 -1 0.00392163 0.00392163 -1 0.00392163 0.00392163 -1 0.00392163 0.00392163 -1 0.00392163 0.00392163 -1 0.00392163 0.00392163 -1 0.00392163 0.00392163 -1 0.00392163 0.00392163 -1 0.00392163 0.00392163 -1 0.00392163 0.00392163 -1 0.00392163 0.00392163 -1 0.00392163 0.00392163 -1 0.00392163 0.00392163 -1 0.00392163 0.00392163 -1 0.00392163 0.00392163 -1 0.00392163 0.00392163 -1 0.00392163 0.00392163 -1 0.00392163 0.00392163 -1 0.00392163 0.00392163 -1 0.00392163 0.00392163 -1 0.00392163 0.00392163 -1 0.00392163 0.00392163 -1 0.00392163 0.00392163 -1 0.00392163 0.00392163 -1 0.00392163 0.00392163 -1 0.00392163 0.00392163 -1 0.00392163 0.00392163 -1 0.00392163 0.00392163 -1 0.00392163 0.00392163 -1 0.00392163 0.00392163 -1 0.00392163 0.00392163 -1 0.00392163 0.00392163 -1 0.00392163 0.00392163 -1 0.00392163 0.00392163 -1 0.00392163 0.00392163 -1 0.00392163 0.00392163 -1 0.00392163 0.00392163 -1 0.00392163 0.00392163 -1 0.00392163 0.00392163 -1 0.00392163 0.00392163 -1 0.00392163 0.00392163 -1 0.00392163 0.00392163 -1 0.00392163 0.00392163 -1 0.00392163 0.00392163 -1 0.00392163 0.00392163 -1 0.00392163 0.00392163 -1 0.00392163 0.00392163 -1 0.00392163 0.082353 -0.992157 0.113726 0.0666667 -0.992157 0.113726 0.082353 -0.992157 0.113726 0.105882 -0.968627 0.231373 0.105882 -0.968627 0.231373 0.0901961 -0.945098 0.301961 0.0980393 -0.905882 -0.403922 0.0980393 -0.905882 -0.403922 0.0588236 -0.992157 -0.113725 0.0588236 -0.992157 -0.113725 0.082353 -0.992157 -0.105882 0.082353 -0.992157 -0.105882 0.00392163 -1 0.00392163 0.00392163 -1 0.00392163 0.00392163 -1 0.00392163 0.00392163 -1 0.00392163 0.00392163 -1 0.00392163 0.00392163 -1 0.00392163 0.00392163 -1 0.00392163 0.00392163 -1 0.00392163 0.0980393 -0.992157 0.105882 0.082353 -0.992157 0.113726 0.0980393 -0.992157 0.105882 0.082353 -0.992157 -0.105882 0.082353 -0.992157 -0.105882 0.0980393 -0.992157 0.105882 0.0980393 -0.992157 0.105882 0.00392163 -1 0.00392163 0.00392163 0.00392163 -1 0.00392163 0.00392163 -1 0.00392163 0.00392163 -1 0.00392163 0.00392163 1 0.00392163 0.00392163 1 0.00392163 0.00392163 1 0.00392163 0.00392163 1 0.00392163 0.00392163 1 0.00392163 0.00392163 1 0.00392163 0.00392163 1 0.00392163 0.00392163 1 0.00392163 0.00392163 1 0.00392163 0.00392163 1 0.00392163 0.00392163 1 0.00392163 0.00392163 1 0.00392163 0.00392163 1 0.00392163 0.00392163 1 0.00392163 0.00392163 1 0.00392163 0.00392163 1 0.00392163 0.00392163 1 0.00392163 0.00392163 1 0.00392163 0.00392163 1 0.00392163 0.00392163 1 0.00392163 0.00392163 1 0.00392163 0.00392163 1 0.145098 0.168628 0.976471 -0.145098 0.168628 0.976471 0.00392163 0.00392163 1 0.00392163 0.00392163 1 0.00392163 0.00392163 1 0.00392163 0.00392163 1 0.00392163 0.00392163 1 0.00392163 0.00392163 1 0.00392163 0.00392163 1 0.00392163 0.00392163 1 0.00392163 0.00392163 1 0.00392163 0.00392163 1 0.00392163 0.00392163 1 0.00392163 0.00392163 1 0.00392163 0.00392163 1 0.00392163 0.00392163 1 0.00392163 0.00392163 1 0.00392163 0.00392163 1 0.00392163 0.00392163 1 0.00392163 0.00392163 1 0.00392163 0.00392163 1 0.00392163 0.00392163 1 0.00392163 0.00392163 1 0.00392163 0.00392163 1 0.00392163 0.00392163 1 0.00392163 0.00392163 1 0.00392163 0.00392163 1 0.00392163 0.00392163 1 0.00392163 0.00392163 1 0.00392163 0.00392163 1 0.00392163 0.00392163 1 0.00392163 0.00392163 1 0.00392163 0.00392163 1 0.00392163 0.00392163 1 -0.145098 -0.168627 0.976471 0.145098 -0.168627 0.976471 0.00392163 0.00392163 1 0.00392163 0.00392163 1 0.00392163 0.00392163 1 0.00392163 0.00392163 1 0.00392163 0.00392163 1 0.00392163 0.00392163 1 0.00392163 0.00392163 1 0.00392163 0.00392163 1 0.00392163 0.00392163 1 0.00392163 0.00392163 1 0.00392163 0.00392163 1 0.00392163 0.00392163 1 0.00392163 0.00392163 1 0.145098 0.168628 0.976471 0.145098 0.168628 0.976471 0.145098 0.168628 0.976471 0.121569 0.184314 0.976471 0.121569 0.184314 0.976471 0.121569 0.184314 0.976471 0.0901961 0.2 0.976471 0.0901961 0.2 0.976471 0.0901961 0.2 0.976471 0.0588236 0.215686 0.976471 0.0588236 0.215686 0.976471 0.0901961 0.615686 0.780392 -0.090196 0.615686 0.780392 -0.0352941 0.223529 0.976471 -0.0352941 0.223529 0.976471 -0.0588235 0.215686 0.976471 -0.0588235 0.215686 0.976471 -0.0588235 0.215686 0.976471 -0.090196 0.2 0.976471 -0.090196 0.2 0.976471 -0.090196 0.2 0.976471 -0.121569 0.184314 0.976471 -0.121569 0.184314 0.976471 -0.121569 0.184314 0.976471 -0.145098 0.168628 0.976471 -0.145098 0.168628 0.976471 -0.145098 0.168628 0.976471 -0.145098 -0.168627 0.976471 -0.145098 -0.168627 0.976471 -0.145098 -0.168627 0.976471 -0.121569 -0.184314 0.976471 -0.121569 -0.184314 0.976471 -0.121569 -0.184314 0.976471 -0.090196 -0.2 0.976471 -0.090196 -0.2 0.976471 -0.090196 -0.2 0.976471 -0.0588235 -0.215686 0.976471 -0.0588235 -0.215686 0.976471 -0.090196 -0.615686 0.780392 0.0901961 -0.615686 0.780392 0.0352942 -0.223529 0.976471 0.0352942 -0.223529 0.976471 0.0588236 -0.215686 0.976471 0.0588236 -0.215686 0.976471 0.0588236 -0.215686 0.976471 0.0901961 -0.2 0.976471 0.0901961 -0.2 0.976471 0.0901961 -0.2 0.976471 0.121569 -0.184314 0.976471 0.121569 -0.184314 0.976471 0.121569 -0.184314 0.976471 0.145098 -0.168627 0.976471 0.145098 -0.168627 0.976471 0.145098 -0.168627 0.976471 0.0901961 0.615686 0.780392 0.0901961 0.615686 0.780392 0.00392163 0.898039 0.435294 0.00392163 0.898039 0.435294 0.00392163 0.898039 0.435294 0.00392163 0.62353 0.780392 0.00392163 0.62353 0.780392 -0.090196 0.615686 0.780392 -0.090196 0.615686 0.780392 -0.090196 0.615686 0.780392 -0.090196 -0.615686 0.780392 -0.090196 -0.615686 0.780392 0.00392163 -0.898039 0.435294 0.00392163 -0.898039 0.435294 0.00392163 -0.898039 0.435294 0.00392163 -0.623529 0.780392 0.00392163 -0.623529 0.780392 0.0901961 -0.615686 0.780392 0.0901961 -0.615686 0.780392 0.0901961 -0.615686 0.780392 0.00392163 0.898039 0.435294 0.00392163 0.898039 0.435294 -0.0431372 1 0.00392163 -0.0431372 1 0.00392163 0.00392163 0.898039 0.435294 -0.0431372 1 0.00392163 -0.0431372 -1 0.00392163 -0.0431372 -1 0.00392163 0.00392163 -0.898039 0.435294 -0.0431372 -1 0.00392163 0.00392163 -0.898039 0.435294 0.00392163 -0.898039 0.435294 -0.0431372 1 0.00392163 -0.0431372 1 0.00392163 -0.0431372 1 0.00392163 -0.0431372 1 0.00392163 -0.0431372 1 0.00392163 -0.0431372 1 0.00392163 -0.0431372 -1 0.00392163 -0.0431372 -1 0.00392163 -0.0431372 -1 0.00392163 -0.0431372 -1 0.00392163 -0.0431372 -1 0.00392163 -0.0431372 -1 0.00392163 0.00392163 0.898039 -0.435294 0.00392163 0.898039 -0.435294 -0.0431372 1 0.00392163 0.00392163 0.898039 -0.435294 -0.0431372 1 0.00392163 -0.0431372 1 0.00392163 -0.0431372 -1 0.00392163 -0.0431372 -1 0.00392163 0.00392163 -0.898039 -0.435294 0.00392163 -0.898039 -0.435294 -0.0431372 -1 0.00392163 0.00392163 -0.898039 -0.435294 0.0901961 0.615686 -0.780392 0.0901961 0.615686 -0.780392 0.0901961 0.615686 -0.780392 0.00392163 0.62353 -0.780392 0.00392163 0.62353 -0.780392 0.00392163 0.898039 -0.435294 0.00392163 0.898039 -0.435294 -0.090196 0.615686 -0.780392 0.00392163 0.898039 -0.435294 -0.090196 0.615686 -0.780392 -0.090196 -0.615686 -0.780392 -0.090196 -0.615686 -0.780392 -0.090196 -0.615686 -0.780392 0.00392163 -0.623529 -0.780392 0.00392163 -0.623529 -0.780392 0.00392163 -0.898039 -0.435294 0.00392163 -0.898039 -0.435294 0.0901961 -0.615686 -0.780392 0.00392163 -0.898039 -0.435294 0.0901961 -0.615686 -0.780392 0.145098 0.168628 -0.976471 0.145098 0.168628 -0.976471 0.145098 0.168628 -0.976471 0.121569 0.184314 -0.976471 0.121569 0.184314 -0.976471 0.121569 0.184314 -0.976471 0.0901961 0.2 -0.976471 0.0901961 0.2 -0.976471 0.0901961 0.2 -0.976471 0.0588236 0.215686 -0.976471 0.0588236 0.215686 -0.976471 0.0588236 0.215686 -0.976471 0.0352942 0.223529 -0.976471 0.0352942 0.223529 -0.976471 0.0901961 0.615686 -0.780392 -0.0588235 0.215686 -0.976471 -0.090196 0.615686 -0.780392 -0.0588235 0.215686 -0.976471 -0.090196 0.2 -0.976471 -0.090196 0.2 -0.976471 -0.090196 0.2 -0.976471 -0.121569 0.184314 -0.976471 -0.121569 0.184314 -0.976471 -0.121569 0.184314 -0.976471 -0.145098 0.168628 -0.976471 -0.145098 0.168628 -0.976471 -0.145098 0.168628 -0.976471 -0.145098 -0.168627 -0.976471 -0.145098 -0.168627 -0.976471 -0.145098 -0.168627 -0.976471 -0.121569 -0.184314 -0.976471 -0.121569 -0.184314 -0.976471 -0.121569 -0.184314 -0.976471 -0.090196 -0.2 -0.976471 -0.090196 -0.2 -0.976471 -0.090196 -0.2 -0.976471 -0.0588235 -0.215686 -0.976471 -0.0588235 -0.215686 -0.976471 -0.0588235 -0.215686 -0.976471 -0.0352941 -0.223529 -0.976471 -0.0352941 -0.223529 -0.976471 -0.090196 -0.615686 -0.780392 0.0588236 -0.215686 -0.976471 0.0901961 -0.615686 -0.780392 0.0588236 -0.215686 -0.976471 0.0901961 -0.2 -0.976471 0.0901961 -0.2 -0.976471 0.0901961 -0.2 -0.976471 0.121569 -0.184314 -0.976471 0.121569 -0.184314 -0.976471 0.121569 -0.184314 -0.976471 0.145098 -0.168627 -0.976471 0.145098 -0.168627 -0.976471 0.145098 -0.168627 -0.976471 0.00392163 0.00392163 -1 0.00392163 0.00392163 -1 0.00392163 0.00392163 -1 0.00392163 0.00392163 -1 0.00392163 0.00392163 -1 0.00392163 0.00392163 -1 0.00392163 0.00392163 -1 0.00392163 0.00392163 -1 0.00392163 0.00392163 -1 0.00392163 0.00392163 -1 0.00392163 0.00392163 -1 0.00392163 0.00392163 -1 0.00392163 0.00392163 -1 0.00392163 0.00392163 -1 0.00392163 0.00392163 -1 0.00392163 0.00392163 -1 0.00392163 0.00392163 -1 0.00392163 0.00392163 -1 0.00392163 0.00392163 -1 0.00392163 0.00392163 -1 0.00392163 0.00392163 -1 0.00392163 0.00392163 -1 0.00392163 0.00392163 -1 0.145098 0.168628 -0.976471 0.00392163 0.00392163 -1 -0.145098 0.168628 -0.976471 0.00392163 0.00392163 -1 0.00392163 0.00392163 -1 0.00392163 0.00392163 -1 0.00392163 0.00392163 -1 0.00392163 0.00392163 -1 0.00392163 0.00392163 -1 0.00392163 0.00392163 -1 0.00392163 0.00392163 -1 0.00392163 0.00392163 -1 0.00392163 0.00392163 -1 0.00392163 0.00392163 -1 0.00392163 0.00392163 -1 0.00392163 0.00392163 -1 0.00392163 0.00392163 -1 0.00392163 0.00392163 -1 0.00392163 0.00392163 -1 0.00392163 0.00392163 -1 0.00392163 0.00392163 -1 0.00392163 0.00392163 -1 0.00392163 0.00392163 -1 0.00392163 0.00392163 -1 0.00392163 0.00392163 -1 0.00392163 0.00392163 -1 0.00392163 0.00392163 -1 0.00392163 0.00392163 -1 0.00392163 0.00392163 -1 0.00392163 0.00392163 -1 0.00392163 0.00392163 -1 0.00392163 0.00392163 -1 0.00392163 0.00392163 -1 0.00392163 0.00392163 -1 -0.145098 -0.168627 -0.976471 0.00392163 0.00392163 -1 0.145098 -0.168627 -0.976471 0.00392163 0.00392163 -1 0.00392163 0.00392163 -1 0.00392163 0.00392163 -1 0.00392163 0.00392163 -1 0.00392163 0.00392163 -1 0.00392163 0.00392163 -1 0.00392163 0.00392163 -1 0.00392163 0.00392163 -1 -0.0980392 0.0431373 -0.992157 -0.090196 0.0352942 -0.992157 -0.090196 0.0352942 -0.992157 -0.145098 0.0666667 -0.984314 -0.160784 -0.0745097 -0.984314 -0.0823529 -0.0352941 -1 -0.0823529 -0.0352941 -1 -0.090196 -0.0352941 -0.992157 -0.090196 -0.0352941 -0.992157 -0.090196 -0.0352941 -0.992157 -0.0980392 -0.0431372 -0.992157 -0.0980392 -0.0431372 -0.992157 -0.0980392 -0.0431372 -0.992157 -0.105882 -0.0352941 -0.992157 -0.105882 -0.0352941 -0.992157 -0.105882 -0.0352941 -0.992157 -0.121569 -0.0352941 -0.992157 -0.121569 -0.0352941 -0.992157 -0.160784 -0.0352941 -0.984314 -0.160784 -0.0352941 -0.984314 -0.160784 -0.0352941 -0.984314 -0.160784 -0.0352941 -0.984314 -0.160784 -0.0352941 -0.984314 -0.0980392 -0.0196078 -0.992157 -0.0980392 -0.0196078 -0.992157 -0.160784 -0.0274509 -0.984314 -0.160784 -0.0274509 -0.984314 -0.160784 0.027451 -0.984314 -0.160784 0.027451 -0.984314 -0.160784 0.0352942 -0.984314 -0.160784 0.0352942 -0.984314 -0.160784 0.0352942 -0.984314 -0.113725 0.0352942 -0.992157 -0.113725 0.0352942 -0.992157 -0.113725 0.0352942 -0.992157 -0.0980392 0.0431373 -0.992157 -0.0980392 0.0431373 -0.992157 -0.145098 0.0666667 -0.984314 -0.145098 0.0666667 -0.984314 -0.145098 0.0666667 -0.984314 -0.129412 0.0588236 -0.992157 -0.129412 0.0588236 -0.992157 -0.129412 0.0588236 -0.992157 -0.121569 0.0509804 -0.992157 -0.121569 0.0509804 -0.992157 -0.121569 0.0509804 -0.992157 -0.113725 0.0431373 -0.992157 -0.113725 0.0431373 -0.992157 -0.152941 0.0431373 -0.984314 -0.160784 -0.0509803 -0.984314 -0.105882 -0.0352941 -0.992157 -0.105882 -0.0352941 -0.992157 -0.121569 -0.0509803 -0.992157 -0.121569 -0.0509803 -0.992157 -0.121569 -0.0509803 -0.992157 -0.137255 -0.0588235 -0.992157 -0.137255 -0.0588235 -0.992157 -0.137255 -0.0588235 -0.992157 -0.145098 -0.0666666 -0.984314 -0.145098 -0.0666666 -0.984314 -0.145098 -0.0666666 -0.984314 -0.160784 -0.0745097 -0.984314 -0.160784 -0.0745097 -0.984314 -0.160784 -0.0745097 -0.984314 -0.152941 0.0431373 -0.984314 -0.152941 0.0431373 -0.984314 -0.152941 0.0431373 -0.984314 -0.145098 0.027451 -0.992157 -0.145098 0.027451 -0.992157 -0.145098 0.027451 -0.992157 -0.145098 0.0117648 -0.992157 -0.145098 0.0117648 -0.992157 -0.145098 0.0117648 -0.992157 -0.137255 -0.00392151 -0.992157 -0.137255 -0.00392151 -0.992157 -0.137255 -0.00392151 -0.992157 -0.145098 -0.0117646 -0.992157 -0.145098 -0.0117646 -0.992157 -0.145098 -0.0117646 -0.992157 -0.145098 -0.0274509 -0.992157 -0.145098 -0.0274509 -0.992157 -0.145098 -0.0274509 -0.992157 -0.152941 -0.0431372 -0.984314 -0.152941 -0.0431372 -0.984314 -0.152941 -0.0431372 -0.984314 -0.160784 -0.0509803 -0.984314 -0.160784 -0.0509803 -0.984314 -0.160784 -0.0509803 -0.984314 0.00392163 0.00392163 -1 0.00392163 0.00392163 -1 0.00392163 0.00392163 -1 0.00392163 0.00392163 -1 0.00392163 0.00392163 -1 0.00392163 0.00392163 -1 0.00392163 0.00392163 -1 0.00392163 0.00392163 -1 0.00392163 0.00392163 -1 0.00392163 0.00392163 -1 0.00392163 0.00392163 -1 0.00392163 0.00392163 -1 0.00392163 0.00392163 -1 0.00392163 0.00392163 -1 0.00392163 0.00392163 -1 0.00392163 0.00392163 -1 0.00392163 0.00392163 -1 0.00392163 0.00392163 -1 0.00392163 0.00392163 -1 0.145098 -0.168627 -0.976471 -0.145098 -0.168627 -0.976471 0.00392163 0.00392163 -1 0.00392163 0.00392163 -1 0.00392163 0.00392163 -1 0.00392163 0.00392163 -1 0.00392163 0.00392163 -1 0.00392163 0.00392163 -1 0.00392163 0.00392163 -1 0.00392163 0.00392163 -1 0.00392163 0.00392163 -1 0.00392163 0.00392163 -1 0.00392163 0.00392163 -1 0.00392163 0.00392163 -1 0.00392163 0.00392163 -1 0.00392163 0.00392163 -1 0.00392163 0.00392163 -1 0.00392163 0.00392163 -1 0.00392163 0.00392163 -1 0.00392163 0.00392163 -1 0.00392163 0.00392163 -1 0.00392163 0.00392163 -1 0.00392163 0.00392163 -1 0.00392163 0.00392163 -1 0.00392163 0.00392163 -1 0.00392163 0.00392163 -1 0.00392163 0.00392163 -1 0.00392163 0.00392163 -1 0.00392163 0.00392163 -1 0.00392163 0.00392163 -1 0.00392163 0.00392163 -1 0.00392163 0.00392163 -1 0.00392163 0.00392163 -1 0.00392163 0.00392163 -1 -0.145098 0.168628 -0.976471 0.145098 0.168628 -0.976471 0.00392163 0.00392163 -1 0.00392163 0.00392163 -1 0.00392163 0.00392163 -1 0.00392163 0.00392163 -1 0.00392163 0.00392163 -1 0.00392163 0.00392163 -1 0.00392163 0.00392163 -1 0.00392163 0.00392163 -1 0.00392163 0.00392163 -1 0.00392163 0.00392163 -1 0.00392163 0.00392163 -1 0.00392163 0.00392163 -1 0.00392163 0.00392163 -1 0.145098 -0.168627 -0.976471 0.145098 -0.168627 -0.976471 0.145098 -0.168627 -0.976471 0.121569 -0.184314 -0.976471 0.121569 -0.184314 -0.976471 0.121569 -0.184314 -0.976471 0.0901961 -0.2 -0.976471 0.0901961 -0.2 -0.976471 0.0901961 -0.2 -0.976471 0.0588236 -0.215686 -0.976471 0.0588236 -0.215686 -0.976471 0.0901961 -0.615686 -0.780392 -0.090196 -0.615686 -0.780392 -0.0352941 -0.223529 -0.976471 -0.0352941 -0.223529 -0.976471 -0.0588235 -0.215686 -0.976471 -0.0588235 -0.215686 -0.976471 -0.0588235 -0.215686 -0.976471 -0.090196 -0.2 -0.976471 -0.090196 -0.2 -0.976471 -0.090196 -0.2 -0.976471 -0.121569 -0.184314 -0.976471 -0.121569 -0.184314 -0.976471 -0.121569 -0.184314 -0.976471 -0.145098 -0.168627 -0.976471 -0.145098 -0.168627 -0.976471 -0.145098 -0.168627 -0.976471 -0.145098 0.168628 -0.976471 -0.145098 0.168628 -0.976471 -0.145098 0.168628 -0.976471 -0.121569 0.184314 -0.976471 -0.121569 0.184314 -0.976471 -0.121569 0.184314 -0.976471 -0.090196 0.2 -0.976471 -0.090196 0.2 -0.976471 -0.090196 0.2 -0.976471 -0.0588235 0.215686 -0.976471 -0.0588235 0.215686 -0.976471 -0.090196 0.615686 -0.780392 0.0901961 0.615686 -0.780392 0.0352942 0.223529 -0.976471 0.0352942 0.223529 -0.976471 0.0588236 0.215686 -0.976471 0.0588236 0.215686 -0.976471 0.0588236 0.215686 -0.976471 0.0901961 0.2 -0.976471 0.0901961 0.2 -0.976471 0.0901961 0.2 -0.976471 0.121569 0.184314 -0.976471 0.121569 0.184314 -0.976471 0.121569 0.184314 -0.976471 0.145098 0.168628 -0.976471 0.145098 0.168628 -0.976471 0.145098 0.168628 -0.976471 0.0901961 -0.615686 -0.780392 0.0901961 -0.615686 -0.780392 0.00392163 -0.898039 -0.435294 0.00392163 -0.898039 -0.435294 0.00392163 -0.898039 -0.435294 0.00392163 -0.623529 -0.780392 0.00392163 -0.623529 -0.780392 -0.090196 -0.615686 -0.780392 -0.090196 -0.615686 -0.780392 -0.090196 -0.615686 -0.780392 -0.090196 0.615686 -0.780392 -0.090196 0.615686 -0.780392 0.00392163 0.898039 -0.435294 0.00392163 0.898039 -0.435294 0.00392163 0.898039 -0.435294 0.00392163 0.62353 -0.780392 0.00392163 0.62353 -0.780392 0.0901961 0.615686 -0.780392 0.0901961 0.615686 -0.780392 0.0901961 0.615686 -0.780392 0.00392163 -0.898039 -0.435294 0.00392163 -0.898039 -0.435294 -0.0431372 -1 0.00392163 -0.0431372 -1 0.00392163 0.00392163 -0.898039 -0.435294 -0.0431372 -1 0.00392163 -0.0431372 1 0.00392163 -0.0431372 1 0.00392163 0.00392163 0.898039 -0.435294 -0.0431372 1 0.00392163 0.00392163 0.898039 -0.435294 0.00392163 0.898039 -0.435294 -0.0431372 -1 0.00392163 -0.0431372 -1 0.00392163 -0.0431372 -1 0.00392163 -0.0431372 -1 0.00392163 -0.0431372 -1 0.00392163 -0.0431372 -1 0.00392163 -0.0431372 1 0.00392163 -0.0431372 1 0.00392163 -0.0431372 1 0.00392163 -0.0431372 1 0.00392163 -0.0431372 1 0.00392163 -0.0431372 1 0.00392163 0.00392163 -0.898039 0.435294 0.00392163 -0.898039 0.435294 -0.0431372 -1 0.00392163 0.00392163 -0.898039 0.435294 -0.0431372 -1 0.00392163 -0.0431372 -1 0.00392163 -0.0431372 1 0.00392163 -0.0431372 1 0.00392163 0.00392163 0.898039 0.435294 0.00392163 0.898039 0.435294 -0.0431372 1 0.00392163 0.00392163 0.898039 0.435294 0.0901961 -0.615686 0.780392 0.0901961 -0.615686 0.780392 0.0901961 -0.615686 0.780392 0.00392163 -0.623529 0.780392 0.00392163 -0.623529 0.780392 0.00392163 -0.898039 0.435294 0.00392163 -0.898039 0.435294 -0.090196 -0.615686 0.780392 0.00392163 -0.898039 0.435294 -0.090196 -0.615686 0.780392 -0.090196 0.615686 0.780392 -0.090196 0.615686 0.780392 -0.090196 0.615686 0.780392 0.00392163 0.62353 0.780392 0.00392163 0.62353 0.780392 0.00392163 0.898039 0.435294 0.00392163 0.898039 0.435294 0.0901961 0.615686 0.780392 0.00392163 0.898039 0.435294 0.0901961 0.615686 0.780392 0.145098 -0.168627 0.976471 0.145098 -0.168627 0.976471 0.145098 -0.168627 0.976471 0.121569 -0.184314 0.976471 0.121569 -0.184314 0.976471 0.121569 -0.184314 0.976471 0.0901961 -0.2 0.976471 0.0901961 -0.2 0.976471 0.0901961 -0.2 0.976471 0.0588236 -0.215686 0.976471 0.0588236 -0.215686 0.976471 0.0588236 -0.215686 0.976471 0.0352942 -0.223529 0.976471 0.0352942 -0.223529 0.976471 0.0901961 -0.615686 0.780392 -0.0588235 -0.215686 0.976471 -0.090196 -0.615686 0.780392 -0.0588235 -0.215686 0.976471 -0.090196 -0.2 0.976471 -0.090196 -0.2 0.976471 -0.090196 -0.2 0.976471 -0.121569 -0.184314 0.976471 -0.121569 -0.184314 0.976471 -0.121569 -0.184314 0.976471 -0.145098 -0.168627 0.976471 -0.145098 -0.168627 0.976471 -0.145098 -0.168627 0.976471 -0.145098 0.168628 0.976471 -0.145098 0.168628 0.976471 -0.145098 0.168628 0.976471 -0.121569 0.184314 0.976471 -0.121569 0.184314 0.976471 -0.121569 0.184314 0.976471 -0.090196 0.2 0.976471 -0.090196 0.2 0.976471 -0.090196 0.2 0.976471 -0.0588235 0.215686 0.976471 -0.0588235 0.215686 0.976471 -0.0588235 0.215686 0.976471 -0.0352941 0.223529 0.976471 -0.0352941 0.223529 0.976471 -0.090196 0.615686 0.780392 0.0588236 0.215686 0.976471 0.0901961 0.615686 0.780392 0.0588236 0.215686 0.976471 0.0901961 0.2 0.976471 0.0901961 0.2 0.976471 0.0901961 0.2 0.976471 0.121569 0.184314 0.976471 0.121569 0.184314 0.976471 0.121569 0.184314 0.976471 0.145098 0.168628 0.976471 0.145098 0.168628 0.976471 0.145098 0.168628 0.976471 0.00392163 0.00392163 1 0.00392163 0.00392163 1 0.00392163 0.00392163 1 0.00392163 0.00392163 1 0.00392163 0.00392163 1 0.00392163 0.00392163 1 0.00392163 0.00392163 1 0.00392163 0.00392163 1 0.00392163 0.00392163 1 0.00392163 0.00392163 1 0.00392163 0.00392163 1 0.00392163 0.00392163 1 0.00392163 0.00392163 1 0.00392163 0.00392163 1 0.00392163 0.00392163 1 0.00392163 0.00392163 1 0.00392163 0.00392163 1 0.00392163 0.00392163 1 0.00392163 0.00392163 1 0.00392163 0.00392163 1 0.00392163 0.00392163 1 0.00392163 0.00392163 1 0.00392163 0.00392163 1 0.145098 -0.168627 0.976471 0.00392163 0.00392163 1 -0.145098 -0.168627 0.976471 0.00392163 0.00392163 1 0.00392163 0.00392163 1 0.00392163 0.00392163 1 0.00392163 0.00392163 1 0.00392163 0.00392163 1 0.00392163 0.00392163 1 0.00392163 0.00392163 1 0.00392163 0.00392163 1 0.00392163 0.00392163 1 0.00392163 0.00392163 1 0.00392163 0.00392163 1 0.00392163 0.00392163 1 0.00392163 0.00392163 1 0.00392163 0.00392163 1 0.00392163 0.00392163 1 0.00392163 0.00392163 1 0.00392163 0.00392163 1 0.00392163 0.00392163 1 0.00392163 0.00392163 1 0.00392163 0.00392163 1 0.00392163 0.00392163 1 0.00392163 0.00392163 1 0.00392163 0.00392163 1 0.00392163 0.00392163 1 0.00392163 0.00392163 1 0.00392163 0.00392163 1 0.00392163 0.00392163 1 0.00392163 0.00392163 1 0.00392163 0.00392163 1 0.00392163 0.00392163 1 0.00392163 0.00392163 1 -0.145098 0.168628 0.976471 0.00392163 0.00392163 1 0.145098 0.168628 0.976471 0.00392163 0.00392163 1 0.00392163 0.00392163 1 0.00392163 0.00392163 1 0.00392163 0.00392163 1 0.00392163 0.00392163 1 0.00392163 0.00392163 1 0.00392163 0.00392163 1 0.00392163 0.00392163 1 -0.0980392 -0.0431372 0.992157 -0.090196 -0.0352941 0.992157 -0.090196 -0.0352941 0.992157 -0.145098 -0.0666666 0.984314 -0.160784 0.0745099 0.984314 -0.0823529 0.0352942 1 -0.0823529 0.0352942 1 -0.090196 0.0352942 0.992157 -0.090196 0.0352942 0.992157 -0.090196 0.0352942 0.992157 -0.0980392 0.0431373 0.992157 -0.0980392 0.0431373 0.992157 -0.0980392 0.0431373 0.992157 -0.105882 0.0352942 0.992157 -0.105882 0.0352942 0.992157 -0.105882 0.0352942 0.992157 -0.121569 0.0352942 0.992157 -0.121569 0.0352942 0.992157 -0.160784 0.0352942 0.984314 -0.160784 0.0352942 0.984314 -0.160784 0.0352942 0.984314 -0.160784 0.0352942 0.984314 -0.160784 0.0352942 0.984314 -0.0980392 0.0196079 0.992157 -0.160784 -0.0274509 0.984314 -0.160784 -0.0274509 0.984314 -0.160784 -0.0352941 0.984314 -0.160784 -0.0352941 0.984314 -0.160784 -0.0352941 0.984314 -0.113725 -0.0352941 0.992157 -0.113725 -0.0352941 0.992157 -0.113725 -0.0352941 0.992157 -0.0980392 -0.0431372 0.992157 -0.0980392 -0.0431372 0.992157 -0.145098 -0.0666666 0.984314 -0.145098 -0.0666666 0.984314 -0.145098 -0.0666666 0.984314 -0.129412 -0.0588235 0.992157 -0.129412 -0.0588235 0.992157 -0.129412 -0.0588235 0.992157 -0.121569 -0.0509803 0.992157 -0.121569 -0.0509803 0.992157 -0.121569 -0.0509803 0.992157 -0.113725 -0.0431372 0.992157 -0.113725 -0.0431372 0.992157 -0.152941 -0.0431372 0.984314 -0.160784 0.0509804 0.984314 -0.105882 0.0352942 0.992157 -0.105882 0.0352942 0.992157 -0.121569 0.0509804 0.992157 -0.121569 0.0509804 0.992157 -0.121569 0.0509804 0.992157 -0.137255 0.0588236 0.992157 -0.137255 0.0588236 0.992157 -0.137255 0.0588236 0.992157 -0.145098 0.0666667 0.984314 -0.145098 0.0666667 0.984314 -0.145098 0.0666667 0.984314 -0.160784 0.0745099 0.984314 -0.160784 0.0745099 0.984314 -0.160784 0.0745099 0.984314 -0.160784 0.027451 0.984314 -0.160784 0.027451 0.984314 -0.0980392 0.0196079 0.992157 -0.152941 -0.0431372 0.984314 -0.152941 -0.0431372 0.984314 -0.152941 -0.0431372 0.984314 -0.145098 -0.0274509 0.992157 -0.145098 -0.0274509 0.992157 -0.145098 -0.0274509 0.992157 -0.145098 -0.0117646 0.992157 -0.145098 -0.0117646 0.992157 -0.145098 -0.0117646 0.992157 -0.137255 0.00392163 0.992157 -0.137255 0.00392163 0.992157 -0.137255 0.00392163 0.992157 -0.145098 0.0117648 0.992157 -0.145098 0.0117648 0.992157 -0.145098 0.0117648 0.992157 -0.145098 0.027451 0.992157 -0.145098 0.027451 0.992157 -0.145098 0.027451 0.992157 -0.152941 0.0431373 0.984314 -0.152941 0.0431373 0.984314 -0.152941 0.0431373 0.984314 -0.160784 0.0509804 0.984314 -0.160784 0.0509804 0.984314 -0.160784 0.0509804 0.984314 0.00392163 0.866667 0.498039 0.00392163 0.866667 0.498039 0.00392163 0.866667 0.498039 0.00392163 0.866667 -0.498039 0.00392163 0.866667 -0.498039 0.00392163 0.866667 -0.498039 0.00392163 -0.866667 -0.498039 0.00392163 -0.866667 -0.498039 0.00392163 -0.866667 -0.498039 0.00392163 -0.866667 0.498039 0.00392163 -0.866667 0.498039 0.00392163 -0.866667 0.498039 0.00392163 0.00392163 1 0.00392163 0.105882 0.992157 0.00392163 0.105882 0.992157 0.00392163 0.105882 0.992157 0.00392163 0.207843 0.976471 0.00392163 0.207843 0.976471 0.00392163 0.207843 0.976471 0.00392163 0.309804 0.952941 0.00392163 0.309804 0.952941 0.00392163 0.309804 0.952941 0.00392163 0.403922 0.913726 0.00392163 0.403922 0.913726 0.00392163 0.403922 0.913726 0.00392163 0.498039 0.866667 0.00392163 0.498039 0.866667 0.00392163 0.498039 0.866667 0.00392163 0.498039 0.866667 0.00392163 0.584314 0.811765 0.00392163 0.584314 0.811765 0.00392163 0.584314 0.811765 0.00392163 0.670588 0.741177 0.00392163 0.670588 0.741177 0.00392163 0.670588 0.741177 0.00392163 0.741177 0.670588 0.00392163 0.741177 0.670588 0.00392163 0.741177 0.670588 0.00392163 0.811765 0.584314 0.00392163 0.811765 0.584314 0.00392163 0.811765 0.584314 0.00392163 0.866667 0.498039 0.00392163 0.866667 0.498039 0.00392163 0.866667 0.498039 0.00392163 0.913726 0.403922 0.00392163 0.913726 0.403922 0.00392163 0.913726 0.403922 0.00392163 0.952941 0.309804 0.00392163 0.952941 0.309804 0.00392163 0.952941 0.309804 0.00392163 0.976471 0.207843 0.00392163 0.976471 0.207843 0.00392163 0.976471 0.207843 0.00392163 0.976471 0.207843 0.00392163 0.992157 0.105882 0.00392163 0.992157 0.105882 0.00392163 0.992157 0.105882 0.00392163 1 0.00392163 0.00392163 1 0.00392163 0.00392163 1 0.00392163 0.00392163 0.992157 -0.105882 0.00392163 0.992157 -0.105882 0.00392163 0.992157 -0.105882 0.00392163 0.976471 -0.207843 0.00392163 0.976471 -0.207843 0.00392163 0.976471 -0.207843 0.00392163 0.952941 -0.309804 0.00392163 0.952941 -0.309804 0.00392163 0.952941 -0.309804 0.00392163 0.913726 -0.403922 0.00392163 0.913726 -0.403922 0.00392163 0.913726 -0.403922 0.00392163 0.866667 -0.498039 0.00392163 0.866667 -0.498039 0.00392163 0.866667 -0.498039 0.00392163 0.811765 -0.584314 0.00392163 0.811765 -0.584314 0.00392163 0.811765 -0.584314 0.00392163 0.741177 -0.670588 0.00392163 0.741177 -0.670588 0.00392163 0.741177 -0.670588 0.00392163 0.741177 -0.670588 0.00392163 0.670588 -0.741176 0.00392163 0.670588 -0.741176 0.00392163 0.670588 -0.741176 0.00392163 0.584314 -0.811765 0.00392163 0.584314 -0.811765 0.00392163 0.584314 -0.811765 0.00392163 0.498039 -0.866667 0.00392163 0.498039 -0.866667 0.00392163 0.498039 -0.866667 0.00392163 0.403922 -0.913725 0.00392163 0.403922 -0.913725 0.00392163 0.403922 -0.913725 0.00392163 0.309804 -0.952941 0.00392163 0.309804 -0.952941 0.00392163 0.309804 -0.952941 0.00392163 0.207843 -0.976471 0.00392163 0.207843 -0.976471 0.00392163 0.207843 -0.976471 0.00392163 0.105882 -0.992157 0.00392163 0.105882 -0.992157 0.00392163 0.105882 -0.992157 0.00392163 0.00392163 -1 0.00392163 0.00392163 -1 0.00392163 0.00392163 -1 0.00392163 0.00392163 -1 0.00392163 -0.105882 -0.992157 0.00392163 -0.105882 -0.992157 0.00392163 -0.105882 -0.992157 0.00392163 -0.207843 -0.976471 0.00392163 -0.207843 -0.976471 0.00392163 -0.207843 -0.976471 0.00392163 -0.309804 -0.952941 0.00392163 -0.309804 -0.952941 0.00392163 -0.309804 -0.952941 0.00392163 -0.403922 -0.913725 0.00392163 -0.403922 -0.913725 0.00392163 -0.403922 -0.913725 0.00392163 -0.498039 -0.866667 0.00392163 -0.498039 -0.866667 0.00392163 -0.498039 -0.866667 0.00392163 -0.584314 -0.811765 0.00392163 -0.584314 -0.811765 0.00392163 -0.584314 -0.811765 0.00392163 -0.670588 -0.741176 0.00392163 -0.670588 -0.741176 0.00392163 -0.670588 -0.741176 0.00392163 -0.741176 -0.670588 0.00392163 -0.741176 -0.670588 0.00392163 -0.741176 -0.670588 0.00392163 -0.811765 -0.584314 0.00392163 -0.811765 -0.584314 0.00392163 -0.811765 -0.584314 0.00392163 -0.811765 -0.584314 0.00392163 -0.866667 -0.498039 0.00392163 -0.866667 -0.498039 0.00392163 -0.866667 -0.498039 0.00392163 -0.913725 -0.403922 0.00392163 -0.913725 -0.403922 0.00392163 -0.913725 -0.403922 0.00392163 -0.952941 -0.309804 0.00392163 -0.952941 -0.309804 0.00392163 -0.952941 -0.309804 0.00392163 -0.976471 -0.207843 0.00392163 -0.976471 -0.207843 0.00392163 -0.976471 -0.207843 0.00392163 -0.992157 -0.105882 0.00392163 -0.992157 -0.105882 0.00392163 -0.992157 -0.105882 0.00392163 -1 0.00392163 0.00392163 -1 0.00392163 0.00392163 -1 0.00392163 0.00392163 -0.992157 0.105882 0.00392163 -0.992157 0.105882 0.00392163 -0.992157 0.105882 0.00392163 -0.976471 0.207843 0.00392163 -0.976471 0.207843 0.00392163 -0.976471 0.207843 0.00392163 -0.952941 0.309804 0.00392163 -0.952941 0.309804 0.00392163 -0.952941 0.309804 0.00392163 -0.952941 0.309804 0.00392163 -0.913725 0.403922 0.00392163 -0.913725 0.403922 0.00392163 -0.913725 0.403922 0.00392163 -0.866667 0.498039 0.00392163 -0.866667 0.498039 0.00392163 -0.866667 0.498039 0.00392163 -0.811765 0.584314 0.00392163 -0.811765 0.584314 0.00392163 -0.811765 0.584314 0.00392163 -0.741176 0.670588 0.00392163 -0.741176 0.670588 0.00392163 -0.741176 0.670588 0.00392163 -0.670588 0.741177 0.00392163 -0.670588 0.741177 0.00392163 -0.670588 0.741177 0.00392163 -0.584314 0.811765 0.00392163 -0.584314 0.811765 0.00392163 -0.584314 0.811765 0.00392163 -0.498039 0.866667 0.00392163 -0.498039 0.866667 0.00392163 -0.498039 0.866667 0.00392163 -0.403922 0.913726 0.00392163 -0.403922 0.913726 0.00392163 -0.403922 0.913726 0.00392163 -0.403922 0.913726 0.00392163 -0.309804 0.952941 0.00392163 -0.309804 0.952941 0.00392163 -0.309804 0.952941 0.00392163 -0.207843 0.976471 0.00392163 -0.207843 0.976471 0.00392163 -0.207843 0.976471 0.00392163 -0.105882 0.992157 0.00392163 -0.105882 0.992157 0.00392163 -0.105882 0.992157 0.00392163 0.00392163 1 0.00392163 0.00392163 1 0.00392163 0.882353 0.47451 0.00392163 0.882353 0.47451 0.00392163 0.882353 0.47451 0.00392163 0.882353 -0.47451 0.00392163 0.882353 -0.47451 0.00392163 0.882353 -0.47451 0.00392163 -0.882353 -0.47451 0.00392163 -0.882353 -0.47451 0.00392163 -0.882353 -0.47451 0.00392163 -0.882353 0.47451 0.00392163 -0.882353 0.47451 0.00392163 -0.882353 0.47451 0.00392163 0.00392163 1 0.00392163 0.0980393 0.992157 0.00392163 0.0980393 0.992157 0.00392163 0.0980393 0.992157 0.00392163 0.192157 0.984314 0.00392163 0.192157 0.984314 0.00392163 0.192157 0.984314 0.00392163 0.294118 0.960784 0.00392163 0.294118 0.960784 0.00392163 0.294118 0.960784 0.00392163 0.380392 0.921569 0.00392163 0.380392 0.921569 0.00392163 0.380392 0.921569 0.00392163 0.47451 0.882353 0.00392163 0.47451 0.882353 0.00392163 0.47451 0.882353 0.00392163 0.552941 0.835294 0.00392163 0.552941 0.835294 0.00392163 0.552941 0.835294 0.00392163 0.631373 0.772549 0.00392163 0.631373 0.772549 0.00392163 0.631373 0.772549 0.00392163 0.709804 0.709804 0.00392163 0.709804 0.709804 0.00392163 0.709804 0.709804 0.00392163 0.709804 0.709804 0.00392163 0.772549 0.631373 0.00392163 0.772549 0.631373 0.00392163 0.772549 0.631373 0.00392163 0.835294 0.552941 0.00392163 0.835294 0.552941 0.00392163 0.835294 0.552941 0.00392163 0.882353 0.47451 0.00392163 0.882353 0.47451 0.00392163 0.882353 0.47451 0.00392163 0.921569 0.380392 0.00392163 0.921569 0.380392 0.00392163 0.921569 0.380392 0.00392163 0.960784 0.294118 0.00392163 0.960784 0.294118 0.00392163 0.960784 0.294118 0.00392163 0.984314 0.192157 0.00392163 0.984314 0.192157 0.00392163 0.984314 0.192157 0.00392163 0.992157 0.0980393 0.00392163 0.992157 0.0980393 0.00392163 0.992157 0.0980393 0.00392163 1 0.00392163 0.00392163 1 0.00392163 0.00392163 1 0.00392163 0.00392163 1 0.00392163 0.00392163 0.992157 -0.0980392 0.00392163 0.992157 -0.0980392 0.00392163 0.992157 -0.0980392 0.00392163 0.984314 -0.192157 0.00392163 0.984314 -0.192157 0.00392163 0.984314 -0.192157 0.00392163 0.960784 -0.294118 0.00392163 0.960784 -0.294118 0.00392163 0.960784 -0.294118 0.00392163 0.921569 -0.380392 0.00392163 0.921569 -0.380392 0.00392163 0.921569 -0.380392 0.00392163 0.882353 -0.47451 0.00392163 0.882353 -0.47451 0.00392163 0.882353 -0.47451 0.00392163 0.835294 -0.552941 0.00392163 0.835294 -0.552941 0.00392163 0.835294 -0.552941 0.00392163 0.772549 -0.631373 0.00392163 0.772549 -0.631373 0.00392163 0.772549 -0.631373 0.00392163 0.709804 -0.709804 0.00392163 0.709804 -0.709804 0.00392163 0.709804 -0.709804 0.00392163 0.709804 -0.709804 0.00392163 0.631373 -0.772549 0.00392163 0.631373 -0.772549 0.00392163 0.631373 -0.772549 0.00392163 0.552941 -0.835294 0.00392163 0.552941 -0.835294 0.00392163 0.552941 -0.835294 0.00392163 0.47451 -0.882353 0.00392163 0.47451 -0.882353 0.00392163 0.47451 -0.882353 0.00392163 0.380392 -0.921569 0.00392163 0.380392 -0.921569 0.00392163 0.380392 -0.921569 0.00392163 0.294118 -0.960784 0.00392163 0.294118 -0.960784 0.00392163 0.294118 -0.960784 0.00392163 0.192157 -0.984314 0.00392163 0.192157 -0.984314 0.00392163 0.192157 -0.984314 0.00392163 0.0980393 -0.992157 0.00392163 0.0980393 -0.992157 0.00392163 0.0980393 -0.992157 0.00392163 0.00392163 -1 0.00392163 0.00392163 -1 0.00392163 0.00392163 -1 0.00392163 0.00392163 -1 0.00392163 -0.0980392 -0.992157 0.00392163 -0.0980392 -0.992157 0.00392163 -0.0980392 -0.992157 0.00392163 -0.192157 -0.984314 0.00392163 -0.192157 -0.984314 0.00392163 -0.192157 -0.984314 0.00392163 -0.294118 -0.960784 0.00392163 -0.294118 -0.960784 0.00392163 -0.294118 -0.960784 0.00392163 -0.380392 -0.921569 0.00392163 -0.380392 -0.921569 0.00392163 -0.380392 -0.921569 0.00392163 -0.47451 -0.882353 0.00392163 -0.47451 -0.882353 0.00392163 -0.47451 -0.882353 0.00392163 -0.552941 -0.835294 0.00392163 -0.552941 -0.835294 0.00392163 -0.552941 -0.835294 0.00392163 -0.631373 -0.772549 0.00392163 -0.631373 -0.772549 0.00392163 -0.631373 -0.772549 0.00392163 -0.709804 -0.709804 0.00392163 -0.709804 -0.709804 0.00392163 -0.709804 -0.709804 0.00392163 -0.709804 -0.709804 0.00392163 -0.772549 -0.631373 0.00392163 -0.772549 -0.631373 0.00392163 -0.772549 -0.631373 0.00392163 -0.835294 -0.552941 0.00392163 -0.835294 -0.552941 0.00392163 -0.835294 -0.552941 0.00392163 -0.882353 -0.47451 0.00392163 -0.882353 -0.47451 0.00392163 -0.882353 -0.47451 0.00392163 -0.921569 -0.380392 0.00392163 -0.921569 -0.380392 0.00392163 -0.921569 -0.380392 0.00392163 -0.960784 -0.294118 0.00392163 -0.960784 -0.294118 0.00392163 -0.960784 -0.294118 0.00392163 -0.984314 -0.192157 0.00392163 -0.984314 -0.192157 0.00392163 -0.984314 -0.192157 0.00392163 -0.992157 -0.0980392 0.00392163 -0.992157 -0.0980392 0.00392163 -0.992157 -0.0980392 0.00392163 -1 0.00392163 0.00392163 -1 0.00392163 0.00392163 -1 0.00392163 0.00392163 -1 0.00392163 0.00392163 -0.992157 0.0980393 0.00392163 -0.992157 0.0980393 0.00392163 -0.992157 0.0980393 0.00392163 -0.984314 0.192157 0.00392163 -0.984314 0.192157 0.00392163 -0.984314 0.192157 0.00392163 -0.960784 0.294118 0.00392163 -0.960784 0.294118 0.00392163 -0.960784 0.294118 0.00392163 -0.921569 0.380392 0.00392163 -0.921569 0.380392 0.00392163 -0.921569 0.380392 0.00392163 -0.882353 0.47451 0.00392163 -0.882353 0.47451 0.00392163 -0.882353 0.47451 0.00392163 -0.835294 0.552941 0.00392163 -0.835294 0.552941 0.00392163 -0.835294 0.552941 0.00392163 -0.772549 0.631373 0.00392163 -0.772549 0.631373 0.00392163 -0.772549 0.631373 0.00392163 -0.709804 0.709804 0.00392163 -0.709804 0.709804 0.00392163 -0.709804 0.709804 0.00392163 -0.709804 0.709804 0.00392163 -0.631373 0.772549 0.00392163 -0.631373 0.772549 0.00392163 -0.631373 0.772549 0.00392163 -0.552941 0.835294 0.00392163 -0.552941 0.835294 0.00392163 -0.552941 0.835294 0.00392163 -0.47451 0.882353 0.00392163 -0.47451 0.882353 0.00392163 -0.47451 0.882353 0.00392163 -0.380392 0.921569 0.00392163 -0.380392 0.921569 0.00392163 -0.380392 0.921569 0.00392163 -0.294118 0.960784 0.00392163 -0.294118 0.960784 0.00392163 -0.294118 0.960784 0.00392163 -0.192157 0.984314 0.00392163 -0.192157 0.984314 0.00392163 -0.192157 0.984314 0.00392163 -0.0980392 0.992157 0.00392163 -0.0980392 0.992157 0.00392163 -0.0980392 0.992157 0.00392163 0.00392163 1 0.00392163 0.00392163 1 0.00392163 0.00392163 1 0.129412 0.00392163 -0.992157 0.129412 0.00392163 -0.992157 0.129412 0.00392163 -0.992157 0.0980393 -0.145098 -0.984314 0.113726 -0.176471 -0.976471 0.113726 -0.176471 -0.976471 0.113726 -0.176471 -0.976471 0.152941 -0.262745 -0.952941 0.152941 -0.262745 -0.952941 0.082353 -0.937255 -0.333333 0.082353 -0.937255 -0.333333 0.082353 -0.921569 -0.380392 0.082353 0.937255 -0.333333 0.082353 0.937255 -0.333333 0.082353 0.921569 -0.380392 0.152941 0.262745 -0.952941 0.152941 0.262745 -0.952941 0.113726 0.176471 -0.976471 0.113726 0.176471 -0.976471 0.113726 0.176471 -0.976471 0.0980393 0.145098 -0.984314 0.00392163 0.00392163 -1 0.00392163 0.00392163 -1 0.00392163 0.00392163 -1 0.00392163 0.00392163 -1 0.00392163 0.00392163 -1 0.00392163 0.00392163 -1 0.00392163 0.00392163 -1 0.00392163 0.00392163 -1 0.00392163 0.00392163 -1 0.00392163 0.00392163 -1 0.00392163 0.00392163 -1 0.00392163 0.00392163 -1 0.00392163 0.00392163 -1 0.00392163 0.00392163 -1 0.00392163 0.00392163 -1 0.00392163 0.00392163 -1 0.160784 -0.0666666 -0.984314 0.121569 -0.129412 -0.984314 0.113726 -0.137255 -0.984314 0.113726 -0.137255 -0.984314 0.113726 -0.137255 -0.984314 0.0980393 -0.145098 -0.984314 0.0980393 0.145098 -0.984314 0.0980393 0.145098 -0.984314 0.113726 0.137255 -0.984314 0.113726 0.137255 -0.984314 0.113726 0.137255 -0.984314 0.121569 0.129412 -0.984314 0.160784 0.0666667 -0.984314 0.00392163 0.00392163 -1 0.00392163 0.00392163 -1 0.00392163 0.00392163 -1 0.00392163 0.00392163 -1 0.00392163 0.00392163 -1 0.00392163 0.00392163 -1 0.00392163 0.00392163 -1 0.00392163 0.00392163 -1 0.00392163 0.00392163 -1 0.00392163 0.00392163 -1 0.160784 -0.0666666 -0.984314 0.160784 -0.0666666 -0.984314 0.160784 -0.0666666 -0.984314 0.160784 -0.0745097 -0.984314 0.160784 -0.0745097 -0.984314 0.160784 -0.0745097 -0.984314 0.152941 -0.090196 -0.984314 0.152941 -0.090196 -0.984314 0.152941 -0.090196 -0.984314 0.145098 -0.0980392 -0.984314 0.145098 -0.0980392 -0.984314 0.145098 -0.0980392 -0.984314 0.137255 -0.105882 -0.984314 0.137255 -0.105882 -0.984314 0.137255 -0.105882 -0.984314 0.129412 -0.121569 -0.984314 0.129412 -0.121569 -0.984314 0.129412 -0.121569 -0.984314 0.121569 -0.129412 -0.984314 0.121569 -0.129412 -0.984314 0.121569 0.129412 -0.984314 0.121569 0.129412 -0.984314 0.129412 0.121569 -0.984314 0.129412 0.121569 -0.984314 0.129412 0.121569 -0.984314 0.137255 0.105882 -0.984314 0.137255 0.105882 -0.984314 0.137255 0.105882 -0.984314 0.145098 0.0980393 -0.984314 0.145098 0.0980393 -0.984314 0.145098 0.0980393 -0.984314 0.152941 0.0901961 -0.984314 0.152941 0.0901961 -0.984314 0.152941 0.0901961 -0.984314 0.160784 0.0745099 -0.984314 0.160784 0.0745099 -0.984314 0.160784 0.0745099 -0.984314 0.160784 0.0666667 -0.984314 0.160784 0.0666667 -0.984314 0.160784 0.0666667 -0.984314 0.129412 0.00392163 0.992157 0.129412 0.00392163 0.992157 0.129412 0.00392163 0.992157 0.0980393 0.145098 0.984314 0.113726 0.176471 0.976471 0.113726 0.176471 0.976471 0.113726 0.176471 0.976471 0.152941 0.262745 0.952941 0.152941 0.262745 0.952941 0.082353 0.937255 0.333333 0.082353 0.937255 0.333333 0.082353 0.921569 0.380392 0.082353 -0.937255 0.333333 0.082353 -0.937255 0.333333 0.082353 -0.921569 0.380392 0.152941 -0.262745 0.952941 0.152941 -0.262745 0.952941 0.113726 -0.176471 0.976471 0.113726 -0.176471 0.976471 0.113726 -0.176471 0.976471 0.0980393 -0.145098 0.984314 0.00392163 0.00392163 1 0.00392163 0.00392163 1 0.00392163 0.00392163 1 0.00392163 0.00392163 1 0.00392163 0.00392163 1 0.00392163 0.00392163 1 0.00392163 0.00392163 1 0.00392163 0.00392163 1 0.00392163 0.00392163 1 0.00392163 0.00392163 1 0.00392163 0.00392163 1 0.00392163 0.00392163 1 0.00392163 0.00392163 1 0.00392163 0.00392163 1 0.00392163 0.00392163 1 0.00392163 0.00392163 1 0.160784 0.0666667 0.984314 0.121569 0.129412 0.984314 0.113726 0.137255 0.984314 0.113726 0.137255 0.984314 0.113726 0.137255 0.984314 0.0980393 0.145098 0.984314 0.0980393 -0.145098 0.984314 0.0980393 -0.145098 0.984314 0.113726 -0.137255 0.984314 0.113726 -0.137255 0.984314 0.113726 -0.137255 0.984314 0.121569 -0.129412 0.984314 0.160784 -0.0666666 0.984314 0.00392163 0.00392163 1 0.00392163 0.00392163 1 0.00392163 0.00392163 1 0.00392163 0.00392163 1 0.00392163 0.00392163 1 0.00392163 0.00392163 1 0.00392163 0.00392163 1 0.00392163 0.00392163 1 0.00392163 0.00392163 1 0.00392163 0.00392163 1 0.160784 0.0666667 0.984314 0.160784 0.0666667 0.984314 0.160784 0.0666667 0.984314 0.160784 0.0745099 0.984314 0.160784 0.0745099 0.984314 0.160784 0.0745099 0.984314 0.152941 0.0901961 0.984314 0.152941 0.0901961 0.984314 0.152941 0.0901961 0.984314 0.145098 0.0980393 0.984314 0.145098 0.0980393 0.984314 0.145098 0.0980393 0.984314 0.137255 0.105882 0.984314 0.137255 0.105882 0.984314 0.137255 0.105882 0.984314 0.129412 0.121569 0.984314 0.129412 0.121569 0.984314 0.129412 0.121569 0.984314 0.121569 0.129412 0.984314 0.121569 0.129412 0.984314 0.121569 -0.129412 0.984314 0.121569 -0.129412 0.984314 0.129412 -0.121569 0.984314 0.129412 -0.121569 0.984314 0.129412 -0.121569 0.984314 0.137255 -0.105882 0.984314 0.137255 -0.105882 0.984314 0.137255 -0.105882 0.984314 0.145098 -0.0980392 0.984314 0.145098 -0.0980392 0.984314 0.145098 -0.0980392 0.984314 0.152941 -0.090196 0.984314 0.152941 -0.090196 0.984314 0.152941 -0.090196 0.984314 0.160784 -0.0745097 0.984314 0.160784 -0.0745097 0.984314 0.160784 -0.0745097 0.984314 0.160784 -0.0666666 0.984314 0.160784 -0.0666666 0.984314 0.160784 -0.0666666 0.984314 0.00392163 0.00392163 -1 0.00392163 0.00392163 -1 0.00392163 0.00392163 -1 0.00392163 0.00392163 1 0.00392163 0.00392163 1 0.00392163 0.00392163 1 -0.0274509 1 0.00392163 -0.0274509 1 0.00392163 -0.0274509 1 0.00392163 0.082353 1 0.00392163 0.082353 1 0.00392163 0.082353 1 0.00392163 0.082353 -1 0.00392163 0.082353 -1 0.00392163 0.082353 -1 0.00392163 -0.0274509 -1 0.00392163 -0.0274509 -1 0.00392163 -0.0274509 -1 0.00392163 0.082353 1 0.00392163 0.082353 1 0.00392163 0.027451 1 0.00392163 -0.0823529 1 0.00392163 -0.0274509 1 0.00392163 -0.0823529 1 0.00392163 -0.0823529 -1 0.00392163 -0.0823529 -1 0.00392163 -0.0274509 -1 0.00392163 0.027451 -1 0.00392163 0.082353 -1 0.00392163 0.082353 -1 0.00392163 0.00392163 0.866667 -0.498039 0.00392163 0.866667 -0.498039 0.00392163 0.866667 -0.498039 0.00392163 0.866667 0.498039 0.00392163 0.866667 0.498039 0.00392163 0.866667 0.498039 0.00392163 -0.866667 0.498039 0.00392163 -0.866667 0.498039 0.00392163 -0.866667 0.498039 0.00392163 -0.866667 -0.498039 0.00392163 -0.866667 -0.498039 0.00392163 -0.866667 -0.498039 0.00392163 0.811765 -0.584314 0.00392163 0.811765 -0.584314 0.00392163 0.866667 -0.498039 0.00392163 0.866667 -0.498039 0.00392163 0.866667 -0.498039 0.00392163 0.913726 -0.403922 0.00392163 0.913726 -0.403922 0.00392163 0.913726 -0.403922 0.00392163 0.952941 -0.309804 0.00392163 0.952941 -0.309804 0.00392163 0.952941 -0.309804 0.00392163 0.976471 -0.207843 0.00392163 0.976471 -0.207843 0.00392163 0.976471 -0.207843 0.00392163 0.992157 -0.105882 0.00392163 0.992157 -0.105882 0.00392163 0.992157 -0.105882 0.00392163 1 0.00392163 0.00392163 1 0.00392163 0.00392163 0.992157 0.105882 0.00392163 0.992157 0.105882 0.00392163 0.992157 0.105882 0.00392163 0.976471 0.207843 0.00392163 0.976471 0.207843 0.00392163 0.976471 0.207843 0.00392163 0.952941 0.309804 0.00392163 0.952941 0.309804 0.00392163 0.952941 0.309804 0.00392163 0.913726 0.403922 0.00392163 0.913726 0.403922 0.00392163 0.913726 0.403922 0.00392163 0.866667 0.498039 0.00392163 0.866667 0.498039 0.00392163 0.866667 0.498039 0.00392163 0.811765 0.584314 0.00392163 0.811765 0.584314 -0.00392151 0.811765 0.584314 0.00392163 0.741177 0.670588 0.00392163 0.741177 0.670588 0.00392163 0.741177 0.670588 0.00392163 0.741177 0.670588 0.00392163 0.670588 0.741177 0.00392163 0.670588 0.741177 0.00392163 0.670588 0.741177 0.00392163 0.592157 0.811765 0.00392163 0.592157 0.811765 0.00392163 0.592157 0.811765 0.00392163 0.498039 0.866667 0.00392163 0.498039 0.866667 0.00392163 0.498039 0.866667 0.00392163 0.403922 0.913726 0.00392163 0.403922 0.913726 0.00392163 0.403922 0.913726 0.00392163 0.309804 0.952941 0.00392163 0.309804 0.952941 0.00392163 0.309804 0.952941 0.00392163 0.309804 0.952941 0.00392163 0.207843 0.976471 0.00392163 0.207843 0.976471 0.00392163 0.207843 0.976471 0.00392163 0.105882 0.992157 0.00392163 0.105882 0.992157 0.00392163 0.105882 0.992157 0.00392163 0.00392163 1 0.00392163 0.00392163 1 0.00392163 0.00392163 1 0.00392163 -0.105882 0.992157 0.00392163 -0.105882 0.992157 0.00392163 -0.105882 0.992157 0.00392163 -0.207843 0.976471 0.00392163 -0.207843 0.976471 0.00392163 -0.207843 0.976471 0.00392163 -0.309804 0.952941 0.00392163 -0.309804 0.952941 0.00392163 -0.309804 0.952941 0.00392163 -0.403922 0.913726 0.00392163 -0.403922 0.913726 0.00392163 -0.403922 0.913726 0.00392163 -0.403922 0.913726 0.00392163 -0.498039 0.866667 0.00392163 -0.498039 0.866667 0.00392163 -0.498039 0.866667 0.00392163 -0.592157 0.811765 0.00392163 -0.592157 0.811765 0.00392163 -0.592157 0.811765 0.00392163 -0.670588 0.741177 0.00392163 -0.670588 0.741177 0.00392163 -0.670588 0.741177 0.00392163 -0.741176 0.670588 0.00392163 -0.741176 0.670588 0.00392163 -0.741176 0.670588 0.00392163 -0.741176 0.670588 -0.00392151 -0.811765 0.584314 0.00392163 -0.811765 0.584314 0.00392163 -0.811765 0.584314 0.00392163 -0.866667 0.498039 0.00392163 -0.866667 0.498039 0.00392163 -0.866667 0.498039 0.00392163 -0.913725 0.403922 0.00392163 -0.913725 0.403922 0.00392163 -0.913725 0.403922 0.00392163 -0.952941 0.309804 0.00392163 -0.952941 0.309804 0.00392163 -0.952941 0.309804 0.00392163 -0.976471 0.207843 0.00392163 -0.976471 0.207843 0.00392163 -0.976471 0.207843 0.00392163 -0.992157 0.105882 0.00392163 -0.992157 0.105882 0.00392163 -0.992157 0.105882 0.00392163 -1 0.00392163 0.00392163 -1 0.00392163 0.00392163 -0.992157 -0.105882 0.00392163 -0.992157 -0.105882 0.00392163 -0.992157 -0.105882 0.00392163 -0.976471 -0.207843 0.00392163 -0.976471 -0.207843 0.00392163 -0.976471 -0.207843 0.00392163 -0.952941 -0.309804 0.00392163 -0.952941 -0.309804 0.00392163 -0.952941 -0.309804 0.00392163 -0.913725 -0.403922 0.00392163 -0.913725 -0.403922 0.00392163 -0.913725 -0.403922 0.00392163 -0.866667 -0.498039 0.00392163 -0.866667 -0.498039 0.00392163 -0.866667 -0.498039 0.00392163 -0.811765 -0.584314 0.00392163 -0.811765 -0.584314 -0.00392151 -0.811765 -0.584314 0.00392163 -0.741176 -0.670588 0.00392163 -0.741176 -0.670588 0.00392163 -0.741176 -0.670588 0.00392163 -0.741176 -0.670588 0.00392163 -0.670588 -0.741176 0.00392163 -0.670588 -0.741176 0.00392163 -0.670588 -0.741176 0.00392163 -0.592157 -0.811765 0.00392163 -0.592157 -0.811765 0.00392163 -0.592157 -0.811765 0.00392163 -0.592157 -0.811765 0.00392163 -0.498039 -0.866667 0.00392163 -0.498039 -0.866667 0.00392163 -0.498039 -0.866667 0.00392163 -0.403922 -0.913725 0.00392163 -0.403922 -0.913725 0.00392163 -0.403922 -0.913725 0.00392163 -0.309804 -0.952941 0.00392163 -0.309804 -0.952941 0.00392163 -0.309804 -0.952941 0.00392163 -0.207843 -0.976471 0.00392163 -0.207843 -0.976471 0.00392163 -0.207843 -0.976471 0.00392163 -0.105882 -0.992157 0.00392163 -0.105882 -0.992157 0.00392163 -0.105882 -0.992157 0.00392163 0.00392163 -1 0.00392163 0.00392163 -1 0.00392163 0.00392163 -1 0.00392163 0.00392163 -1 0.00392163 0.105882 -0.992157 0.00392163 0.105882 -0.992157 0.00392163 0.105882 -0.992157 0.00392163 0.207843 -0.976471 0.00392163 0.207843 -0.976471 0.00392163 0.207843 -0.976471 0.00392163 0.309804 -0.952941 0.00392163 0.309804 -0.952941 0.00392163 0.309804 -0.952941 0.00392163 0.403922 -0.913725 0.00392163 0.403922 -0.913725 0.00392163 0.403922 -0.913725 0.00392163 0.498039 -0.866667 0.00392163 0.498039 -0.866667 0.00392163 0.498039 -0.866667 0.00392163 0.592157 -0.811765 0.00392163 0.592157 -0.811765 0.00392163 0.592157 -0.811765 0.00392163 0.670588 -0.741176 0.00392163 0.670588 -0.741176 0.00392163 0.670588 -0.741176 0.00392163 0.670588 -0.741176 0.00392163 0.741177 -0.670588 0.00392163 0.741177 -0.670588 0.00392163 0.741177 -0.670588 0.00392163 0.741177 -0.670588 -0.00392151 0.811765 -0.584314 0.00392163 -0.843137 -0.537255 0.00392163 -0.843137 -0.537255 0.00392163 -0.843137 -0.537255 0.00392163 0.843137 -0.537255 0.00392163 0.843137 -0.537255 0.00392163 0.843137 -0.537255 0.00392163 0.843137 0.537255 0.00392163 0.843137 0.537255 0.00392163 0.843137 0.537255 0.00392163 -0.843137 0.537255 0.00392163 -0.843137 0.537255 0.00392163 -0.843137 0.537255 </float_array>
					<technique_common>
						<accessor count="7641" source="#geo_0-Normals-array" stride="3">
							<param name="X" type="float"/>
							<param name="Y" type="float"/>
							<param name="Z" type="float"/>
						</accessor>
					</technique_common>
				</source>
				<vertices id="geo_0-Vertex">
					<input semantic="POSITION" source="#geo_0-Position"/>
				</vertices>
				<triangles count="8972" material="R179_G0_B0">
					<input offset="0" semantic="VERTEX" source="#geo_0-Vertex"/>
					<input offset="1" semantic="NORMAL"  source="#geo_0-Normals"/>
					<p>0 0 1 1 112 112 112 112 1 1 2 2 112 112 2 2 113 113 113 113 2 2 3 3 113 113 3 3 114 114 114 114 3 3 4 4 114 114 4 4 115 115 115 115 4 4 5 5 115 115 5 5 116 116 116 116 5 5 6 6 116 116 6 6 117 117 117 117 6 6 7 7 117 117 7 7 118 118 118 118 7 7 8 8 118 118 8 8 119 119 119 119 8 8 9 9 119 119 9 9 120 120 120 120 9 9 121 121 121 121 9 9 10 10 121 121 10 10 122 122 122 122 10 10 123 123 123 123 10 10 124 124 124 124 10 10 125 125 125 125 10 10 11 11 125 125 11 11 126 126 126 126 11 11 12 12 126 126 12 12 127 127 127 127 12 12 128 128 128 128 12 12 129 129 129 129 12 12 130 130 130 130 12 12 131 131 131 131 12 12 132 132 132 132 12 12 133 133 133 133 12 12 134 134 134 134 12 12 135 135 135 135 12 12 136 136 136 136 12 12 137 137 137 137 12 12 138 138 138 138 12 12 139 139 139 139 12 12 13 13 139 139 13 13 140 140 5705 5705 5706 5706 14 14 5707 5707 14 14 141 141 141 141 14 14 15 15 141 141 15 15 142 142 142 142 15 15 16 16 142 142 16 16 143 143 143 143 16 16 17 17 143 143 17 17 144 144 144 144 17 17 18 18 144 144 18 18 145 145 145 145 18 18 19 19 145 145 19 19 146 146 146 146 19 19 20 20 146 146 20 20 147 147 147 147 20 20 21 21 147 147 21 21 148 148 148 148 21 21 22 22 148 148 22 22 149 149 149 149 22 22 23 23 149 149 23 23 150 150 150 150 23 23 24 24 150 150 24 24 151 151 151 151 24 24 25 25 151 151 25 25 152 152 152 152 25 25 26 26 152 152 26 26 153 153 153 153 26 26 27 27 153 153 27 27 154 154 154 154 27 27 28 28 154 154 28 28 155 155 155 155 28 28 29 29 155 155 29 29 156 156 156 156 29 29 30 30 156 156 30 30 157 157 157 157 30 30 31 31 157 157 31 31 158 158 158 158 31 31 32 32 158 158 32 32 159 159 159 159 32 32 33 33 159 159 33 33 160 160 160 160 33 33 34 34 160 160 34 34 161 161 161 161 34 34 35 35 161 161 35 35 162 162 162 162 35 35 36 36 162 162 36 36 163 163 163 163 36 36 37 37 163 163 37 37 164 164 164 164 37 37 38 38 164 164 38 38 165 165 165 165 38 38 39 39 165 165 39 39 166 166 166 166 39 39 40 40 166 166 40 40 167 167 167 167 40 40 41 41 167 167 41 41 168 168 168 168 41 41 42 42 168 168 42 42 169 169 169 169 42 42 43 43 169 169 43 43 170 170 170 170 43 43 44 44 170 170 44 44 171 171 171 171 44 44 45 45 171 171 45 45 172 172 172 172 45 45 5708 5708 172 172 5709 5709 5710 5710 173 173 46 46 47 47 173 173 47 47 174 174 174 174 47 47 175 175 175 175 47 47 176 176 176 176 47 47 177 177 177 177 47 47 178 178 178 178 47 47 179 179 179 179 47 47 180 180 180 180 47 47 181 181 181 181 47 47 182 182 182 182 47 47 183 183 183 183 47 47 184 184 184 184 47 47 185 185 185 185 47 47 186 186 186 186 47 47 187 187 187 187 47 47 48 48 187 187 48 48 188 188 188 188 48 48 49 49 188 188 49 49 189 189 189 189 49 49 190 190 190 190 49 49 191 191 191 191 49 49 192 192 192 192 49 49 50 50 192 192 50 50 193 193 193 193 50 50 194 194 194 194 50 50 51 51 194 194 51 51 195 195 195 195 51 51 52 52 195 195 52 52 196 196 196 196 52 52 53 53 196 196 53 53 197 197 197 197 53 53 54 54 197 197 54 54 198 198 198 198 54 54 55 55 198 198 55 55 199 199 199 199 55 55 56 56 199 199 56 56 200 200 200 200 56 56 57 57 200 200 57 57 58 58 200 200 58 58 201 201 201 201 58 58 59 59 201 201 59 59 202 202 202 202 59 59 60 60 202 202 60 60 203 203 203 203 60 60 61 61 203 203 61 61 204 204 204 204 61 61 62 62 204 204 62 62 205 205 205 205 62 62 63 63 205 205 63 63 206 206 206 206 63 63 64 64 206 206 64 64 207 207 207 207 64 64 65 65 207 207 65 65 208 208 208 208 65 65 209 209 209 209 65 65 66 66 209 209 66 66 210 210 210 210 66 66 211 211 211 211 66 66 212 212 212 212 66 66 213 213 213 213 66 66 67 67 213 213 67 67 214 214 214 214 67 67 68 68 214 214 68 68 215 215 215 215 68 68 216 216 216 216 68 68 217 217 217 217 68 68 218 218 218 218 68 68 219 219 219 219 68 68 220 220 220 220 68 68 221 221 221 221 68 68 222 222 222 222 68 68 223 223 223 223 68 68 224 224 224 224 68 68 225 225 225 225 68 68 226 226 226 226 68 68 227 227 227 227 68 68 69 69 227 227 69 69 228 228 5711 5711 5712 5712 70 70 5713 5713 70 70 229 229 229 229 70 70 71 71 229 229 71 71 230 230 230 230 71 71 72 72 230 230 72 72 231 231 231 231 72 72 73 73 231 231 73 73 232 232 232 232 73 73 74 74 232 232 74 74 233 233 233 233 74 74 75 75 233 233 75 75 234 234 234 234 75 75 76 76 234 234 76 76 235 235 235 235 76 76 77 77 235 235 77 77 236 236 236 236 77 77 78 78 236 236 78 78 237 237 237 237 78 78 79 79 237 237 79 79 238 238 238 238 79 79 80 80 238 238 80 80 239 239 239 239 80 80 81 81 239 239 81 81 240 240 240 240 81 81 82 82 240 240 82 82 241 241 241 241 82 82 83 83 241 241 83 83 242 242 242 242 83 83 84 84 242 242 84 84 243 243 243 243 84 84 85 85 243 243 85 85 244 244 244 244 85 85 86 86 244 244 86 86 245 245 245 245 86 86 87 87 245 245 87 87 246 246 246 246 87 87 88 88 246 246 88 88 247 247 247 247 88 88 89 89 247 247 89 89 248 248 248 248 89 89 90 90 248 248 90 90 249 249 249 249 90 90 91 91 249 249 91 91 250 250 250 250 91 91 92 92 250 250 92 92 251 251 251 251 92 92 93 93 251 251 93 93 252 252 252 252 93 93 94 94 252 252 94 94 253 253 253 253 94 94 95 95 253 253 95 95 254 254 254 254 95 95 96 96 254 254 96 96 255 255 255 255 96 96 97 97 255 255 97 97 256 256 256 256 97 97 98 98 256 256 98 98 257 257 257 257 98 98 99 99 257 257 99 99 258 258 258 258 99 99 100 100 258 258 100 100 259 259 259 259 100 100 101 101 259 259 101 101 260 260 260 260 101 101 5714 5714 260 260 5715 5715 5716 5716 261 261 102 102 103 103 261 261 103 103 262 262 262 262 103 103 263 263 263 263 103 103 264 264 264 264 103 103 265 265 265 265 103 103 266 266 266 266 103 103 267 267 267 267 103 103 268 268 268 268 103 103 269 269 269 269 103 103 270 270 270 270 103 103 271 271 271 271 103 103 272 272 272 272 103 103 273 273 273 273 103 103 274 274 274 274 103 103 275 275 275 275 103 103 104 104 275 275 104 104 276 276 276 276 104 104 105 105 276 276 105 105 277 277 277 277 105 105 278 278 278 278 105 105 279 279 279 279 105 105 280 280 280 280 105 105 106 106 280 280 106 106 281 281 281 281 106 106 282 282 282 282 106 106 107 107 282 282 107 107 283 283 283 283 107 107 108 108 283 283 108 108 284 284 284 284 108 108 109 109 284 284 109 109 285 285 285 285 109 109 110 110 285 285 110 110 286 286 286 286 110 110 111 111 286 286 111 111 287 287 287 287 111 111 0 0 287 287 0 0 112 112 288 288 289 289 296 296 296 296 289 289 297 297 297 297 289 289 298 298 5717 5717 5718 5718 299 299 299 299 5719 5719 5720 5720 299 299 5721 5721 300 300 300 300 5722 5722 5723 5723 300 300 5724 5724 5725 5725 301 301 291 291 292 292 301 301 292 292 302 302 302 302 292 292 293 293 302 302 293 293 303 303 303 303 293 293 304 304 304 304 293 293 305 305 305 305 293 293 294 294 305 305 294 294 306 306 306 306 294 294 295 295 306 306 295 295 307 307 307 307 295 295 288 288 307 307 288 288 308 308 308 308 288 288 309 309 309 309 288 288 296 296 310 310 297 297 311 311 311 311 297 297 312 312 312 312 297 297 313 313 313 313 297 297 314 314 314 314 297 297 315 315 315 315 297 297 316 316 316 316 297 297 317 317 317 317 297 297 298 298 5726 5726 5727 5727 318 318 318 318 5728 5728 299 299 318 318 299 299 319 319 319 319 299 299 320 320 320 320 299 299 300 300 320 320 300 300 321 321 321 321 300 300 5729 5729 321 321 5730 5730 322 322 322 322 5731 5731 5732 5732 322 322 5733 5733 323 323 323 323 5734 5734 5735 5735 323 323 5736 5736 5737 5737 324 324 303 303 325 325 325 325 303 303 304 304 325 325 304 304 324 324 326 326 308 308 309 309 326 326 309 309 327 327 327 327 309 309 328 328 411 411 310 310 412 412 412 412 310 310 413 413 413 413 310 310 414 414 414 414 310 310 415 415 415 415 310 310 416 416 416 416 310 310 417 417 417 417 310 310 418 418 418 418 310 310 419 419 419 419 310 310 311 311 5738 5738 5739 5739 420 420 420 420 5740 5740 421 421 421 421 5741 5741 5742 5742 421 421 5743 5743 422 422 422 422 5744 5744 5745 5745 422 422 5746 5746 5747 5747 422 422 5748 5748 423 423 423 423 5749 5749 5750 5750 423 423 5751 5751 424 424 424 424 5752 5752 425 425 425 425 5753 5753 5754 5754 425 425 5755 5755 426 426 426 426 5756 5756 5757 5757 426 426 5758 5758 318 318 426 426 318 318 427 427 427 427 318 318 319 319 427 427 319 319 428 428 428 428 319 319 429 429 429 429 319 319 320 320 429 429 320 320 430 430 430 430 320 320 321 321 430 430 321 321 431 431 431 431 321 321 322 322 431 431 322 322 432 432 432 432 322 322 323 323 432 432 323 323 433 433 433 433 323 323 5759 5759 5760 5760 323 323 5761 5761 434 434 324 324 435 435 435 435 324 324 436 436 601 601 327 327 328 328 601 601 328 328 600 600 600 600 328 328 599 599 599 599 328 328 598 598 598 598 328 328 329 329 598 598 329 329 597 597 597 597 329 329 596 596 596 596 329 329 330 330 596 596 330 330 331 331 596 596 331 331 332 332 596 596 332 332 595 595 595 595 332 332 333 333 5762 5762 5763 5763 334 334 5764 5764 334 334 594 594 594 594 334 334 335 335 594 594 335 335 593 593 593 593 335 335 336 336 593 593 336 336 592 592 592 592 336 336 337 337 592 592 337 337 591 591 591 591 337 337 338 338 591 591 338 338 590 590 590 590 338 338 339 339 590 590 339 339 589 589 589 589 339 339 340 340 589 589 340 340 588 588 588 588 340 340 341 341 588 588 341 341 587 587 587 587 341 341 342 342 587 587 342 342 586 586 586 586 342 342 343 343 586 586 343 343 585 585 585 585 343 343 344 344 585 585 344 344 584 584 584 584 344 344 345 345 584 584 345 345 583 583 583 583 345 345 346 346 583 583 346 346 582 582 582 582 346 346 347 347 582 582 347 347 581 581 581 581 347 347 348 348 581 581 348 348 580 580 580 580 348 348 349 349 580 580 349 349 579 579 579 579 349 349 350 350 579 579 350 350 578 578 578 578 350 350 351 351 578 578 351 351 577 577 577 577 351 351 352 352 577 577 352 352 576 576 576 576 352 352 353 353 576 576 353 353 575 575 575 575 353 353 354 354 575 575 354 354 574 574 574 574 354 354 355 355 574 574 355 355 573 573 573 573 355 355 356 356 573 573 356 356 572 572 572 572 356 356 357 357 572 572 357 357 571 571 571 571 357 357 358 358 571 571 358 358 570 570 570 570 358 358 359 359 570 570 359 359 569 569 569 569 359 359 5765 5765 569 569 5766 5766 5767 5767 568 568 360 360 361 361 568 568 361 361 567 567 567 567 361 361 362 362 567 567 362 362 363 363 567 567 363 363 364 364 567 567 364 364 566 566 566 566 364 364 565 565 565 565 364 364 365 365 565 565 365 365 564 564 564 564 365 365 563 563 563 563 365 365 562 562 562 562 365 365 561 561 561 561 365 365 366 366 561 561 366 366 560 560 560 560 366 366 559 559 559 559 366 366 602 602 602 602 366 366 367 367 602 602 367 367 603 603 603 603 367 367 368 368 603 603 368 368 604 604 604 604 368 368 605 605 605 605 368 368 606 606 606 606 368 368 607 607 607 607 368 368 608 608 608 608 368 368 609 609 609 609 368 368 610 610 610 610 368 368 611 611 611 611 368 368 369 369 611 611 369 369 612 612 612 612 369 369 613 613 613 613 369 369 614 614 614 614 369 369 615 615 615 615 369 369 616 616 616 616 369 369 617 617 617 617 369 369 618 618 618 618 369 369 619 619 619 619 369 369 370 370 619 619 370 370 620 620 620 620 370 370 371 371 620 620 371 371 517 517 517 517 371 371 516 516 516 516 371 371 515 515 515 515 371 371 372 372 515 515 372 372 514 514 514 514 372 372 513 513 513 513 372 372 512 512 512 512 372 372 511 511 511 511 372 372 373 373 511 511 373 373 510 510 510 510 373 373 509 509 509 509 373 373 374 374 509 509 374 374 375 375 509 509 375 375 376 376 509 509 376 376 508 508 508 508 376 376 377 377 5768 5768 5769 5769 378 378 5770 5770 378 378 507 507 507 507 378 378 379 379 507 507 379 379 506 506 506 506 379 379 380 380 506 506 380 380 505 505 505 505 380 380 381 381 505 505 381 381 504 504 504 504 381 381 382 382 504 504 382 382 503 503 503 503 382 382 383 383 503 503 383 383 502 502 502 502 383 383 384 384 502 502 384 384 501 501 501 501 384 384 385 385 501 501 385 385 500 500 500 500 385 385 386 386 500 500 386 386 499 499 499 499 386 386 387 387 499 499 387 387 498 498 498 498 387 387 388 388 498 498 388 388 497 497 497 497 388 388 389 389 497 497 389 389 496 496 496 496 389 389 390 390 496 496 390 390 495 495 495 495 390 390 391 391 495 495 391 391 494 494 494 494 391 391 392 392 494 494 392 392 493 493 493 493 392 392 393 393 493 493 393 393 492 492 492 492 393 393 394 394 492 492 394 394 491 491 491 491 394 394 395 395 491 491 395 395 490 490 490 490 395 395 396 396 490 490 396 396 489 489 489 489 396 396 397 397 489 489 397 397 488 488 488 488 397 397 398 398 488 488 398 398 487 487 487 487 398 398 399 399 487 487 399 399 486 486 486 486 399 399 400 400 486 486 400 400 485 485 485 485 400 400 401 401 485 485 401 401 484 484 484 484 401 401 402 402 484 484 402 402 483 483 483 483 402 402 403 403 483 483 403 403 482 482 482 482 403 403 5771 5771 482 482 5772 5772 5773 5773 481 481 404 404 405 405 481 481 405 405 480 480 480 480 405 405 406 406 480 480 406 406 407 407 480 480 407 407 408 408 480 480 408 408 479 479 479 479 408 408 478 478 478 478 408 408 409 409 478 478 409 409 477 477 477 477 409 409 476 476 476 476 409 409 475 475 475 475 409 409 474 474 474 474 409 409 410 410 474 474 410 410 473 473 473 473 410 410 472 472 472 472 410 410 621 621 621 621 410 410 411 411 621 621 411 411 412 412 5774 5774 5775 5775 622 622 622 622 5776 5776 5777 5777 622 622 5778 5778 623 623 623 623 5779 5779 5780 5780 623 623 5781 5781 5782 5782 623 623 5783 5783 624 624 624 624 5784 5784 5785 5785 624 624 5786 5786 625 625 625 625 5787 5787 5788 5788 625 625 5789 5789 626 626 626 626 5790 5790 627 627 627 627 5791 5791 5792 5792 627 627 5793 5793 628 628 628 628 5794 5794 5795 5795 628 628 5796 5796 420 420 628 628 420 420 629 629 629 629 420 420 630 630 630 630 420 420 421 421 630 630 421 421 631 631 631 631 421 421 422 422 631 631 422 422 632 632 632 632 422 422 423 423 632 632 423 423 633 633 633 633 423 423 424 424 633 633 424 424 634 634 634 634 424 424 425 425 634 634 425 425 635 635 635 635 425 425 426 426 635 635 426 426 427 427 635 635 427 427 636 636 636 636 427 427 428 428 636 636 428 428 637 637 637 637 428 428 638 638 638 638 428 428 429 429 638 638 429 429 639 639 639 639 429 429 430 430 639 639 430 430 640 640 640 640 430 430 431 431 640 640 431 431 641 641 641 641 431 431 432 432 641 641 432 432 642 642 642 642 432 432 433 433 642 642 433 433 643 643 643 643 433 433 5797 5797 5798 5798 433 433 5799 5799 5800 5800 433 433 5801 5801 643 643 5802 5802 5803 5803 643 643 5804 5804 644 644 644 644 5805 5805 5806 5806 5807 5807 5808 5808 438 438 5809 5809 5810 5810 440 440 440 440 5811 5811 5812 5812 5813 5813 440 440 644 644 644 644 440 440 441 441 644 644 441 441 646 646 646 646 441 441 647 647 647 647 441 441 442 442 647 647 442 442 648 648 648 648 442 442 649 649 649 649 442 442 443 443 649 649 443 443 650 650 650 650 443 443 444 444 650 650 444 444 651 651 651 651 444 444 445 445 651 651 445 445 652 652 652 652 445 445 446 446 652 652 446 446 653 653 653 653 446 446 447 447 653 653 447 447 654 654 654 654 447 447 448 448 654 654 448 448 655 655 655 655 448 448 656 656 656 656 448 448 449 449 656 656 449 449 657 657 657 657 449 449 450 450 657 657 450 450 658 658 658 658 450 450 451 451 658 658 451 451 659 659 659 659 451 451 452 452 659 659 452 452 660 660 660 660 452 452 661 661 661 661 452 452 453 453 661 661 453 453 662 662 662 662 453 453 454 454 662 662 454 454 663 663 663 663 454 454 455 455 663 663 455 455 664 664 664 664 455 455 456 456 664 664 456 456 665 665 665 665 456 456 457 457 665 665 457 457 666 666 666 666 457 457 458 458 666 666 458 458 667 667 667 667 458 458 459 459 667 667 459 459 668 668 668 668 459 459 460 460 668 668 460 460 669 669 669 669 460 460 461 461 669 669 461 461 670 670 670 670 461 461 462 462 670 670 462 462 671 671 671 671 462 462 5814 5814 5815 5815 462 462 5816 5816 5817 5817 462 462 5818 5818 5819 5819 464 464 5820 5820 5821 5821 5822 5822 671 671 671 671 5823 5823 5824 5824 673 673 465 465 466 466 5825 5825 5826 5826 674 674 674 674 5827 5827 675 675 675 675 5828 5828 676 676 676 676 5829 5829 5830 5830 676 676 5831 5831 5832 5832 677 677 467 467 468 468 677 677 468 468 678 678 678 678 468 468 469 469 678 678 469 469 679 679 679 679 469 469 470 470 679 679 470 470 680 680 680 680 470 470 471 471 680 680 471 471 621 621 621 621 471 471 472 472 5833 5833 5834 5834 681 681 681 681 5835 5835 622 622 681 681 622 622 682 682 682 682 622 622 683 683 683 683 622 622 623 623 683 683 623 623 684 684 684 684 623 623 624 624 684 684 624 624 685 685 685 685 624 624 625 625 685 685 625 625 686 686 686 686 625 625 626 626 686 686 626 626 687 687 687 687 626 626 627 627 687 687 627 627 688 688 688 688 627 627 628 628 688 688 628 628 629 629 688 688 629 629 689 689 689 689 629 629 690 690 690 690 629 629 630 630 690 690 630 630 691 691 691 691 630 630 631 631 691 691 631 631 692 692 692 692 631 631 632 632 692 692 632 632 693 693 693 693 632 632 633 633 693 693 633 633 694 694 694 694 633 633 634 634 694 694 634 634 695 695 695 695 634 634 635 635 695 695 635 635 636 636 695 695 636 636 696 696 696 696 636 636 637 637 696 696 637 637 651 651 651 651 637 637 650 650 650 650 637 637 638 638 650 650 638 638 649 649 649 649 638 638 639 639 649 649 639 639 648 648 648 648 639 639 640 640 648 648 640 640 647 647 647 647 640 640 641 641 647 647 641 641 646 646 646 646 641 641 642 642 646 646 642 642 644 644 644 644 642 642 643 643 696 696 651 651 652 652 696 696 652 652 697 697 697 697 652 652 653 653 697 697 653 653 698 698 698 698 653 653 654 654 698 698 654 654 699 699 699 699 654 654 655 655 699 699 655 655 700 700 700 700 655 655 656 656 700 700 656 656 701 701 701 701 656 656 657 657 701 701 657 657 702 702 702 702 657 657 658 658 702 702 658 658 703 703 703 703 658 658 659 659 703 703 659 659 704 704 704 704 659 659 660 660 704 704 660 660 705 705 705 705 660 660 661 661 705 705 661 661 706 706 706 706 661 661 662 662 706 706 662 662 707 707 707 707 662 662 663 663 707 707 663 663 708 708 708 708 663 663 664 664 708 708 664 664 709 709 709 709 664 664 665 665 709 709 665 665 710 710 710 710 665 665 666 666 710 710 666 666 711 711 711 711 666 666 667 667 711 711 667 667 712 712 712 712 667 667 668 668 712 712 668 668 713 713 713 713 668 668 669 669 713 713 669 669 674 674 674 674 669 669 670 670 674 674 670 670 5836 5836 5837 5837 670 670 671 671 713 713 674 674 675 675 713 713 675 675 714 714 714 714 675 675 676 676 714 714 676 676 715 715 715 715 676 676 5838 5838 715 715 5839 5839 5840 5840 716 716 677 677 678 678 716 716 678 678 679 679 5841 5841 5842 5842 717 717 717 717 5843 5843 5844 5844 717 717 5845 5845 681 681 717 717 681 681 718 718 718 718 681 681 682 682 718 718 682 682 719 719 719 719 682 682 720 720 720 720 682 682 683 683 720 720 683 683 721 721 721 721 683 683 684 684 721 721 684 684 722 722 722 722 684 684 685 685 722 722 685 685 723 723 723 723 685 685 686 686 723 723 686 686 724 724 724 724 686 686 687 687 724 724 687 687 725 725 725 725 687 687 688 688 725 725 688 688 689 689 725 725 689 689 703 703 703 703 689 689 702 702 702 702 689 689 690 690 702 702 690 690 701 701 701 701 690 690 691 691 701 701 691 691 700 700 700 700 691 691 692 692 700 700 692 692 699 699 699 699 692 692 693 693 699 699 693 693 698 698 698 698 693 693 694 694 698 698 694 694 697 697 697 697 694 694 695 695 697 697 695 695 696 696 725 725 703 703 704 704 725 725 704 704 724 724 724 724 704 704 705 705 724 724 705 705 723 723 723 723 705 705 706 706 723 723 706 706 722 722 722 722 706 706 707 707 722 722 707 707 721 721 721 721 707 707 708 708 721 721 708 708 720 720 720 720 708 708 709 709 720 720 709 709 719 719 719 719 709 709 710 710 719 719 710 710 726 726 726 726 710 710 711 711 726 726 711 711 727 727 727 727 711 711 712 712 727 727 712 712 714 714 714 714 712 712 713 713 727 727 714 714 715 715 727 727 715 715 728 728 728 728 715 715 5846 5846 728 728 5847 5847 717 717 728 728 717 717 718 718 728 728 718 718 726 726 726 726 718 718 719 719 728 728 726 726 727 727 620 620 517 517 518 518 620 620 518 518 729 729 729 729 518 518 519 519 729 729 519 519 730 730 730 730 519 519 520 520 730 730 520 520 731 731 731 731 520 520 521 521 731 731 521 521 732 732 732 732 521 521 733 733 733 733 521 521 522 522 733 733 522 522 732 732 5848 5848 5849 5849 734 734 734 734 5850 5850 5851 5851 735 735 522 522 736 736 736 736 522 522 523 523 5852 5852 5853 5853 737 737 737 737 5854 5854 738 738 738 738 5855 5855 5856 5856 738 738 5857 5857 739 739 739 739 5858 5858 5859 5859 5860 5860 5861 5861 525 525 5862 5862 5863 5863 527 527 527 527 5864 5864 5865 5865 5866 5866 527 527 739 739 739 739 527 527 528 528 739 739 528 528 741 741 741 741 528 528 742 742 742 742 528 528 529 529 742 742 529 529 743 743 743 743 529 529 744 744 744 744 529 529 530 530 744 744 530 530 745 745 745 745 530 530 531 531 745 745 531 531 746 746 746 746 531 531 532 532 746 746 532 532 747 747 747 747 532 532 533 533 747 747 533 533 748 748 748 748 533 533 534 534 748 748 534 534 749 749 749 749 534 534 535 535 749 749 535 535 750 750 750 750 535 535 751 751 751 751 535 535 536 536 751 751 536 536 752 752 752 752 536 536 537 537 752 752 537 537 753 753 753 753 537 537 538 538 753 753 538 538 754 754 754 754 538 538 539 539 754 754 539 539 755 755 755 755 539 539 756 756 756 756 539 539 540 540 756 756 540 540 757 757 757 757 540 540 541 541 757 757 541 541 758 758 758 758 541 541 542 542 758 758 542 542 759 759 759 759 542 542 543 543 759 759 543 543 760 760 760 760 543 543 544 544 760 760 544 544 761 761 761 761 544 544 545 545 761 761 545 545 762 762 762 762 545 545 546 546 762 762 546 546 763 763 763 763 546 546 547 547 763 763 547 547 764 764 764 764 547 547 548 548 764 764 548 548 765 765 765 765 548 548 549 549 765 765 549 549 766 766 766 766 549 549 5867 5867 5868 5868 549 549 5869 5869 5870 5870 549 549 5871 5871 5872 5872 551 551 5873 5873 5874 5874 5875 5875 766 766 766 766 5876 5876 5877 5877 768 768 552 552 553 553 5878 5878 5879 5879 769 769 769 769 5880 5880 770 770 770 770 5881 5881 771 771 771 771 5882 5882 5883 5883 771 771 5884 5884 5885 5885 772 772 554 554 555 555 772 772 555 555 773 773 773 773 555 555 556 556 773 773 556 556 774 774 774 774 556 556 557 557 774 774 557 557 775 775 775 775 557 557 558 558 775 775 558 558 602 602 602 602 558 558 559 559 5886 5886 5887 5887 776 776 776 776 5888 5888 777 777 777 777 5889 5889 5890 5890 777 777 5891 5891 5892 5892 5893 5893 5894 5894 779 779 779 779 5895 5895 5896 5896 779 779 5897 5897 780 780 780 780 5898 5898 5899 5899 780 780 5900 5900 781 781 781 781 5901 5901 5902 5902 781 781 5903 5903 782 782 782 782 5904 5904 783 783 783 783 5905 5905 5906 5906 783 783 5907 5907 784 784 784 784 5908 5908 5909 5909 784 784 5910 5910 785 785 785 785 5911 5911 5912 5912 785 785 5913 5913 786 786 786 786 5914 5914 5915 5915 786 786 5916 5916 787 787 787 787 5917 5917 5918 5918 787 787 5919 5919 5920 5920 787 787 5921 5921 788 788 788 788 5922 5922 5923 5923 788 788 5924 5924 789 789 789 789 5925 5925 790 790 790 790 5926 5926 5927 5927 790 790 5928 5928 791 791 791 791 5929 5929 5930 5930 791 791 5931 5931 792 792 792 792 5932 5932 5933 5933 792 792 5934 5934 793 793 793 793 5935 5935 5936 5936 793 793 5937 5937 5938 5938 795 795 731 731 796 796 796 796 731 731 732 732 5939 5939 5940 5940 734 734 5941 5941 734 734 797 797 797 797 734 734 798 798 798 798 734 734 737 737 737 737 734 734 5942 5942 737 737 5943 5943 5944 5944 798 798 737 737 799 799 799 799 737 737 738 738 799 799 738 738 739 739 799 799 739 739 741 741 799 799 741 741 800 800 800 800 741 741 742 742 800 800 742 742 801 801 801 801 742 742 743 743 801 801 743 743 802 802 802 802 743 743 744 744 802 802 744 744 803 803 803 803 744 744 745 745 803 803 745 745 804 804 804 804 745 745 746 746 804 804 746 746 805 805 805 805 746 746 747 747 805 805 747 747 806 806 806 806 747 747 748 748 806 806 748 748 807 807 807 807 748 748 749 749 807 807 749 749 808 808 808 808 749 749 750 750 808 808 750 750 809 809 809 809 750 750 751 751 809 809 751 751 810 810 810 810 751 751 752 752 810 810 752 752 811 811 811 811 752 752 753 753 811 811 753 753 812 812 812 812 753 753 754 754 812 812 754 754 813 813 813 813 754 754 755 755 813 813 755 755 814 814 814 814 755 755 756 756 814 814 756 756 815 815 815 815 756 756 757 757 815 815 757 757 816 816 816 816 757 757 758 758 816 816 758 758 817 817 817 817 758 758 759 759 817 817 759 759 818 818 818 818 759 759 760 760 818 818 760 760 819 819 819 819 760 760 761 761 819 819 761 761 820 820 820 820 761 761 762 762 820 820 762 762 821 821 821 821 762 762 763 763 821 821 763 763 822 822 822 822 763 763 764 764 822 822 764 764 769 769 769 769 764 764 765 765 769 769 765 765 5945 5945 5946 5946 765 765 766 766 822 822 769 769 770 770 822 822 770 770 823 823 823 823 770 770 771 771 823 823 771 771 824 824 824 824 771 771 5947 5947 824 824 5948 5948 5949 5949 825 825 772 772 773 773 825 825 773 773 774 774 5950 5950 5951 5951 826 826 826 826 5952 5952 5953 5953 826 826 5954 5954 776 776 826 826 776 776 827 827 827 827 776 776 828 828 828 828 776 776 777 777 828 828 777 777 829 829 829 829 777 777 779 779 779 779 777 777 5955 5955 829 829 779 779 830 830 830 830 779 779 780 780 830 830 780 780 831 831 831 831 780 780 781 781 831 831 781 781 832 832 832 832 781 781 782 782 832 832 782 782 833 833 833 833 782 782 783 783 833 833 783 783 834 834 834 834 783 783 784 784 834 834 784 784 835 835 835 835 784 784 785 785 835 835 785 785 836 836 836 836 785 785 786 786 836 836 786 786 837 837 837 837 786 786 787 787 837 837 787 787 838 838 838 838 787 787 788 788 838 838 788 788 839 839 839 839 788 788 789 789 839 839 789 789 840 840 840 840 789 789 790 790 840 840 790 790 841 841 841 841 790 790 791 791 841 841 791 791 842 842 842 842 791 791 792 792 842 842 792 792 843 843 843 843 792 792 793 793 843 843 793 793 844 844 844 844 793 793 845 845 845 845 793 793 5956 5956 845 845 5957 5957 5958 5958 846 846 795 795 847 847 847 847 795 795 796 796 5959 5959 5960 5960 797 797 5961 5961 797 797 848 848 848 848 797 797 849 849 849 849 797 797 798 798 849 849 798 798 800 800 800 800 798 798 799 799 849 849 800 800 801 801 849 849 801 801 850 850 850 850 801 801 802 802 850 850 802 802 851 851 851 851 802 802 803 803 851 851 803 803 852 852 852 852 803 803 804 804 852 852 804 804 853 853 853 853 804 804 805 805 853 853 805 805 854 854 854 854 805 805 806 806 854 854 806 806 855 855 855 855 806 806 807 807 855 855 807 807 856 856 856 856 807 807 808 808 856 856 808 808 857 857 857 857 808 808 809 809 857 857 809 809 858 858 858 858 809 809 810 810 858 858 810 810 859 859 859 859 810 810 811 811 859 859 811 811 860 860 860 860 811 811 812 812 860 860 812 812 861 861 861 861 812 812 813 813 861 861 813 813 862 862 862 862 813 813 814 814 862 862 814 814 863 863 863 863 814 814 815 815 863 863 815 815 864 864 864 864 815 815 816 816 864 864 816 816 865 865 865 865 816 816 817 817 865 865 817 817 866 866 866 866 817 817 818 818 866 866 818 818 867 867 867 867 818 818 819 819 867 867 819 819 868 868 868 868 819 819 820 820 868 868 820 820 869 869 869 869 820 820 821 821 869 869 821 821 823 823 823 823 821 821 822 822 869 869 823 823 824 824 869 869 824 824 870 870 870 870 824 824 5962 5962 870 870 5963 5963 826 826 870 870 826 826 827 827 870 870 827 827 868 868 868 868 827 827 867 867 867 867 827 827 828 828 867 867 828 828 866 866 866 866 828 828 829 829 866 866 829 829 865 865 865 865 829 829 830 830 865 865 830 830 864 864 864 864 830 830 831 831 864 864 831 831 863 863 863 863 831 831 832 832 863 863 832 832 862 862 862 862 832 832 833 833 862 862 833 833 861 861 861 861 833 833 834 834 861 861 834 834 860 860 860 860 834 834 835 835 860 860 835 835 859 859 859 859 835 835 836 836 859 859 836 836 858 858 858 858 836 836 837 837 858 858 837 837 857 857 857 857 837 837 838 838 857 857 838 838 856 856 856 856 838 838 839 839 856 856 839 839 855 855 855 855 839 839 840 840 855 855 840 840 854 854 854 854 840 840 841 841 854 854 841 841 853 853 853 853 841 841 842 842 853 853 842 842 852 852 852 852 842 842 843 843 852 852 843 843 851 851 851 851 843 843 844 844 851 851 844 844 850 850 850 850 844 844 848 848 848 848 844 844 845 845 848 848 845 845 5964 5964 5965 5965 845 845 5966 5966 850 850 848 848 849 849 870 870 868 868 869 869 5967 5967 872 872 5968 5968 5969 5969 872 872 929 929 929 929 872 872 873 873 929 929 873 873 928 928 928 928 873 873 874 874 928 928 874 874 927 927 927 927 874 874 926 926 926 926 874 874 875 875 926 926 875 875 876 876 926 926 876 876 925 925 925 925 876 876 877 877 925 925 877 877 924 924 924 924 877 877 878 878 924 924 878 878 923 923 923 923 878 878 879 879 923 923 879 879 922 922 922 922 879 879 880 880 922 922 880 880 921 921 921 921 880 880 881 881 921 921 881 881 920 920 920 920 881 881 882 882 920 920 882 882 919 919 919 919 882 882 918 918 918 918 882 882 883 883 918 918 883 883 884 884 918 918 884 884 917 917 917 917 884 884 885 885 917 917 885 885 916 916 916 916 885 885 5970 5970 916 916 5971 5971 5972 5972 915 915 886 886 959 959 959 959 886 886 960 960 960 960 886 886 961 961 961 961 886 886 962 962 962 962 886 886 963 963 963 963 886 886 964 964 964 964 886 886 965 965 965 965 886 886 966 966 966 966 886 886 887 887 966 966 887 887 967 967 967 967 887 887 968 968 968 968 887 887 969 969 969 969 887 887 970 970 970 970 887 887 888 888 970 970 888 888 889 889 970 970 889 889 971 971 971 971 889 889 890 890 971 971 890 890 891 891 971 971 891 891 972 972 972 972 891 891 892 892 972 972 892 892 973 973 973 973 892 892 893 893 973 973 893 893 894 894 973 973 894 894 974 974 974 974 894 894 895 895 974 974 895 895 975 975 975 975 895 895 896 896 975 975 896 896 976 976 976 976 896 896 897 897 976 976 897 897 977 977 977 977 897 897 898 898 977 977 898 898 978 978 978 978 898 898 899 899 978 978 899 899 979 979 979 979 899 899 900 900 979 979 900 900 980 980 980 980 900 900 901 901 980 980 901 901 981 981 981 981 901 901 902 902 981 981 902 902 982 982 982 982 902 902 903 903 982 982 903 903 983 983 983 983 903 903 904 904 983 983 904 904 984 984 984 984 904 904 905 905 984 984 905 905 985 985 985 985 905 905 906 906 985 985 906 906 986 986 986 986 906 906 907 907 986 986 907 907 987 987 987 987 907 907 908 908 987 987 908 908 909 909 987 987 909 909 988 988 988 988 909 909 910 910 988 988 910 910 989 989 989 989 910 910 911 911 989 989 911 911 912 912 989 989 912 912 990 990 990 990 912 912 913 913 990 990 913 913 914 914 990 990 914 914 991 991 991 991 914 914 992 992 992 992 914 914 993 993 993 993 914 914 994 994 994 994 914 914 915 915 994 994 915 915 995 995 995 995 915 915 996 996 996 996 915 915 997 997 997 997 915 915 998 998 998 998 915 915 999 999 999 999 915 915 1000 1000 1000 1000 915 915 959 959 5973 5973 5974 5974 1001 1001 1001 1001 5975 5975 1002 1002 1002 1002 5976 5976 1003 1003 1003 1003 5977 5977 5978 5978 1003 1003 5979 5979 1004 1004 1004 1004 5980 5980 5981 5981 1004 1004 5982 5982 1005 1005 1005 1005 5983 5983 5984 5984 1005 1005 5985 5985 1006 1006 1006 1006 5986 5986 5987 5987 1006 1006 5988 5988 1007 1007 1007 1007 5989 5989 5990 5990 1007 1007 5991 5991 5992 5992 1008 1008 964 964 965 965 1008 1008 965 965 1009 1009 1009 1009 965 965 966 966 1009 1009 966 966 1010 1010 1010 1010 966 966 967 967 1010 1010 967 967 1011 1011 1011 1011 967 967 968 968 1011 1011 968 968 1012 1012 1012 1012 968 968 969 969 1012 1012 969 969 1013 1013 1013 1013 969 969 970 970 1013 1013 970 970 1014 1014 1014 1014 970 970 971 971 1014 1014 971 971 1015 1015 1015 1015 971 971 972 972 1015 1015 972 972 1016 1016 1016 1016 972 972 973 973 1016 1016 973 973 1017 1017 1017 1017 973 973 974 974 1017 1017 974 974 1018 1018 1018 1018 974 974 975 975 5993 5993 5994 5994 1019 1019 1019 1019 5995 5995 5996 5996 1019 1019 5997 5997 1020 1020 1020 1020 5998 5998 5999 5999 1020 1020 6000 6000 1021 1021 1021 1021 6001 6001 6002 6002 1021 1021 6003 6003 1022 1022 1022 1022 6004 6004 6005 6005 1022 1022 6006 6006 1023 1023 1023 1023 6007 6007 6008 6008 1023 1023 6009 6009 1024 1024 1024 1024 6010 6010 1025 1025 1025 1025 6011 6011 6012 6012 1025 1025 6013 6013 1026 1026 1026 1026 6014 6014 6015 6015 1026 1026 6016 6016 1027 1027 1027 1027 6017 6017 6018 6018 1027 1027 6019 6019 1028 1028 1028 1028 6020 6020 6021 6021 1028 1028 6022 6022 1029 1029 1029 1029 6023 6023 6024 6024 1029 1029 6025 6025 6026 6026 1030 1030 985 985 986 986 1030 1030 986 986 1031 1031 1031 1031 986 986 987 987 1031 1031 987 987 1032 1032 1032 1032 987 987 988 988 1032 1032 988 988 1033 1033 1033 1033 988 988 989 989 1033 1033 989 989 1034 1034 1034 1034 989 989 990 990 1034 1034 990 990 1035 1035 1035 1035 990 990 991 991 1035 1035 991 991 1036 1036 1036 1036 991 991 992 992 1036 1036 992 992 1037 1037 1037 1037 992 992 993 993 1037 1037 993 993 1038 1038 1038 1038 993 993 994 994 1038 1038 994 994 1039 1039 1039 1039 994 994 995 995 1039 1039 995 995 1040 1040 1040 1040 995 995 996 996 6027 6027 6028 6028 1041 1041 1041 1041 6029 6029 6030 6030 1041 1041 6031 6031 1042 1042 1042 1042 6032 6032 6033 6033 1042 1042 6034 6034 1043 1043 1043 1043 6035 6035 6036 6036 1043 1043 6037 6037 1044 1044 1044 1044 6038 6038 6039 6039 1044 1044 6040 6040 1001 1001 1044 1044 1001 1001 1045 1045 1045 1045 1001 1001 1046 1046 1046 1046 1001 1001 1002 1002 1046 1046 1002 1002 1047 1047 1047 1047 1002 1002 1003 1003 1047 1047 1003 1003 1048 1048 1048 1048 1003 1003 1004 1004 1048 1048 1004 1004 1049 1049 1049 1049 1004 1004 1005 1005 1049 1049 1005 1005 1050 1050 1050 1050 1005 1005 1006 1006 1050 1050 1006 1006 1051 1051 1051 1051 1006 1006 1007 1007 1051 1051 1007 1007 1052 1052 1052 1052 1007 1007 6041 6041 1052 1052 6042 6042 1053 1053 1053 1053 6043 6043 6044 6044 1053 1053 6045 6045 1054 1054 1054 1054 6046 6046 6047 6047 1054 1054 6048 6048 1055 1055 1055 1055 6049 6049 6050 6050 1055 1055 6051 6051 6052 6052 1056 1056 1011 1011 1012 1012 1056 1056 1012 1012 1057 1057 1057 1057 1012 1012 1013 1013 1057 1057 1013 1013 1058 1058 1058 1058 1013 1013 1014 1014 6053 6053 6054 6054 1059 1059 1059 1059 6055 6055 6056 6056 1059 1059 6057 6057 1060 1060 1060 1060 6058 6058 6059 6059 1060 1060 6060 6060 1061 1061 1061 1061 6061 6061 6062 6062 1061 1061 6063 6063 1062 1062 1062 1062 6064 6064 6065 6065 1062 1062 6066 6066 1063 1063 1063 1063 6067 6067 1019 1019 1063 1063 1019 1019 1064 1064 1064 1064 1019 1019 1020 1020 1064 1064 1020 1020 1065 1065 1065 1065 1020 1020 1021 1021 1065 1065 1021 1021 1066 1066 1066 1066 1021 1021 1022 1022 1066 1066 1022 1022 1067 1067 1067 1067 1022 1022 1023 1023 1067 1067 1023 1023 1068 1068 1068 1068 1023 1023 1024 1024 1068 1068 1024 1024 1069 1069 1069 1069 1024 1024 1025 1025 1069 1069 1025 1025 1070 1070 1070 1070 1025 1025 1026 1026 1070 1070 1026 1026 1071 1071 1071 1071 1026 1026 1027 1027 1071 1071 1027 1027 1072 1072 1072 1072 1027 1027 1028 1028 1072 1072 1028 1028 1073 1073 1073 1073 1028 1028 1029 1029 1073 1073 1029 1029 1074 1074 1074 1074 1029 1029 6068 6068 1074 1074 6069 6069 1075 1075 1075 1075 6070 6070 6071 6071 1075 1075 6072 6072 1076 1076 1076 1076 6073 6073 6074 6074 1076 1076 6075 6075 1077 1077 1077 1077 6076 6076 6077 6077 1077 1077 6078 6078 6079 6079 1078 1078 1033 1033 1034 1034 1078 1078 1034 1034 1079 1079 1079 1079 1034 1034 1035 1035 1079 1079 1035 1035 1080 1080 1080 1080 1035 1035 1036 1036 6080 6080 6081 6081 1081 1081 1081 1081 6082 6082 6083 6083 1081 1081 6084 6084 1082 1082 1082 1082 6085 6085 6086 6086 1082 1082 6087 6087 1083 1083 1083 1083 6088 6088 6089 6089 1083 1083 6090 6090 1084 1084 1084 1084 6091 6091 6092 6092 1084 1084 6093 6093 1085 1085 1085 1085 6094 6094 1041 1041 1085 1085 1041 1041 1086 1086 1086 1086 1041 1041 1042 1042 1086 1086 1042 1042 1087 1087 1087 1087 1042 1042 1043 1043 1087 1087 1043 1043 1088 1088 1088 1088 1043 1043 1044 1044 1088 1088 1044 1044 1045 1045 1088 1088 1045 1045 1089 1089 1089 1089 1045 1045 1090 1090 1090 1090 1045 1045 1046 1046 1090 1090 1046 1046 1091 1091 1091 1091 1046 1046 1047 1047 1091 1091 1047 1047 1092 1092 1092 1092 1047 1047 1048 1048 1092 1092 1048 1048 1093 1093 1093 1093 1048 1048 1049 1049 1093 1093 1049 1049 1094 1094 1094 1094 1049 1049 1050 1050 1094 1094 1050 1050 1095 1095 1095 1095 1050 1050 1051 1051 1095 1095 1051 1051 1096 1096 1096 1096 1051 1051 1052 1052 1096 1096 1052 1052 1097 1097 1097 1097 1052 1052 1053 1053 1097 1097 1053 1053 1098 1098 1098 1098 1053 1053 1054 1054 1098 1098 1054 1054 1099 1099 1099 1099 1054 1054 1055 1055 1099 1099 1055 1055 1100 1100 1100 1100 1055 1055 6095 6095 1100 1100 6096 6096 6097 6097 6098 6098 1056 1056 1057 1057 6099 6099 6100 6100 1102 1102 1102 1102 6101 6101 6102 6102 1102 1102 6103 6103 1103 1103 1103 1103 6104 6104 1059 1059 1103 1103 1059 1059 1104 1104 1104 1104 1059 1059 1060 1060 1104 1104 1060 1060 1105 1105 1105 1105 1060 1060 1061 1061 1105 1105 1061 1061 1106 1106 1106 1106 1061 1061 1062 1062 1106 1106 1062 1062 1107 1107 1107 1107 1062 1062 1063 1063 1107 1107 1063 1063 1108 1108 1108 1108 1063 1063 1064 1064 1108 1108 1064 1064 1109 1109 1109 1109 1064 1064 1065 1065 1109 1109 1065 1065 1110 1110 1110 1110 1065 1065 1066 1066 1110 1110 1066 1066 1111 1111 1111 1111 1066 1066 1067 1067 1111 1111 1067 1067 1112 1112 1112 1112 1067 1067 1068 1068 1112 1112 1068 1068 1113 1113 1113 1113 1068 1068 1069 1069 1113 1113 1069 1069 1114 1114 1114 1114 1069 1069 1070 1070 1114 1114 1070 1070 1115 1115 1115 1115 1070 1070 1071 1071 1115 1115 1071 1071 1116 1116 1116 1116 1071 1071 1072 1072 1116 1116 1072 1072 1117 1117 1117 1117 1072 1072 1073 1073 1117 1117 1073 1073 1118 1118 1118 1118 1073 1073 1074 1074 1118 1118 1074 1074 1119 1119 1119 1119 1074 1074 1075 1075 1119 1119 1075 1075 1120 1120 1120 1120 1075 1075 1076 1076 1120 1120 1076 1076 1121 1121 1121 1121 1076 1076 1077 1077 1121 1121 1077 1077 1122 1122 1122 1122 1077 1077 6105 6105 1122 1122 6106 6106 6107 6107 6108 6108 1078 1078 1079 1079 6109 6109 6110 6110 1124 1124 1124 1124 6111 6111 6112 6112 1124 1124 6113 6113 1125 1125 1125 1125 6114 6114 1081 1081 1125 1125 1081 1081 1126 1126 1126 1126 1081 1081 1082 1082 1126 1126 1082 1082 1127 1127 1127 1127 1082 1082 1083 1083 1127 1127 1083 1083 1128 1128 1128 1128 1083 1083 1084 1084 1128 1128 1084 1084 1129 1129 1129 1129 1084 1084 1085 1085 1129 1129 1085 1085 1130 1130 1130 1130 1085 1085 1086 1086 1130 1130 1086 1086 1131 1131 1131 1131 1086 1086 1087 1087 1131 1131 1087 1087 1132 1132 1132 1132 1087 1087 1088 1088 1132 1132 1088 1088 1089 1089 1132 1132 1089 1089 1133 1133 1133 1133 1089 1089 1134 1134 1134 1134 1089 1089 1090 1090 1134 1134 1090 1090 1091 1091 1134 1134 1091 1091 1135 1135 1135 1135 1091 1091 1092 1092 1135 1135 1092 1092 1136 1136 1136 1136 1092 1092 1093 1093 1136 1136 1093 1093 1137 1137 1137 1137 1093 1093 1094 1094 1137 1137 1094 1094 1138 1138 1138 1138 1094 1094 1095 1095 1138 1138 1095 1095 1139 1139 1139 1139 1095 1095 1096 1096 1139 1139 1096 1096 1140 1140 1140 1140 1096 1096 1097 1097 1140 1140 1097 1097 1141 1141 1141 1141 1097 1097 1098 1098 1141 1141 1098 1098 1099 1099 1141 1141 1099 1099 1142 1142 1142 1142 1099 1099 1100 1100 1142 1142 1100 1100 1143 1143 1143 1143 1100 1100 6115 6115 1143 1143 6116 6116 6117 6117 6118 6118 6119 6119 1102 1102 6120 6120 1102 1102 1145 1145 1145 1145 1102 1102 1103 1103 1145 1145 1103 1103 1146 1146 1146 1146 1103 1103 1104 1104 1146 1146 1104 1104 1147 1147 1147 1147 1104 1104 1105 1105 1147 1147 1105 1105 1148 1148 1148 1148 1105 1105 1106 1106 1148 1148 1106 1106 1149 1149 1149 1149 1106 1106 1107 1107 1149 1149 1107 1107 1108 1108 1149 1149 1108 1108 1150 1150 1150 1150 1108 1108 1109 1109 1150 1150 1109 1109 1151 1151 1151 1151 1109 1109 1110 1110 1151 1151 1110 1110 1152 1152 1152 1152 1110 1110 1111 1111 1152 1152 1111 1111 1153 1153 1153 1153 1111 1111 1112 1112 1153 1153 1112 1112 1154 1154 1154 1154 1112 1112 1113 1113 1154 1154 1113 1113 1155 1155 1155 1155 1113 1113 1114 1114 1155 1155 1114 1114 1156 1156 1156 1156 1114 1114 1115 1115 1156 1156 1115 1115 1157 1157 1157 1157 1115 1115 1116 1116 1157 1157 1116 1116 1117 1117 1157 1157 1117 1117 1158 1158 1158 1158 1117 1117 1118 1118 1158 1158 1118 1118 1159 1159 1159 1159 1118 1118 1119 1119 1159 1159 1119 1119 1160 1160 1160 1160 1119 1119 1120 1120 1160 1160 1120 1120 1161 1161 1161 1161 1120 1120 1121 1121 1161 1161 1121 1121 1162 1162 1162 1162 1121 1121 1122 1122 1162 1162 1122 1122 6121 6121 6122 6122 1122 1122 6123 6123 6124 6124 6125 6125 1164 1164 1164 1164 6126 6126 1124 1124 1164 1164 1124 1124 1165 1165 1165 1165 1124 1124 1125 1125 1165 1165 1125 1125 1126 1126 1165 1165 1126 1126 1166 1166 1166 1166 1126 1126 1127 1127 1166 1166 1127 1127 1167 1167 1167 1167 1127 1127 1128 1128 1167 1167 1128 1128 1168 1168 1168 1168 1128 1128 1129 1129 1168 1168 1129 1129 1169 1169 1169 1169 1129 1129 1130 1130 1169 1169 1130 1130 1170 1170 1170 1170 1130 1130 1131 1131 1170 1170 1131 1131 1171 1171 1171 1171 1131 1131 1132 1132 1171 1171 1132 1132 1133 1133 1171 1171 1133 1133 1172 1172 1172 1172 1133 1133 1173 1173 1173 1173 1133 1133 1134 1134 1173 1173 1134 1134 1174 1174 1174 1174 1134 1134 1135 1135 1174 1174 1135 1135 1175 1175 1175 1175 1135 1135 1136 1136 1175 1175 1136 1136 1176 1176 1176 1176 1136 1136 1137 1137 1176 1176 1137 1137 1177 1177 1177 1177 1137 1137 1138 1138 1177 1177 1138 1138 1178 1178 1178 1178 1138 1138 1139 1139 1178 1178 1139 1139 1179 1179 1179 1179 1139 1139 1140 1140 1179 1179 1140 1140 1180 1180 1180 1180 1140 1140 1141 1141 1180 1180 1141 1141 1181 1181 1181 1181 1141 1141 1142 1142 1181 1181 1142 1142 1182 1182 1182 1182 1142 1142 1143 1143 1182 1182 1143 1143 6127 6127 6128 6128 1143 1143 6129 6129 6130 6130 6131 6131 1184 1184 1184 1184 6132 6132 1145 1145 1184 1184 1145 1145 1185 1185 1185 1185 1145 1145 1146 1146 1185 1185 1146 1146 1186 1186 1186 1186 1146 1146 1147 1147 1186 1186 1147 1147 1187 1187 1187 1187 1147 1147 1148 1148 1187 1187 1148 1148 1188 1188 1188 1188 1148 1148 1149 1149 1188 1188 1149 1149 1189 1189 1189 1189 1149 1149 1150 1150 1189 1189 1150 1150 1190 1190 1190 1190 1150 1150 1151 1151 1190 1190 1151 1151 1191 1191 1191 1191 1151 1151 1152 1152 1191 1191 1152 1152 1192 1192 1192 1192 1152 1152 1153 1153 1192 1192 1153 1153 1193 1193 1193 1193 1153 1153 1154 1154 1193 1193 1154 1154 1194 1194 1194 1194 1154 1154 1155 1155 1194 1194 1155 1155 1195 1195 1195 1195 1155 1155 1156 1156 1195 1195 1156 1156 1196 1196 1196 1196 1156 1156 1157 1157 1196 1196 1157 1157 1197 1197 1197 1197 1157 1157 1158 1158 1197 1197 1158 1158 1198 1198 1198 1198 1158 1158 1159 1159 1198 1198 1159 1159 1199 1199 1199 1199 1159 1159 1160 1160 1199 1199 1160 1160 1200 1200 1200 1200 1160 1160 1161 1161 1200 1200 1161 1161 1201 1201 1201 1201 1161 1161 1162 1162 1201 1201 1162 1162 6133 6133 6134 6134 1162 1162 6135 6135 6136 6136 6137 6137 1203 1203 1203 1203 6138 6138 1164 1164 1203 1203 1164 1164 1204 1204 1204 1204 1164 1164 1165 1165 1204 1204 1165 1165 1205 1205 1205 1205 1165 1165 1166 1166 1205 1205 1166 1166 1206 1206 1206 1206 1166 1166 1167 1167 1206 1206 1167 1167 1207 1207 1207 1207 1167 1167 1168 1168 1207 1207 1168 1168 1208 1208 1208 1208 1168 1168 1169 1169 1208 1208 1169 1169 1209 1209 1209 1209 1169 1169 1170 1170 1209 1209 1170 1170 1210 1210 1210 1210 1170 1170 1171 1171 1210 1210 1171 1171 1172 1172 1210 1210 1172 1172 1211 1211 1211 1211 1172 1172 1212 1212 1212 1212 1172 1172 1173 1173 1212 1212 1173 1173 1213 1213 1213 1213 1173 1173 1214 1214 1214 1214 1173 1173 1174 1174 1214 1214 1174 1174 1215 1215 1215 1215 1174 1174 1175 1175 1215 1215 1175 1175 1216 1216 1216 1216 1175 1175 1176 1176 1216 1216 1176 1176 1217 1217 1217 1217 1176 1176 1177 1177 1217 1217 1177 1177 1218 1218 1218 1218 1177 1177 1178 1178 1218 1218 1178 1178 1219 1219 1219 1219 1178 1178 1179 1179 1219 1219 1179 1179 1220 1220 1220 1220 1179 1179 1180 1180 1220 1220 1180 1180 1221 1221 1221 1221 1180 1180 1181 1181 1221 1221 1181 1181 1222 1222 1222 1222 1181 1181 1223 1223 1223 1223 1181 1181 1182 1182 1223 1223 1182 1182 6139 6139 6140 6140 1182 1182 6141 6141 6142 6142 6143 6143 1225 1225 1225 1225 6144 6144 1184 1184 1225 1225 1184 1184 1226 1226 1226 1226 1184 1184 1185 1185 1226 1226 1185 1185 1227 1227 1227 1227 1185 1185 1186 1186 1227 1227 1186 1186 1228 1228 1228 1228 1186 1186 1187 1187 1228 1228 1187 1187 1229 1229 1229 1229 1187 1187 1188 1188 1229 1229 1188 1188 1230 1230 1230 1230 1188 1188 1189 1189 1230 1230 1189 1189 1231 1231 1231 1231 1189 1189 1232 1232 1232 1232 1189 1189 1190 1190 1232 1232 1190 1190 1233 1233 1233 1233 1190 1190 1191 1191 1233 1233 1191 1191 1234 1234 1234 1234 1191 1191 1192 1192 1234 1234 1192 1192 1235 1235 1235 1235 1192 1192 1193 1193 1235 1235 1193 1193 1236 1236 1236 1236 1193 1193 1194 1194 1236 1236 1194 1194 1237 1237 1237 1237 1194 1194 1195 1195 1237 1237 1195 1195 1238 1238 1238 1238 1195 1195 1196 1196 1238 1238 1196 1196 1239 1239 1239 1239 1196 1196 1197 1197 1239 1239 1197 1197 1240 1240 1240 1240 1197 1197 1241 1241 1241 1241 1197 1197 1198 1198 1241 1241 1198 1198 1242 1242 1242 1242 1198 1198 1199 1199 1242 1242 1199 1199 1243 1243 1243 1243 1199 1199 1200 1200 1243 1243 1200 1200 1244 1244 1244 1244 1200 1200 1201 1201 1244 1244 1201 1201 1245 1245 1245 1245 1201 1201 6145 6145 1245 1245 6146 6146 6147 6147 6148 6148 6149 6149 1203 1203 6150 6150 1203 1203 1247 1247 1247 1247 1203 1203 1204 1204 1247 1247 1204 1204 1248 1248 1248 1248 1204 1204 1205 1205 1248 1248 1205 1205 1249 1249 1249 1249 1205 1205 1250 1250 1250 1250 1205 1205 1206 1206 1250 1250 1206 1206 1251 1251 1251 1251 1206 1206 1207 1207 1251 1251 1207 1207 1252 1252 1252 1252 1207 1207 1208 1208 1252 1252 1208 1208 1253 1253 1253 1253 1208 1208 1209 1209 1253 1253 1209 1209 1254 1254 1254 1254 1209 1209 1210 1210 1254 1254 1210 1210 1211 1211 1254 1254 1211 1211 1255 1255 1255 1255 1211 1211 1256 1256 1256 1256 1211 1211 1212 1212 1256 1256 1212 1212 1257 1257 1257 1257 1212 1212 1213 1213 1257 1257 1213 1213 1258 1258 1258 1258 1213 1213 1214 1214 1258 1258 1214 1214 1259 1259 1259 1259 1214 1214 1215 1215 1259 1259 1215 1215 1260 1260 1260 1260 1215 1215 1216 1216 1260 1260 1216 1216 1261 1261 1261 1261 1216 1216 1217 1217 1261 1261 1217 1217 1262 1262 1262 1262 1217 1217 1218 1218 1262 1262 1218 1218 1263 1263 1263 1263 1218 1218 1219 1219 1263 1263 1219 1219 1264 1264 1264 1264 1219 1219 1220 1220 1264 1264 1220 1220 1265 1265 1265 1265 1220 1220 1221 1221 1265 1265 1221 1221 1266 1266 1266 1266 1221 1221 1222 1222 1266 1266 1222 1222 6151 6151 6152 6152 1222 1222 1223 1223 6153 6153 1223 1223 6154 6154 6155 6155 1223 1223 6156 6156 1268 1268 6157 6157 1269 1269 6158 6158 6159 6159 1225 1225 6160 6160 1225 1225 1270 1270 1270 1270 1225 1225 1226 1226 1270 1270 1226 1226 1271 1271 1271 1271 1226 1226 1227 1227 1271 1271 1227 1227 1272 1272 1272 1272 1227 1227 1228 1228 1272 1272 1228 1228 1273 1273 1273 1273 1228 1228 1229 1229 1273 1273 1229 1229 1274 1274 1274 1274 1229 1229 1230 1230 1274 1274 1230 1230 1275 1275 1275 1275 1230 1230 1231 1231 1275 1275 1231 1231 1276 1276 1276 1276 1231 1231 1232 1232 1276 1276 1232 1232 1277 1277 1277 1277 1232 1232 1233 1233 1277 1277 1233 1233 1278 1278 1278 1278 1233 1233 1234 1234 1278 1278 1234 1234 1279 1279 1279 1279 1234 1234 1235 1235 1279 1279 1235 1235 1280 1280 1280 1280 1235 1235 1236 1236 1280 1280 1236 1236 1281 1281 1281 1281 1236 1236 1237 1237 1281 1281 1237 1237 1282 1282 1282 1282 1237 1237 1238 1238 1282 1282 1238 1238 1283 1283 1283 1283 1238 1238 1239 1239 1283 1283 1239 1239 1284 1284 1284 1284 1239 1239 1240 1240 1284 1284 1240 1240 1285 1285 1285 1285 1240 1240 1241 1241 1285 1285 1241 1241 1286 1286 1286 1286 1241 1241 1242 1242 1286 1286 1242 1242 1287 1287 1287 1287 1242 1242 1243 1243 1287 1287 1243 1243 1288 1288 1288 1288 1243 1243 1244 1244 1288 1288 1244 1244 6161 6161 6162 6162 1244 1244 1245 1245 6163 6163 1245 1245 6164 6164 6165 6165 1245 1245 6166 6166 1290 1290 6167 6167 1291 1291 6168 6168 6169 6169 1247 1247 6170 6170 1247 1247 1292 1292 1292 1292 1247 1247 1248 1248 1292 1292 1248 1248 1293 1293 1293 1293 1248 1248 1249 1249 1293 1293 1249 1249 1294 1294 1294 1294 1249 1249 1250 1250 1294 1294 1250 1250 1295 1295 1295 1295 1250 1250 1251 1251 1295 1295 1251 1251 1296 1296 1296 1296 1251 1251 1252 1252 1296 1296 1252 1252 1297 1297 1297 1297 1252 1252 1253 1253 1297 1297 1253 1253 1298 1298 1298 1298 1253 1253 1254 1254 1298 1298 1254 1254 1255 1255 1298 1298 1255 1255 1299 1299 1299 1299 1255 1255 1300 1300 1300 1300 1255 1255 1256 1256 1300 1300 1256 1256 1301 1301 1301 1301 1256 1256 1257 1257 1301 1301 1257 1257 1302 1302 1302 1302 1257 1257 1258 1258 1302 1302 1258 1258 1303 1303 1303 1303 1258 1258 1259 1259 1303 1303 1259 1259 1304 1304 1304 1304 1259 1259 1260 1260 1304 1304 1260 1260 1305 1305 1305 1305 1260 1260 1261 1261 1305 1305 1261 1261 1306 1306 1306 1306 1261 1261 1262 1262 1306 1306 1262 1262 6171 6171 6172 6172 1262 1262 1263 1263 6173 6173 1263 1263 6174 6174 6175 6175 1263 1263 1264 1264 6176 6176 1264 1264 6177 6177 6178 6178 1264 1264 1265 1265 6179 6179 1265 1265 6180 6180 6181 6181 1265 1265 1266 1266 6182 6182 1266 1266 6183 6183 6184 6184 1266 1266 6185 6185 1311 1311 1267 1267 1312 1312 1312 1312 1267 1267 1268 1268 1312 1312 1268 1268 1313 1313 1313 1313 1268 1268 1269 1269 1313 1313 1269 1269 1314 1314 6186 6186 6187 6187 1270 1270 6188 6188 1270 1270 6189 6189 6190 6190 1270 1270 1271 1271 6191 6191 1271 1271 6192 6192 6193 6193 1271 1271 1272 1272 6194 6194 1272 1272 6195 6195 6196 6196 1272 1272 1273 1273 6197 6197 1273 1273 1318 1318 1318 1318 1273 1273 1274 1274 1318 1318 1274 1274 1319 1319 1319 1319 1274 1274 1275 1275 1319 1319 1275 1275 1320 1320 1320 1320 1275 1275 1276 1276 1320 1320 1276 1276 1321 1321 1321 1321 1276 1276 1277 1277 1321 1321 1277 1277 1322 1322 1322 1322 1277 1277 1278 1278 1322 1322 1278 1278 1323 1323 1323 1323 1278 1278 1279 1279 1323 1323 1279 1279 1324 1324 1324 1324 1279 1279 1280 1280 1324 1324 1280 1280 1325 1325 1325 1325 1280 1280 1281 1281 1325 1325 1281 1281 1326 1326 1326 1326 1281 1281 1282 1282 1326 1326 1282 1282 1327 1327 1327 1327 1282 1282 1283 1283 1327 1327 1283 1283 1328 1328 1328 1328 1283 1283 1284 1284 1328 1328 1284 1284 6198 6198 6199 6199 1284 1284 1285 1285 6200 6200 1285 1285 6201 6201 6202 6202 1285 1285 1286 1286 6203 6203 1286 1286 6204 6204 6205 6205 1286 1286 1287 1287 6206 6206 1287 1287 6207 6207 6208 6208 1287 1287 1288 1288 6209 6209 1288 1288 6210 6210 6211 6211 1288 1288 6212 6212 1333 1333 1289 1289 1334 1334 1334 1334 1289 1289 1290 1290 1334 1334 1290 1290 1335 1335 1335 1335 1290 1290 1291 1291 1335 1335 1291 1291 1336 1336 6213 6213 6214 6214 1292 1292 6215 6215 1292 1292 6216 6216 6217 6217 1292 1292 1293 1293 6218 6218 1293 1293 6219 6219 6220 6220 1293 1293 1294 1294 6221 6221 1294 1294 6222 6222 6223 6223 1294 1294 1295 1295 6224 6224 1295 1295 1340 1340 1340 1340 1295 1295 1296 1296 1340 1340 1296 1296 1341 1341 1341 1341 1296 1296 1297 1297 1341 1341 1297 1297 1342 1342 1342 1342 1297 1297 1298 1298 1342 1342 1298 1298 1299 1299 1342 1342 1299 1299 6225 6225 6226 6226 1299 1299 6227 6227 6228 6228 1299 1299 1300 1300 6229 6229 1300 1300 6230 6230 6231 6231 1300 1300 1301 1301 6232 6232 1301 1301 1302 1302 6233 6233 1302 1302 6234 6234 6235 6235 1302 1302 1303 1303 6236 6236 1303 1303 6237 6237 6238 6238 1303 1303 1304 1304 6239 6239 1304 1304 6240 6240 6241 6241 1304 1304 1305 1305 6242 6242 1305 1305 6243 6243 6244 6244 1305 1305 1306 1306 6245 6245 1306 1306 6246 6246 6247 6247 1306 1306 6248 6248 1350 1350 1307 1307 1351 1351 1351 1351 1307 1307 1308 1308 1351 1351 1308 1308 1352 1352 1352 1352 1308 1308 1309 1309 1352 1352 1309 1309 1353 1353 1353 1353 1309 1309 1310 1310 1353 1353 1310 1310 1354 1354 1354 1354 1310 1310 1311 1311 1354 1354 1311 1311 1355 1355 1355 1355 1311 1311 1312 1312 1355 1355 1312 1312 1356 1356 1356 1356 1312 1312 1313 1313 1356 1356 1313 1313 1357 1357 1357 1357 1313 1313 1314 1314 1357 1357 1314 1314 1358 1358 1358 1358 1314 1314 1315 1315 1358 1358 1315 1315 1359 1359 1359 1359 1315 1315 1316 1316 1359 1359 1316 1316 1360 1360 1360 1360 1316 1316 1317 1317 1360 1360 1317 1317 1361 1361 6249 6249 6250 6250 1318 1318 6251 6251 1318 1318 6252 6252 6253 6253 1318 1318 1319 1319 6254 6254 1319 1319 6255 6255 6256 6256 1319 1319 1320 1320 6257 6257 1320 1320 6258 6258 6259 6259 1320 1320 1321 1321 6260 6260 1321 1321 6261 6261 6262 6262 1321 1321 1322 1322 6263 6263 1322 1322 6264 6264 6265 6265 1322 1322 1323 1323 6266 6266 1323 1323 1324 1324 6267 6267 1324 1324 6268 6268 6269 6269 1324 1324 1325 1325 6270 6270 1325 1325 6271 6271 6272 6272 1325 1325 1326 1326 6273 6273 1326 1326 6274 6274 6275 6275 1326 1326 1327 1327 6276 6276 1327 1327 6277 6277 6278 6278 1327 1327 1328 1328 6279 6279 1328 1328 6280 6280 6281 6281 1328 1328 6282 6282 1371 1371 1329 1329 1372 1372 1372 1372 1329 1329 1330 1330 1372 1372 1330 1330 1373 1373 1373 1373 1330 1330 1331 1331 1373 1373 1331 1331 1374 1374 1374 1374 1331 1331 1332 1332 1374 1374 1332 1332 1375 1375 1375 1375 1332 1332 1333 1333 1375 1375 1333 1333 1376 1376 1376 1376 1333 1333 1334 1334 1376 1376 1334 1334 1377 1377 1377 1377 1334 1334 1335 1335 1377 1377 1335 1335 1378 1378 1378 1378 1335 1335 1336 1336 1378 1378 1336 1336 1379 1379 1379 1379 1336 1336 1337 1337 1379 1379 1337 1337 1380 1380 1380 1380 1337 1337 1338 1338 1380 1380 1338 1338 1381 1381 1381 1381 1338 1338 1339 1339 1381 1381 1339 1339 1382 1382 6283 6283 6284 6284 1340 1340 6285 6285 1340 1340 6286 6286 6287 6287 1340 1340 1341 1341 6288 6288 1341 1341 6289 6289 6290 6290 1341 1341 1342 1342 6291 6291 1342 1342 6292 6292 1384 1384 1343 1343 1385 1385 1385 1385 1343 1343 1386 1386 1386 1386 1343 1343 1344 1344 1386 1386 1344 1344 1387 1387 1387 1387 1344 1344 1388 1388 1388 1388 1344 1344 1345 1345 1388 1388 1345 1345 1389 1389 1389 1389 1345 1345 1390 1390 1390 1390 1345 1345 1391 1391 1391 1391 1345 1345 1392 1392 1392 1392 1345 1345 1393 1393 1393 1393 1345 1345 1394 1394 1394 1394 1345 1345 1346 1346 1394 1394 1346 1346 1395 1395 1395 1395 1346 1346 1396 1396 1396 1396 1346 1346 1347 1347 1396 1396 1347 1347 1397 1397 1397 1397 1347 1347 1348 1348 1397 1397 1348 1348 1398 1398 1398 1398 1348 1348 1349 1349 1398 1398 1349 1349 1399 1399 1399 1399 1349 1349 1350 1350 1399 1399 1350 1350 1400 1400 1400 1400 1350 1350 1351 1351 1400 1400 1351 1351 1401 1401 1401 1401 1351 1351 1352 1352 1401 1401 1352 1352 1402 1402 1402 1402 1352 1352 1403 1403 1403 1403 1352 1352 1353 1353 1403 1403 1353 1353 1354 1354 1403 1403 1354 1354 1355 1355 1403 1403 1355 1355 1356 1356 1403 1403 1356 1356 1404 1404 1404 1404 1356 1356 1405 1405 1405 1405 1356 1356 1406 1406 1406 1406 1356 1356 1357 1357 1406 1406 1357 1357 1407 1407 1407 1407 1357 1357 1358 1358 1407 1407 1358 1358 1408 1408 1408 1408 1358 1358 1409 1409 1409 1409 1358 1358 1359 1359 1409 1409 1359 1359 1410 1410 1410 1410 1359 1359 1360 1360 1410 1410 1360 1360 1411 1411 1411 1411 1360 1360 1361 1361 1411 1411 1361 1361 1412 1412 1412 1412 1361 1361 1362 1362 1412 1412 1362 1362 1413 1413 1413 1413 1362 1362 1363 1363 1413 1413 1363 1363 1414 1414 1414 1414 1363 1363 1364 1364 1414 1414 1364 1364 1415 1415 1415 1415 1364 1364 1365 1365 1415 1415 1365 1365 1416 1416 1416 1416 1365 1365 1366 1366 1416 1416 1366 1366 1417 1417 1417 1417 1366 1366 1367 1367 1417 1417 1367 1367 1418 1418 1418 1418 1367 1367 1368 1368 1418 1418 1368 1368 1419 1419 1419 1419 1368 1368 1369 1369 1419 1419 1369 1369 1420 1420 1420 1420 1369 1369 1370 1370 1420 1420 1370 1370 1421 1421 1421 1421 1370 1370 1371 1371 1421 1421 1371 1371 1422 1422 1422 1422 1371 1371 1372 1372 1422 1422 1372 1372 1423 1423 1423 1423 1372 1372 1373 1373 1423 1423 1373 1373 1424 1424 1424 1424 1373 1373 1374 1374 1424 1424 1374 1374 1425 1425 1425 1425 1374 1374 1426 1426 1426 1426 1374 1374 1375 1375 1426 1426 1375 1375 1427 1427 1427 1427 1375 1375 1376 1376 1427 1427 1376 1376 1428 1428 1428 1428 1376 1376 1429 1429 1429 1429 1376 1376 1430 1430 1430 1430 1376 1376 1377 1377 1430 1430 1377 1377 1378 1378 1430 1430 1378 1378 1379 1379 1430 1430 1379 1379 1380 1380 1430 1430 1380 1380 1431 1431 1431 1431 1380 1380 1432 1432 1432 1432 1380 1380 1381 1381 1432 1432 1381 1381 1433 1433 1433 1433 1381 1381 1382 1382 1433 1433 1382 1382 1434 1434 1434 1434 1382 1382 1383 1383 1434 1434 1383 1383 1435 1435 1435 1435 1383 1383 1384 1384 1435 1435 1384 1384 1385 1385 1435 1435 1385 1385 1436 1436 1436 1436 1385 1385 1437 1437 1437 1437 1385 1385 1386 1386 1437 1437 1386 1386 1438 1438 1438 1438 1386 1386 1439 1439 1439 1439 1386 1386 1387 1387 1439 1439 1387 1387 1440 1440 1440 1440 1387 1387 1388 1388 1440 1440 1388 1388 1441 1441 1441 1441 1388 1388 1389 1389 1441 1441 1389 1389 1442 1442 1442 1442 1389 1389 1390 1390 1442 1442 1390 1390 1443 1443 1443 1443 1390 1390 1391 1391 1443 1443 1391 1391 1444 1444 1444 1444 1391 1391 1445 1445 1445 1445 1391 1391 1392 1392 1445 1445 1392 1392 1446 1446 1446 1446 1392 1392 1393 1393 1446 1446 1393 1393 1447 1447 1447 1447 1393 1393 1394 1394 1447 1447 1394 1394 1448 1448 1448 1448 1394 1394 1395 1395 1448 1448 1395 1395 1449 1449 1449 1449 1395 1395 1396 1396 1449 1449 1396 1396 1450 1450 1450 1450 1396 1396 1397 1397 1450 1450 1397 1397 1451 1451 1451 1451 1397 1397 1452 1452 1452 1452 1397 1397 1398 1398 1452 1452 1398 1398 1453 1453 1453 1453 1398 1398 1454 1454 1454 1454 1398 1398 1399 1399 1454 1454 1399 1399 1455 1455 1455 1455 1399 1399 1400 1400 1455 1455 1400 1400 1456 1456 1456 1456 1400 1400 1401 1401 1456 1456 1401 1401 1457 1457 1457 1457 1401 1401 1458 1458 1458 1458 1401 1401 1402 1402 1458 1458 1402 1402 1459 1459 1460 1460 1431 1431 1432 1432 1460 1460 1432 1432 1461 1461 1461 1461 1432 1432 1462 1462 1462 1462 1432 1432 1433 1433 1462 1462 1433 1433 1434 1434 1462 1462 1434 1434 1463 1463 1463 1463 1434 1434 1435 1435 1463 1463 1435 1435 1436 1436 6293 6293 6294 6294 1464 1464 1464 1464 6295 6295 6296 6296 1465 1465 1436 1436 1437 1437 1465 1465 1437 1437 1466 1466 1466 1466 1437 1437 1438 1438 1466 1466 1438 1438 1467 1467 1467 1467 1438 1438 1439 1439 1467 1467 1439 1439 1468 1468 1468 1468 1439 1439 1440 1440 1468 1468 1440 1440 1469 1469 1469 1469 1440 1440 1441 1441 1469 1469 1441 1441 1470 1470 1470 1470 1441 1441 1442 1442 1470 1470 1442 1442 1471 1471 1471 1471 1442 1442 1443 1443 1471 1471 1443 1443 1472 1472 1472 1472 1443 1443 1444 1444 1472 1472 1444 1444 1473 1473 1473 1473 1444 1444 1445 1445 1473 1473 1445 1445 1474 1474 1474 1474 1445 1445 1446 1446 1474 1474 1446 1446 1475 1475 1475 1475 1446 1446 1447 1447 1475 1475 1447 1447 1476 1476 1476 1476 1447 1447 1448 1448 1476 1476 1448 1448 1477 1477 1477 1477 1448 1448 1449 1449 1477 1477 1449 1449 1478 1478 1478 1478 1449 1449 1450 1450 1478 1478 1450 1450 1479 1479 1479 1479 1450 1450 1451 1451 1479 1479 1451 1451 1480 1480 1480 1480 1451 1451 1452 1452 6297 6297 6298 6298 1481 1481 1481 1481 6299 6299 6300 6300 1481 1481 6301 6301 1482 1482 1482 1482 6302 6302 6303 6303 1482 1482 6304 6304 1483 1483 1483 1483 6305 6305 6306 6306 1483 1483 6307 6307 1484 1484 1484 1484 6308 6308 6309 6309 1484 1484 6310 6310 6311 6311 1484 1484 6312 6312 1485 1485 1485 1485 6313 6313 1486 1486 1486 1486 6314 6314 1487 1487 1487 1487 6315 6315 6316 6316 1487 1487 6317 6317 6318 6318 1487 1487 6319 6319 1488 1488 1522 1522 6320 6320 1523 1523 1523 1523 6321 6321 6322 6322 1523 1523 6323 6323 1524 1524 1524 1524 6324 6324 6325 6325 1524 1524 6326 6326 1525 1525 1525 1525 6327 6327 6328 6328 1525 1525 6329 6329 1464 1464 1525 1525 1464 1464 1526 1526 1526 1526 1464 1464 1527 1527 1527 1527 1464 1464 6330 6330 1527 1527 6331 6331 1528 1528 1528 1528 6332 6332 6333 6333 1528 1528 6334 6334 1529 1529 1529 1529 6335 6335 6336 6336 1529 1529 6337 6337 1530 1530 1530 1530 6338 6338 6339 6339 1530 1530 6340 6340 6341 6341 1531 1531 1468 1468 1469 1469 1531 1531 1469 1469 1532 1532 1532 1532 1469 1469 1470 1470 1532 1532 1470 1470 1533 1533 1533 1533 1470 1470 1471 1471 1533 1533 1471 1471 1534 1534 1534 1534 1471 1471 1472 1472 1534 1534 1472 1472 1535 1535 1535 1535 1472 1472 1473 1473 1535 1535 1473 1473 1536 1536 1536 1536 1473 1473 1474 1474 1536 1536 1474 1474 1537 1537 1537 1537 1474 1474 1475 1475 1537 1537 1475 1475 1538 1538 1538 1538 1475 1475 1476 1476 6342 6342 6343 6343 1539 1539 1539 1539 6344 6344 6345 6345 1539 1539 6346 6346 1540 1540 1540 1540 6347 6347 6348 6348 1540 1540 6349 6349 1541 1541 1541 1541 6350 6350 6351 6351 1541 1541 6352 6352 1542 1542 1542 1542 6353 6353 6354 6354 1542 1542 6355 6355 1543 1543 1543 1543 6356 6356 1481 1481 1543 1543 1481 1481 1544 1544 1544 1544 1481 1481 1482 1482 1544 1544 1482 1482 1545 1545 1545 1545 1482 1482 1483 1483 1545 1545 1483 1483 1546 1546 1546 1546 1483 1483 1484 1484 1546 1546 1484 1484 1485 1485 1546 1546 1485 1485 1547 1547 1547 1547 1485 1485 1489 1489 1489 1489 1485 1485 1486 1486 1489 1489 1486 1486 1488 1488 1488 1488 1486 1486 1487 1487 1547 1547 1489 1489 1490 1490 1547 1547 1490 1490 1548 1548 1548 1548 1490 1490 1491 1491 1548 1548 1491 1491 1549 1549 1549 1549 1491 1491 1492 1492 1549 1549 1492 1492 1550 1550 1550 1550 1492 1492 1493 1493 1550 1550 1493 1493 1551 1551 1551 1551 1493 1493 1494 1494 1551 1551 1494 1494 1552 1552 1552 1552 1494 1494 1495 1495 1552 1552 1495 1495 1553 1553 1553 1553 1495 1495 1496 1496 1553 1553 1496 1496 1554 1554 1554 1554 1496 1496 1497 1497 1554 1554 1497 1497 1555 1555 1555 1555 1497 1497 1498 1498 1555 1555 1498 1498 1556 1556 1556 1556 1498 1498 1557 1557 1557 1557 1498 1498 1499 1499 1557 1557 1499 1499 1558 1558 1558 1558 1499 1499 1559 1559 1559 1559 1499 1499 1500 1500 1559 1559 1500 1500 1501 1501 1559 1559 1501 1501 1560 1560 1560 1560 1501 1501 1502 1502 1560 1560 1502 1502 1561 1561 1561 1561 1502 1502 1503 1503 1561 1561 1503 1503 1562 1562 1562 1562 1503 1503 1504 1504 1562 1562 1504 1504 1563 1563 1563 1563 1504 1504 1505 1505 1563 1563 1505 1505 1564 1564 1564 1564 1505 1505 1565 1565 1565 1565 1505 1505 1506 1506 1565 1565 1506 1506 1566 1566 1566 1566 1506 1506 1507 1507 1566 1566 1507 1507 1567 1567 1567 1567 1507 1507 1508 1508 1567 1567 1508 1508 1568 1568 1568 1568 1508 1508 1509 1509 1568 1568 1509 1509 1569 1569 1569 1569 1509 1509 1510 1510 1569 1569 1510 1510 1511 1511 1569 1569 1511 1511 1570 1570 1570 1570 1511 1511 1571 1571 1571 1571 1511 1511 1512 1512 1571 1571 1512 1512 1572 1572 1572 1572 1512 1512 1513 1513 1572 1572 1513 1513 1573 1573 1573 1573 1513 1513 1514 1514 1573 1573 1514 1514 1574 1574 1574 1574 1514 1514 1515 1515 1574 1574 1515 1515 1575 1575 1575 1575 1515 1515 1516 1516 1575 1575 1516 1516 1517 1517 1575 1575 1517 1517 1576 1576 1576 1576 1517 1517 1518 1518 1576 1576 1518 1518 1577 1577 1577 1577 1518 1518 1519 1519 1577 1577 1519 1519 1578 1578 1578 1578 1519 1519 1520 1520 1578 1578 1520 1520 1521 1521 1578 1578 1521 1521 1579 1579 1579 1579 1521 1521 1522 1522 1579 1579 1522 1522 1523 1523 1579 1579 1523 1523 1580 1580 1580 1580 1523 1523 1524 1524 1580 1580 1524 1524 1581 1581 1581 1581 1524 1524 1525 1525 1581 1581 1525 1525 1526 1526 1581 1581 1526 1526 1582 1582 1582 1582 1526 1526 1583 1583 1583 1583 1526 1526 1527 1527 1583 1583 1527 1527 1584 1584 1584 1584 1527 1527 1528 1528 1584 1584 1528 1528 1585 1585 1585 1585 1528 1528 1529 1529 1585 1585 1529 1529 1586 1586 1586 1586 1529 1529 1530 1530 1586 1586 1530 1530 1587 1587 1587 1587 1530 1530 6357 6357 1587 1587 6358 6358 1588 1588 1588 1588 6359 6359 6360 6360 1588 1588 6361 6361 1589 1589 1589 1589 6362 6362 6363 6363 1589 1589 6364 6364 1590 1590 1590 1590 6365 6365 6366 6366 1590 1590 6367 6367 1591 1591 1591 1591 6368 6368 6369 6369 1591 1591 6370 6370 1592 1592 1592 1592 6371 6371 6372 6372 1592 1592 6373 6373 1593 1593 1593 1593 6374 6374 6375 6375 1593 1593 6376 6376 1594 1594 1594 1594 6377 6377 6378 6378 1594 1594 6379 6379 1595 1595 1595 1595 6380 6380 1539 1539 1595 1595 1539 1539 1596 1596 1596 1596 1539 1539 1540 1540 1596 1596 1540 1540 1597 1597 1597 1597 1540 1540 1541 1541 1597 1597 1541 1541 1598 1598 1598 1598 1541 1541 1542 1542 1598 1598 1542 1542 1599 1599 1599 1599 1542 1542 1543 1543 1599 1599 1543 1543 1600 1600 1600 1600 1543 1543 1544 1544 1600 1600 1544 1544 1601 1601 1601 1601 1544 1544 1545 1545 1601 1601 1545 1545 1602 1602 1602 1602 1545 1545 1546 1546 1602 1602 1546 1546 1547 1547 1602 1602 1547 1547 1548 1548 1602 1602 1548 1548 1603 1603 1603 1603 1548 1548 1604 1604 1604 1604 1548 1548 1549 1549 1604 1604 1549 1549 1605 1605 1605 1605 1549 1549 1550 1550 1605 1605 1550 1550 1606 1606 1606 1606 1550 1550 1607 1607 1607 1607 1550 1550 1551 1551 1607 1607 1551 1551 1552 1552 1607 1607 1552 1552 1608 1608 1608 1608 1552 1552 1553 1553 1608 1608 1553 1553 1609 1609 1609 1609 1553 1553 1554 1554 1609 1609 1554 1554 1610 1610 1610 1610 1554 1554 1555 1555 1610 1610 1555 1555 1611 1611 1611 1611 1555 1555 1556 1556 1611 1611 1556 1556 1612 1612 1612 1612 1556 1556 1557 1557 1612 1612 1557 1557 1613 1613 1613 1613 1557 1557 1558 1558 1613 1613 1558 1558 1614 1614 1614 1614 1558 1558 1559 1559 1614 1614 1559 1559 1615 1615 1615 1615 1559 1559 1560 1560 1615 1615 1560 1560 1616 1616 1616 1616 1560 1560 1561 1561 1616 1616 1561 1561 1617 1617 1617 1617 1561 1561 1562 1562 1617 1617 1562 1562 1618 1618 1618 1618 1562 1562 1563 1563 1618 1618 1563 1563 1619 1619 1619 1619 1563 1563 1564 1564 1619 1619 1564 1564 1620 1620 1620 1620 1564 1564 1565 1565 1620 1620 1565 1565 1621 1621 1621 1621 1565 1565 1566 1566 1621 1621 1566 1566 1622 1622 1622 1622 1566 1566 1567 1567 1622 1622 1567 1567 1623 1623 1623 1623 1567 1567 1568 1568 1623 1623 1568 1568 1624 1624 1624 1624 1568 1568 1569 1569 1624 1624 1569 1569 1625 1625 1625 1625 1569 1569 1570 1570 1625 1625 1570 1570 1626 1626 1626 1626 1570 1570 1571 1571 1626 1626 1571 1571 1627 1627 1627 1627 1571 1571 1572 1572 1627 1627 1572 1572 1628 1628 1628 1628 1572 1572 1573 1573 1628 1628 1573 1573 1629 1629 1629 1629 1573 1573 1574 1574 1629 1629 1574 1574 1576 1576 1576 1576 1574 1574 1575 1575 1629 1629 1576 1576 1630 1630 1630 1630 1576 1576 1577 1577 1630 1630 1577 1577 1631 1631 1631 1631 1577 1577 1632 1632 1632 1632 1577 1577 1578 1578 1632 1632 1578 1578 1633 1633 1633 1633 1578 1578 1579 1579 1633 1633 1579 1579 1634 1634 1634 1634 1579 1579 1580 1580 1634 1634 1580 1580 1635 1635 1635 1635 1580 1580 1581 1581 1635 1635 1581 1581 1582 1582 1635 1635 1582 1582 1636 1636 1636 1636 1582 1582 1637 1637 1637 1637 1582 1582 1583 1583 1637 1637 1583 1583 1638 1638 1638 1638 1583 1583 1584 1584 1638 1638 1584 1584 1639 1639 1639 1639 1584 1584 1585 1585 1639 1639 1585 1585 1640 1640 1640 1640 1585 1585 1586 1586 1640 1640 1586 1586 1641 1641 1641 1641 1586 1586 1587 1587 1641 1641 1587 1587 1642 1642 1642 1642 1587 1587 1588 1588 1642 1642 1588 1588 1643 1643 1643 1643 1588 1588 1589 1589 1643 1643 1589 1589 1644 1644 1644 1644 1589 1589 1590 1590 1644 1644 1590 1590 1645 1645 1645 1645 1590 1590 1591 1591 1645 1645 1591 1591 1646 1646 1646 1646 1591 1591 1592 1592 1646 1646 1592 1592 1647 1647 1647 1647 1592 1592 1593 1593 1647 1647 1593 1593 1648 1648 1648 1648 1593 1593 1594 1594 1648 1648 1594 1594 1649 1649 1649 1649 1594 1594 1595 1595 1649 1649 1595 1595 1650 1650 1650 1650 1595 1595 1596 1596 1650 1650 1596 1596 1651 1651 1651 1651 1596 1596 1597 1597 1651 1651 1597 1597 1652 1652 1652 1652 1597 1597 1598 1598 1652 1652 1598 1598 1653 1653 1653 1653 1598 1598 1599 1599 1653 1653 1599 1599 1654 1654 1654 1654 1599 1599 1600 1600 1654 1654 1600 1600 1655 1655 1655 1655 1600 1600 1601 1601 1655 1655 1601 1601 1603 1603 1603 1603 1601 1601 1602 1602 1655 1655 1603 1603 1604 1604 1655 1655 1604 1604 1656 1656 1656 1656 1604 1604 1605 1605 1656 1656 1605 1605 1657 1657 1657 1657 1605 1605 1606 1606 1657 1657 1606 1606 1658 1658 1658 1658 1606 1606 1607 1607 1658 1658 1607 1607 1608 1608 1658 1658 1608 1608 1659 1659 1659 1659 1608 1608 1609 1609 1659 1659 1609 1609 1660 1660 1660 1660 1609 1609 1610 1610 1660 1660 1610 1610 1661 1661 1661 1661 1610 1610 1611 1611 1661 1661 1611 1611 1662 1662 1662 1662 1611 1611 1612 1612 1662 1662 1612 1612 1663 1663 1663 1663 1612 1612 1613 1613 1663 1663 1613 1613 1664 1664 1664 1664 1613 1613 1614 1614 1664 1664 1614 1614 1665 1665 1665 1665 1614 1614 1615 1615 1665 1665 1615 1615 1666 1666 1666 1666 1615 1615 1616 1616 1666 1666 1616 1616 1667 1667 1667 1667 1616 1616 1617 1617 1667 1667 1617 1617 1668 1668 1668 1668 1617 1617 1618 1618 1668 1668 1618 1618 1669 1669 1669 1669 1618 1618 1619 1619 1669 1669 1619 1619 1670 1670 1670 1670 1619 1619 1620 1620 1670 1670 1620 1620 1671 1671 1671 1671 1620 1620 1621 1621 1671 1671 1621 1621 1672 1672 1672 1672 1621 1621 1622 1622 1672 1672 1622 1622 1673 1673 1673 1673 1622 1622 1623 1623 1673 1673 1623 1623 1674 1674 1674 1674 1623 1623 1624 1624 1674 1674 1624 1624 1675 1675 1675 1675 1624 1624 1625 1625 1675 1675 1625 1625 1676 1676 1676 1676 1625 1625 1626 1626 1676 1676 1626 1626 1677 1677 1677 1677 1626 1626 1627 1627 1677 1677 1627 1627 1678 1678 1678 1678 1627 1627 1628 1628 1678 1678 1628 1628 1630 1630 1630 1630 1628 1628 1629 1629 1678 1678 1630 1630 1631 1631 1678 1678 1631 1631 1679 1679 1679 1679 1631 1631 1632 1632 1679 1679 1632 1632 1680 1680 1680 1680 1632 1632 1633 1633 1680 1680 1633 1633 1681 1681 1681 1681 1633 1633 1634 1634 1681 1681 1634 1634 1635 1635 1681 1681 1635 1635 1636 1636 1681 1681 1636 1636 1682 1682 1682 1682 1636 1636 1683 1683 1683 1683 1636 1636 1637 1637 1683 1683 1637 1637 1684 1684 1684 1684 1637 1637 1638 1638 1684 1684 1638 1638 1685 1685 1685 1685 1638 1638 1639 1639 1685 1685 1639 1639 1686 1686 1686 1686 1639 1639 1640 1640 1686 1686 1640 1640 1687 1687 1687 1687 1640 1640 1641 1641 1687 1687 1641 1641 1688 1688 1688 1688 1641 1641 1642 1642 1688 1688 1642 1642 1689 1689 1689 1689 1642 1642 1643 1643 1689 1689 1643 1643 1690 1690 1690 1690 1643 1643 1644 1644 1690 1690 1644 1644 1691 1691 1691 1691 1644 1644 1645 1645 1691 1691 1645 1645 1692 1692 1692 1692 1645 1645 1646 1646 1692 1692 1646 1646 1693 1693 1693 1693 1646 1646 1647 1647 1693 1693 1647 1647 1694 1694 1694 1694 1647 1647 1648 1648 1694 1694 1648 1648 1695 1695 1695 1695 1648 1648 1649 1649 1695 1695 1649 1649 1696 1696 1696 1696 1649 1649 1650 1650 1696 1696 1650 1650 1697 1697 1697 1697 1650 1650 1651 1651 1697 1697 1651 1651 1698 1698 1698 1698 1651 1651 1652 1652 1698 1698 1652 1652 1699 1699 1699 1699 1652 1652 1653 1653 1699 1699 1653 1653 1700 1700 1700 1700 1653 1653 1654 1654 1700 1700 1654 1654 1656 1656 1656 1656 1654 1654 1655 1655 1700 1700 1656 1656 1657 1657 1700 1700 1657 1657 1701 1701 1701 1701 1657 1657 1658 1658 1701 1701 1658 1658 1659 1659 1701 1701 1659 1659 1702 1702 1702 1702 1659 1659 1660 1660 1702 1702 1660 1660 1703 1703 1703 1703 1660 1660 1661 1661 1703 1703 1661 1661 1704 1704 1704 1704 1661 1661 1662 1662 1704 1704 1662 1662 1705 1705 1705 1705 1662 1662 1663 1663 1705 1705 1663 1663 1706 1706 1706 1706 1663 1663 1664 1664 1706 1706 1664 1664 1707 1707 1707 1707 1664 1664 1665 1665 1707 1707 1665 1665 1708 1708 1708 1708 1665 1665 1666 1666 1708 1708 1666 1666 1709 1709 1709 1709 1666 1666 1667 1667 1709 1709 1667 1667 1710 1710 1710 1710 1667 1667 1668 1668 1710 1710 1668 1668 1711 1711 1711 1711 1668 1668 1669 1669 1711 1711 1669 1669 1712 1712 1712 1712 1669 1669 1670 1670 1712 1712 1670 1670 1713 1713 1713 1713 1670 1670 1671 1671 1713 1713 1671 1671 1714 1714 1714 1714 1671 1671 1672 1672 1714 1714 1672 1672 1715 1715 1715 1715 1672 1672 1673 1673 1715 1715 1673 1673 1716 1716 1716 1716 1673 1673 1674 1674 1716 1716 1674 1674 1717 1717 1717 1717 1674 1674 1675 1675 1717 1717 1675 1675 1718 1718 1718 1718 1675 1675 1676 1676 1718 1718 1676 1676 1719 1719 1719 1719 1676 1676 1677 1677 1719 1719 1677 1677 1679 1679 1679 1679 1677 1677 1678 1678 1719 1719 1679 1679 1680 1680 1719 1719 1680 1680 1682 1682 1682 1682 1680 1680 1681 1681 1719 1719 1682 1682 1718 1718 1718 1718 1682 1682 1683 1683 1718 1718 1683 1683 1717 1717 1717 1717 1683 1683 1684 1684 1717 1717 1684 1684 1716 1716 1716 1716 1684 1684 1685 1685 1716 1716 1685 1685 1715 1715 1715 1715 1685 1685 1686 1686 1715 1715 1686 1686 1714 1714 1714 1714 1686 1686 1687 1687 1714 1714 1687 1687 1713 1713 1713 1713 1687 1687 1688 1688 1713 1713 1688 1688 1712 1712 1712 1712 1688 1688 1689 1689 1712 1712 1689 1689 1711 1711 1711 1711 1689 1689 1690 1690 1711 1711 1690 1690 1710 1710 1710 1710 1690 1690 1691 1691 1710 1710 1691 1691 1709 1709 1709 1709 1691 1691 1692 1692 1709 1709 1692 1692 1708 1708 1708 1708 1692 1692 1693 1693 1708 1708 1693 1693 1707 1707 1707 1707 1693 1693 1694 1694 1707 1707 1694 1694 1706 1706 1706 1706 1694 1694 1695 1695 1706 1706 1695 1695 1705 1705 1705 1705 1695 1695 1696 1696 1705 1705 1696 1696 1704 1704 1704 1704 1696 1696 1697 1697 1704 1704 1697 1697 1703 1703 1703 1703 1697 1697 1698 1698 1703 1703 1698 1698 1702 1702 1702 1702 1698 1698 1699 1699 1702 1702 1699 1699 1701 1701 1701 1701 1699 1699 1700 1700 871 871 930 930 1720 1720 1720 1720 930 930 1721 1721 1721 1721 930 930 1722 1722 1722 1722 930 930 1723 1723 1723 1723 930 930 1724 1724 1724 1724 930 930 1725 1725 1725 1725 930 930 1726 1726 1726 1726 930 930 1727 1727 1727 1727 930 930 931 931 1727 1727 931 931 1728 1728 1728 1728 931 931 1729 1729 1729 1729 931 931 1730 1730 1730 1730 931 931 1731 1731 1731 1731 931 931 932 932 1731 1731 932 932 933 933 1731 1731 933 933 1732 1732 1732 1732 933 933 934 934 1732 1732 934 934 1733 1733 1733 1733 934 934 935 935 1733 1733 935 935 936 936 1733 1733 936 936 1734 1734 1734 1734 936 936 937 937 1734 1734 937 937 1735 1735 1735 1735 937 937 938 938 1735 1735 938 938 939 939 1735 1735 939 939 1736 1736 1736 1736 939 939 940 940 1736 1736 940 940 1737 1737 1737 1737 940 940 941 941 1737 1737 941 941 1738 1738 1738 1738 941 941 942 942 1738 1738 942 942 1739 1739 1739 1739 942 942 943 943 1739 1739 943 943 1740 1740 1740 1740 943 943 944 944 1740 1740 944 944 1741 1741 1741 1741 944 944 945 945 1741 1741 945 945 1742 1742 1742 1742 945 945 946 946 1742 1742 946 946 1743 1743 1743 1743 946 946 947 947 1743 1743 947 947 1744 1744 1744 1744 947 947 948 948 1744 1744 948 948 1745 1745 1745 1745 948 948 949 949 1745 1745 949 949 1746 1746 1746 1746 949 949 950 950 1746 1746 950 950 1747 1747 1747 1747 950 950 951 951 1747 1747 951 951 952 952 1747 1747 952 952 1748 1748 1748 1748 952 952 953 953 1748 1748 953 953 1749 1749 1749 1749 953 953 954 954 1749 1749 954 954 955 955 1749 1749 955 955 1750 1750 1750 1750 955 955 956 956 1750 1750 956 956 1751 1751 1751 1751 956 956 957 957 1751 1751 957 957 958 958 1751 1751 958 958 1752 1752 1752 1752 958 958 1753 1753 1753 1753 958 958 1754 1754 1754 1754 958 958 1755 1755 1755 1755 958 958 871 871 1755 1755 871 871 1756 1756 1756 1756 871 871 1757 1757 1757 1757 871 871 1758 1758 1758 1758 871 871 1759 1759 1759 1759 871 871 1760 1760 1760 1760 871 871 1761 1761 1761 1761 871 871 1720 1720 6381 6381 6382 6382 1762 1762 1762 1762 6383 6383 1763 1763 1763 1763 6384 6384 1764 1764 1764 1764 6385 6385 6386 6386 1764 1764 6387 6387 1765 1765 1765 1765 6388 6388 6389 6389 1765 1765 6390 6390 1766 1766 1766 1766 6391 6391 6392 6392 1766 1766 6393 6393 1767 1767 1767 1767 6394 6394 6395 6395 1767 1767 6396 6396 1768 1768 1768 1768 6397 6397 6398 6398 1768 1768 6399 6399 6400 6400 1769 1769 1725 1725 1726 1726 1769 1769 1726 1726 1770 1770 1770 1770 1726 1726 1727 1727 1770 1770 1727 1727 1771 1771 1771 1771 1727 1727 1728 1728 1771 1771 1728 1728 1772 1772 1772 1772 1728 1728 1729 1729 1772 1772 1729 1729 1773 1773 1773 1773 1729 1729 1730 1730 1773 1773 1730 1730 1774 1774 1774 1774 1730 1730 1731 1731 1774 1774 1731 1731 1775 1775 1775 1775 1731 1731 1732 1732 1775 1775 1732 1732 1776 1776 1776 1776 1732 1732 1733 1733 1776 1776 1733 1733 1777 1777 1777 1777 1733 1733 1734 1734 1777 1777 1734 1734 1778 1778 1778 1778 1734 1734 1735 1735 1778 1778 1735 1735 1779 1779 1779 1779 1735 1735 1736 1736 6401 6401 6402 6402 1780 1780 1780 1780 6403 6403 6404 6404 1780 1780 6405 6405 1781 1781 1781 1781 6406 6406 6407 6407 1781 1781 6408 6408 1782 1782 1782 1782 6409 6409 6410 6410 1782 1782 6411 6411 1783 1783 1783 1783 6412 6412 6413 6413 1783 1783 6414 6414 1784 1784 1784 1784 6415 6415 6416 6416 1784 1784 6417 6417 1785 1785 1785 1785 6418 6418 1786 1786 1786 1786 6419 6419 6420 6420 1786 1786 6421 6421 1787 1787 1787 1787 6422 6422 6423 6423 1787 1787 6424 6424 1788 1788 1788 1788 6425 6425 6426 6426 1788 1788 6427 6427 1789 1789 1789 1789 6428 6428 6429 6429 1789 1789 6430 6430 1790 1790 1790 1790 6431 6431 6432 6432 1790 1790 6433 6433 6434 6434 1791 1791 1746 1746 1747 1747 1791 1791 1747 1747 1792 1792 1792 1792 1747 1747 1748 1748 1792 1792 1748 1748 1793 1793 1793 1793 1748 1748 1749 1749 1793 1793 1749 1749 1794 1794 1794 1794 1749 1749 1750 1750 1794 1794 1750 1750 1795 1795 1795 1795 1750 1750 1751 1751 1795 1795 1751 1751 1796 1796 1796 1796 1751 1751 1752 1752 1796 1796 1752 1752 1797 1797 1797 1797 1752 1752 1753 1753 1797 1797 1753 1753 1798 1798 1798 1798 1753 1753 1754 1754 1798 1798 1754 1754 1799 1799 1799 1799 1754 1754 1755 1755 1799 1799 1755 1755 1800 1800 1800 1800 1755 1755 1756 1756 1800 1800 1756 1756 1801 1801 1801 1801 1756 1756 1757 1757 6435 6435 6436 6436 1802 1802 1802 1802 6437 6437 6438 6438 1802 1802 6439 6439 1803 1803 1803 1803 6440 6440 6441 6441 1803 1803 6442 6442 1804 1804 1804 1804 6443 6443 6444 6444 1804 1804 6445 6445 1805 1805 1805 1805 6446 6446 6447 6447 1805 1805 6448 6448 1762 1762 1805 1805 1762 1762 1806 1806 1806 1806 1762 1762 1807 1807 1807 1807 1762 1762 1763 1763 1807 1807 1763 1763 1808 1808 1808 1808 1763 1763 1764 1764 1808 1808 1764 1764 1809 1809 1809 1809 1764 1764 1765 1765 1809 1809 1765 1765 1810 1810 1810 1810 1765 1765 1766 1766 1810 1810 1766 1766 1811 1811 1811 1811 1766 1766 1767 1767 1811 1811 1767 1767 1812 1812 1812 1812 1767 1767 1768 1768 1812 1812 1768 1768 1813 1813 1813 1813 1768 1768 6449 6449 1813 1813 6450 6450 1814 1814 1814 1814 6451 6451 6452 6452 1814 1814 6453 6453 1815 1815 1815 1815 6454 6454 6455 6455 1815 1815 6456 6456 1816 1816 1816 1816 6457 6457 6458 6458 1816 1816 6459 6459 6460 6460 1817 1817 1772 1772 1773 1773 1817 1817 1773 1773 1818 1818 1818 1818 1773 1773 1774 1774 1818 1818 1774 1774 1819 1819 1819 1819 1774 1774 1775 1775 6461 6461 6462 6462 1820 1820 1820 1820 6463 6463 6464 6464 1820 1820 6465 6465 1821 1821 1821 1821 6466 6466 6467 6467 1821 1821 6468 6468 1822 1822 1822 1822 6469 6469 6470 6470 1822 1822 6471 6471 1823 1823 1823 1823 6472 6472 6473 6473 1823 1823 6474 6474 1824 1824 1824 1824 6475 6475 1780 1780 1824 1824 1780 1780 1825 1825 1825 1825 1780 1780 1781 1781 1825 1825 1781 1781 1826 1826 1826 1826 1781 1781 1782 1782 1826 1826 1782 1782 1827 1827 1827 1827 1782 1782 1783 1783 1827 1827 1783 1783 1828 1828 1828 1828 1783 1783 1784 1784 1828 1828 1784 1784 1829 1829 1829 1829 1784 1784 1785 1785 1829 1829 1785 1785 1830 1830 1830 1830 1785 1785 1786 1786 1830 1830 1786 1786 1831 1831 1831 1831 1786 1786 1787 1787 1831 1831 1787 1787 1832 1832 1832 1832 1787 1787 1788 1788 1832 1832 1788 1788 1833 1833 1833 1833 1788 1788 1789 1789 1833 1833 1789 1789 1834 1834 1834 1834 1789 1789 1790 1790 1834 1834 1790 1790 1835 1835 1835 1835 1790 1790 6476 6476 1835 1835 6477 6477 1836 1836 1836 1836 6478 6478 6479 6479 1836 1836 6480 6480 1837 1837 1837 1837 6481 6481 6482 6482 1837 1837 6483 6483 1838 1838 1838 1838 6484 6484 6485 6485 1838 1838 6486 6486 6487 6487 1839 1839 1794 1794 1795 1795 1839 1839 1795 1795 1840 1840 1840 1840 1795 1795 1796 1796 1840 1840 1796 1796 1841 1841 1841 1841 1796 1796 1797 1797 6488 6488 6489 6489 1842 1842 1842 1842 6490 6490 6491 6491 1842 1842 6492 6492 1843 1843 1843 1843 6493 6493 6494 6494 1843 1843 6495 6495 1844 1844 1844 1844 6496 6496 6497 6497 1844 1844 6498 6498 1845 1845 1845 1845 6499 6499 6500 6500 1845 1845 6501 6501 1846 1846 1846 1846 6502 6502 1802 1802 1846 1846 1802 1802 1847 1847 1847 1847 1802 1802 1803 1803 1847 1847 1803 1803 1848 1848 1848 1848 1803 1803 1804 1804 1848 1848 1804 1804 1849 1849 1849 1849 1804 1804 1805 1805 1849 1849 1805 1805 1806 1806 1849 1849 1806 1806 1850 1850 1850 1850 1806 1806 1851 1851 1851 1851 1806 1806 1807 1807 1851 1851 1807 1807 1852 1852 1852 1852 1807 1807 1808 1808 1852 1852 1808 1808 1853 1853 1853 1853 1808 1808 1809 1809 1853 1853 1809 1809 1854 1854 1854 1854 1809 1809 1810 1810 1854 1854 1810 1810 1855 1855 1855 1855 1810 1810 1811 1811 1855 1855 1811 1811 1856 1856 1856 1856 1811 1811 1812 1812 1856 1856 1812 1812 1857 1857 1857 1857 1812 1812 1813 1813 1857 1857 1813 1813 1858 1858 1858 1858 1813 1813 1814 1814 1858 1858 1814 1814 1859 1859 1859 1859 1814 1814 1815 1815 1859 1859 1815 1815 1860 1860 1860 1860 1815 1815 1816 1816 1860 1860 1816 1816 1861 1861 1861 1861 1816 1816 6503 6503 1861 1861 6504 6504 6505 6505 6506 6506 1817 1817 1818 1818 6507 6507 6508 6508 1863 1863 1863 1863 6509 6509 6510 6510 1863 1863 6511 6511 1864 1864 1864 1864 6512 6512 1820 1820 1864 1864 1820 1820 1865 1865 1865 1865 1820 1820 1821 1821 1865 1865 1821 1821 1866 1866 1866 1866 1821 1821 1822 1822 1866 1866 1822 1822 1867 1867 1867 1867 1822 1822 1823 1823 1867 1867 1823 1823 1868 1868 1868 1868 1823 1823 1824 1824 1868 1868 1824 1824 1869 1869 1869 1869 1824 1824 1825 1825 1869 1869 1825 1825 1870 1870 1870 1870 1825 1825 1826 1826 1870 1870 1826 1826 1871 1871 1871 1871 1826 1826 1827 1827 1871 1871 1827 1827 1872 1872 1872 1872 1827 1827 1828 1828 1872 1872 1828 1828 1873 1873 1873 1873 1828 1828 1829 1829 1873 1873 1829 1829 1874 1874 1874 1874 1829 1829 1830 1830 1874 1874 1830 1830 1875 1875 1875 1875 1830 1830 1831 1831 1875 1875 1831 1831 1876 1876 1876 1876 1831 1831 1832 1832 1876 1876 1832 1832 1877 1877 1877 1877 1832 1832 1833 1833 1877 1877 1833 1833 1878 1878 1878 1878 1833 1833 1834 1834 1878 1878 1834 1834 1879 1879 1879 1879 1834 1834 1835 1835 1879 1879 1835 1835 1880 1880 1880 1880 1835 1835 1836 1836 1880 1880 1836 1836 1881 1881 1881 1881 1836 1836 1837 1837 1881 1881 1837 1837 1882 1882 1882 1882 1837 1837 1838 1838 1882 1882 1838 1838 1883 1883 1883 1883 1838 1838 6513 6513 1883 1883 6514 6514 6515 6515 6516 6516 1839 1839 1840 1840 6517 6517 6518 6518 1885 1885 1885 1885 6519 6519 6520 6520 1885 1885 6521 6521 1886 1886 1886 1886 6522 6522 1842 1842 1886 1886 1842 1842 1887 1887 1887 1887 1842 1842 1843 1843 1887 1887 1843 1843 1888 1888 1888 1888 1843 1843 1844 1844 1888 1888 1844 1844 1889 1889 1889 1889 1844 1844 1845 1845 1889 1889 1845 1845 1890 1890 1890 1890 1845 1845 1846 1846 1890 1890 1846 1846 1891 1891 1891 1891 1846 1846 1847 1847 1891 1891 1847 1847 1892 1892 1892 1892 1847 1847 1848 1848 1892 1892 1848 1848 1893 1893 1893 1893 1848 1848 1849 1849 1893 1893 1849 1849 1850 1850 1893 1893 1850 1850 1894 1894 1894 1894 1850 1850 1895 1895 1895 1895 1850 1850 1851 1851 1895 1895 1851 1851 1852 1852 1895 1895 1852 1852 1896 1896 1896 1896 1852 1852 1853 1853 1896 1896 1853 1853 1897 1897 1897 1897 1853 1853 1854 1854 1897 1897 1854 1854 1898 1898 1898 1898 1854 1854 1855 1855 1898 1898 1855 1855 1899 1899 1899 1899 1855 1855 1856 1856 1899 1899 1856 1856 1900 1900 1900 1900 1856 1856 1857 1857 1900 1900 1857 1857 1901 1901 1901 1901 1857 1857 1858 1858 1901 1901 1858 1858 1902 1902 1902 1902 1858 1858 1859 1859 1902 1902 1859 1859 1860 1860 1902 1902 1860 1860 1903 1903 1903 1903 1860 1860 1861 1861 1903 1903 1861 1861 1904 1904 1904 1904 1861 1861 6523 6523 1904 1904 6524 6524 6525 6525 6526 6526 6527 6527 1863 1863 6528 6528 1863 1863 1906 1906 1906 1906 1863 1863 1864 1864 1906 1906 1864 1864 1907 1907 1907 1907 1864 1864 1865 1865 1907 1907 1865 1865 1908 1908 1908 1908 1865 1865 1866 1866 1908 1908 1866 1866 1909 1909 1909 1909 1866 1866 1867 1867 1909 1909 1867 1867 1910 1910 1910 1910 1867 1867 1868 1868 1910 1910 1868 1868 1869 1869 1910 1910 1869 1869 1911 1911 1911 1911 1869 1869 1870 1870 1911 1911 1870 1870 1912 1912 1912 1912 1870 1870 1871 1871 1912 1912 1871 1871 1913 1913 1913 1913 1871 1871 1872 1872 1913 1913 1872 1872 1914 1914 1914 1914 1872 1872 1873 1873 1914 1914 1873 1873 1915 1915 1915 1915 1873 1873 1874 1874 1915 1915 1874 1874 1916 1916 1916 1916 1874 1874 1875 1875 1916 1916 1875 1875 1917 1917 1917 1917 1875 1875 1876 1876 1917 1917 1876 1876 1918 1918 1918 1918 1876 1876 1877 1877 1918 1918 1877 1877 1878 1878 1918 1918 1878 1878 1919 1919 1919 1919 1878 1878 1879 1879 1919 1919 1879 1879 1920 1920 1920 1920 1879 1879 1880 1880 1920 1920 1880 1880 1921 1921 1921 1921 1880 1880 1881 1881 1921 1921 1881 1881 1922 1922 1922 1922 1881 1881 1882 1882 1922 1922 1882 1882 1923 1923 1923 1923 1882 1882 1883 1883 1923 1923 1883 1883 6529 6529 6530 6530 1883 1883 6531 6531 6532 6532 6533 6533 1925 1925 1925 1925 6534 6534 1885 1885 1925 1925 1885 1885 1926 1926 1926 1926 1885 1885 1886 1886 1926 1926 1886 1886 1887 1887 1926 1926 1887 1887 1927 1927 1927 1927 1887 1887 1888 1888 1927 1927 1888 1888 1928 1928 1928 1928 1888 1888 1889 1889 1928 1928 1889 1889 1929 1929 1929 1929 1889 1889 1890 1890 1929 1929 1890 1890 1930 1930 1930 1930 1890 1890 1891 1891 1930 1930 1891 1891 1931 1931 1931 1931 1891 1891 1892 1892 1931 1931 1892 1892 1932 1932 1932 1932 1892 1892 1893 1893 1932 1932 1893 1893 1894 1894 1932 1932 1894 1894 1933 1933 1933 1933 1894 1894 1934 1934 1934 1934 1894 1894 1895 1895 1934 1934 1895 1895 1935 1935 1935 1935 1895 1895 1896 1896 1935 1935 1896 1896 1936 1936 1936 1936 1896 1896 1897 1897 1936 1936 1897 1897 1937 1937 1937 1937 1897 1897 1898 1898 1937 1937 1898 1898 1938 1938 1938 1938 1898 1898 1899 1899 1938 1938 1899 1899 1939 1939 1939 1939 1899 1899 1900 1900 1939 1939 1900 1900 1940 1940 1940 1940 1900 1900 1901 1901 1940 1940 1901 1901 1941 1941 1941 1941 1901 1901 1902 1902 1941 1941 1902 1902 1942 1942 1942 1942 1902 1902 1903 1903 1942 1942 1903 1903 1943 1943 1943 1943 1903 1903 1904 1904 1943 1943 1904 1904 6535 6535 6536 6536 1904 1904 6537 6537 6538 6538 6539 6539 1945 1945 1945 1945 6540 6540 1906 1906 1945 1945 1906 1906 1946 1946 1946 1946 1906 1906 1907 1907 1946 1946 1907 1907 1947 1947 1947 1947 1907 1907 1908 1908 1947 1947 1908 1908 1948 1948 1948 1948 1908 1908 1909 1909 1948 1948 1909 1909 1949 1949 1949 1949 1909 1909 1910 1910 1949 1949 1910 1910 1950 1950 1950 1950 1910 1910 1911 1911 1950 1950 1911 1911 1951 1951 1951 1951 1911 1911 1912 1912 1951 1951 1912 1912 1952 1952 1952 1952 1912 1912 1913 1913 1952 1952 1913 1913 1953 1953 1953 1953 1913 1913 1914 1914 1953 1953 1914 1914 1954 1954 1954 1954 1914 1914 1915 1915 1954 1954 1915 1915 1955 1955 1955 1955 1915 1915 1916 1916 1955 1955 1916 1916 1956 1956 1956 1956 1916 1916 1917 1917 1956 1956 1917 1917 1957 1957 1957 1957 1917 1917 1918 1918 1957 1957 1918 1918 1958 1958 1958 1958 1918 1918 1919 1919 1958 1958 1919 1919 1959 1959 1959 1959 1919 1919 1920 1920 1959 1959 1920 1920 1960 1960 1960 1960 1920 1920 1921 1921 1960 1960 1921 1921 1961 1961 1961 1961 1921 1921 1922 1922 1961 1961 1922 1922 1962 1962 1962 1962 1922 1922 1923 1923 1962 1962 1923 1923 6541 6541 6542 6542 1923 1923 6543 6543 6544 6544 6545 6545 1964 1964 1964 1964 6546 6546 1925 1925 1964 1964 1925 1925 1965 1965 1965 1965 1925 1925 1926 1926 1965 1965 1926 1926 1966 1966 1966 1966 1926 1926 1927 1927 1966 1966 1927 1927 1967 1967 1967 1967 1927 1927 1928 1928 1967 1967 1928 1928 1968 1968 1968 1968 1928 1928 1929 1929 1968 1968 1929 1929 1969 1969 1969 1969 1929 1929 1930 1930 1969 1969 1930 1930 1970 1970 1970 1970 1930 1930 1931 1931 1970 1970 1931 1931 1971 1971 1971 1971 1931 1931 1932 1932 1971 1971 1932 1932 1933 1933 1971 1971 1933 1933 1972 1972 1972 1972 1933 1933 1973 1973 1973 1973 1933 1933 1934 1934 1973 1973 1934 1934 1974 1974 1974 1974 1934 1934 1975 1975 1975 1975 1934 1934 1935 1935 1975 1975 1935 1935 1976 1976 1976 1976 1935 1935 1936 1936 1976 1976 1936 1936 1977 1977 1977 1977 1936 1936 1937 1937 1977 1977 1937 1937 1978 1978 1978 1978 1937 1937 1938 1938 1978 1978 1938 1938 1979 1979 1979 1979 1938 1938 1939 1939 1979 1979 1939 1939 1980 1980 1980 1980 1939 1939 1940 1940 1980 1980 1940 1940 1981 1981 1981 1981 1940 1940 1941 1941 1981 1981 1941 1941 1982 1982 1982 1982 1941 1941 1942 1942 1982 1982 1942 1942 1983 1983 1983 1983 1942 1942 1984 1984 1984 1984 1942 1942 1943 1943 1984 1984 1943 1943 6547 6547 6548 6548 1943 1943 6549 6549 6550 6550 6551 6551 1986 1986 1986 1986 6552 6552 1945 1945 1986 1986 1945 1945 1987 1987 1987 1987 1945 1945 1946 1946 1987 1987 1946 1946 1988 1988 1988 1988 1946 1946 1947 1947 1988 1988 1947 1947 1989 1989 1989 1989 1947 1947 1948 1948 1989 1989 1948 1948 1990 1990 1990 1990 1948 1948 1949 1949 1990 1990 1949 1949 1991 1991 1991 1991 1949 1949 1950 1950 1991 1991 1950 1950 1992 1992 1992 1992 1950 1950 1993 1993 1993 1993 1950 1950 1951 1951 1993 1993 1951 1951 1994 1994 1994 1994 1951 1951 1952 1952 1994 1994 1952 1952 1995 1995 1995 1995 1952 1952 1953 1953 1995 1995 1953 1953 1996 1996 1996 1996 1953 1953 1954 1954 1996 1996 1954 1954 1997 1997 1997 1997 1954 1954 1955 1955 1997 1997 1955 1955 1998 1998 1998 1998 1955 1955 1956 1956 1998 1998 1956 1956 1999 1999 1999 1999 1956 1956 1957 1957 1999 1999 1957 1957 2000 2000 2000 2000 1957 1957 1958 1958 2000 2000 1958 1958 2001 2001 2001 2001 1958 1958 2002 2002 2002 2002 1958 1958 1959 1959 2002 2002 1959 1959 2003 2003 2003 2003 1959 1959 1960 1960 2003 2003 1960 1960 2004 2004 2004 2004 1960 1960 1961 1961 2004 2004 1961 1961 2005 2005 2005 2005 1961 1961 1962 1962 2005 2005 1962 1962 2006 2006 2006 2006 1962 1962 6553 6553 2006 2006 6554 6554 6555 6555 6556 6556 6557 6557 1964 1964 6558 6558 1964 1964 2008 2008 2008 2008 1964 1964 1965 1965 2008 2008 1965 1965 2009 2009 2009 2009 1965 1965 1966 1966 2009 2009 1966 1966 2010 2010 2010 2010 1966 1966 2011 2011 2011 2011 1966 1966 1967 1967 2011 2011 1967 1967 2012 2012 2012 2012 1967 1967 1968 1968 2012 2012 1968 1968 2013 2013 2013 2013 1968 1968 1969 1969 2013 2013 1969 1969 2014 2014 2014 2014 1969 1969 1970 1970 2014 2014 1970 1970 2015 2015 2015 2015 1970 1970 1971 1971 2015 2015 1971 1971 1972 1972 2015 2015 1972 1972 2016 2016 2016 2016 1972 1972 2017 2017 2017 2017 1972 1972 1973 1973 2017 2017 1973 1973 2018 2018 2018 2018 1973 1973 1974 1974 2018 2018 1974 1974 2019 2019 2019 2019 1974 1974 1975 1975 2019 2019 1975 1975 2020 2020 2020 2020 1975 1975 1976 1976 2020 2020 1976 1976 2021 2021 2021 2021 1976 1976 1977 1977 2021 2021 1977 1977 2022 2022 2022 2022 1977 1977 1978 1978 2022 2022 1978 1978 2023 2023 2023 2023 1978 1978 1979 1979 2023 2023 1979 1979 2024 2024 2024 2024 1979 1979 1980 1980 2024 2024 1980 1980 2025 2025 2025 2025 1980 1980 1981 1981 2025 2025 1981 1981 2026 2026 2026 2026 1981 1981 1982 1982 2026 2026 1982 1982 2027 2027 2027 2027 1982 1982 1983 1983 2027 2027 1983 1983 6559 6559 6560 6560 1983 1983 1984 1984 6561 6561 1984 1984 6562 6562 6563 6563 1984 1984 6564 6564 2029 2029 6565 6565 2030 2030 6566 6566 6567 6567 1986 1986 6568 6568 1986 1986 2031 2031 2031 2031 1986 1986 1987 1987 2031 2031 1987 1987 2032 2032 2032 2032 1987 1987 1988 1988 2032 2032 1988 1988 2033 2033 2033 2033 1988 1988 1989 1989 2033 2033 1989 1989 2034 2034 2034 2034 1989 1989 1990 1990 2034 2034 1990 1990 2035 2035 2035 2035 1990 1990 1991 1991 2035 2035 1991 1991 2036 2036 2036 2036 1991 1991 1992 1992 2036 2036 1992 1992 2037 2037 2037 2037 1992 1992 1993 1993 2037 2037 1993 1993 2038 2038 2038 2038 1993 1993 1994 1994 2038 2038 1994 1994 2039 2039 2039 2039 1994 1994 1995 1995 2039 2039 1995 1995 2040 2040 2040 2040 1995 1995 1996 1996 2040 2040 1996 1996 2041 2041 2041 2041 1996 1996 1997 1997 2041 2041 1997 1997 2042 2042 2042 2042 1997 1997 1998 1998 2042 2042 1998 1998 2043 2043 2043 2043 1998 1998 1999 1999 2043 2043 1999 1999 2044 2044 2044 2044 1999 1999 2000 2000 2044 2044 2000 2000 2045 2045 2045 2045 2000 2000 2001 2001 2045 2045 2001 2001 2046 2046 2046 2046 2001 2001 2002 2002 2046 2046 2002 2002 2047 2047 2047 2047 2002 2002 2003 2003 2047 2047 2003 2003 2048 2048 2048 2048 2003 2003 2004 2004 2048 2048 2004 2004 2049 2049 2049 2049 2004 2004 2005 2005 2049 2049 2005 2005 6569 6569 6570 6570 2005 2005 2006 2006 6571 6571 2006 2006 6572 6572 6573 6573 2006 2006 6574 6574 2051 2051 6575 6575 2052 2052 6576 6576 6577 6577 2008 2008 6578 6578 2008 2008 2053 2053 2053 2053 2008 2008 2009 2009 2053 2053 2009 2009 2054 2054 2054 2054 2009 2009 2010 2010 2054 2054 2010 2010 2055 2055 2055 2055 2010 2010 2011 2011 2055 2055 2011 2011 2056 2056 2056 2056 2011 2011 2012 2012 2056 2056 2012 2012 2057 2057 2057 2057 2012 2012 2013 2013 2057 2057 2013 2013 2058 2058 2058 2058 2013 2013 2014 2014 2058 2058 2014 2014 2059 2059 2059 2059 2014 2014 2015 2015 2059 2059 2015 2015 2016 2016 2059 2059 2016 2016 2060 2060 2060 2060 2016 2016 2061 2061 2061 2061 2016 2016 2017 2017 2061 2061 2017 2017 2062 2062 2062 2062 2017 2017 2018 2018 2062 2062 2018 2018 2063 2063 2063 2063 2018 2018 2019 2019 2063 2063 2019 2019 2064 2064 2064 2064 2019 2019 2020 2020 2064 2064 2020 2020 2065 2065 2065 2065 2020 2020 2021 2021 2065 2065 2021 2021 2066 2066 2066 2066 2021 2021 2022 2022 2066 2066 2022 2022 2067 2067 2067 2067 2022 2022 2023 2023 2067 2067 2023 2023 6579 6579 6580 6580 2023 2023 2024 2024 6581 6581 2024 2024 6582 6582 6583 6583 2024 2024 2025 2025 6584 6584 2025 2025 6585 6585 6586 6586 2025 2025 2026 2026 6587 6587 2026 2026 6588 6588 6589 6589 2026 2026 2027 2027 6590 6590 2027 2027 6591 6591 6592 6592 2027 2027 6593 6593 2072 2072 2028 2028 2073 2073 2073 2073 2028 2028 2029 2029 2073 2073 2029 2029 2074 2074 2074 2074 2029 2029 2030 2030 2074 2074 2030 2030 2075 2075 6594 6594 6595 6595 2031 2031 6596 6596 2031 2031 6597 6597 6598 6598 2031 2031 2032 2032 6599 6599 2032 2032 6600 6600 6601 6601 2032 2032 2033 2033 6602 6602 2033 2033 6603 6603 6604 6604 2033 2033 2034 2034 6605 6605 2034 2034 2079 2079 2079 2079 2034 2034 2035 2035 2079 2079 2035 2035 2080 2080 2080 2080 2035 2035 2036 2036 2080 2080 2036 2036 2081 2081 2081 2081 2036 2036 2037 2037 2081 2081 2037 2037 2082 2082 2082 2082 2037 2037 2038 2038 2082 2082 2038 2038 2083 2083 2083 2083 2038 2038 2039 2039 2083 2083 2039 2039 2084 2084 2084 2084 2039 2039 2040 2040 2084 2084 2040 2040 2085 2085 2085 2085 2040 2040 2041 2041 2085 2085 2041 2041 2086 2086 2086 2086 2041 2041 2042 2042 2086 2086 2042 2042 2087 2087 2087 2087 2042 2042 2043 2043 2087 2087 2043 2043 2088 2088 2088 2088 2043 2043 2044 2044 2088 2088 2044 2044 2089 2089 2089 2089 2044 2044 2045 2045 2089 2089 2045 2045 6606 6606 6607 6607 2045 2045 2046 2046 6608 6608 2046 2046 6609 6609 6610 6610 2046 2046 2047 2047 6611 6611 2047 2047 6612 6612 6613 6613 2047 2047 2048 2048 6614 6614 2048 2048 6615 6615 6616 6616 2048 2048 2049 2049 6617 6617 2049 2049 6618 6618 6619 6619 2049 2049 6620 6620 2094 2094 2050 2050 2095 2095 2095 2095 2050 2050 2051 2051 2095 2095 2051 2051 2096 2096 2096 2096 2051 2051 2052 2052 2096 2096 2052 2052 2097 2097 6621 6621 6622 6622 2053 2053 6623 6623 2053 2053 6624 6624 6625 6625 2053 2053 2054 2054 6626 6626 2054 2054 6627 6627 6628 6628 2054 2054 2055 2055 6629 6629 2055 2055 6630 6630 6631 6631 2055 2055 2056 2056 6632 6632 2056 2056 2101 2101 2101 2101 2056 2056 2057 2057 2101 2101 2057 2057 2102 2102 2102 2102 2057 2057 2058 2058 2102 2102 2058 2058 2103 2103 2103 2103 2058 2058 2059 2059 2103 2103 2059 2059 2060 2060 2103 2103 2060 2060 6633 6633 6634 6634 2060 2060 6635 6635 6636 6636 2060 2060 2061 2061 6637 6637 2061 2061 6638 6638 6639 6639 2061 2061 2062 2062 6640 6640 2062 2062 2063 2063 6641 6641 2063 2063 6642 6642 6643 6643 2063 2063 2064 2064 6644 6644 2064 2064 6645 6645 6646 6646 2064 2064 2065 2065 6647 6647 2065 2065 6648 6648 6649 6649 2065 2065 2066 2066 6650 6650 2066 2066 6651 6651 6652 6652 2066 2066 2067 2067 6653 6653 2067 2067 6654 6654 6655 6655 2067 2067 6656 6656 2111 2111 2068 2068 2112 2112 2112 2112 2068 2068 2069 2069 2112 2112 2069 2069 2113 2113 2113 2113 2069 2069 2070 2070 2113 2113 2070 2070 2114 2114 2114 2114 2070 2070 2071 2071 2114 2114 2071 2071 2115 2115 2115 2115 2071 2071 2072 2072 2115 2115 2072 2072 2116 2116 2116 2116 2072 2072 2073 2073 2116 2116 2073 2073 2117 2117 2117 2117 2073 2073 2074 2074 2117 2117 2074 2074 2118 2118 2118 2118 2074 2074 2075 2075 2118 2118 2075 2075 2119 2119 2119 2119 2075 2075 2076 2076 2119 2119 2076 2076 2120 2120 2120 2120 2076 2076 2077 2077 2120 2120 2077 2077 2121 2121 2121 2121 2077 2077 2078 2078 2121 2121 2078 2078 2122 2122 6657 6657 6658 6658 2079 2079 6659 6659 2079 2079 6660 6660 6661 6661 2079 2079 2080 2080 6662 6662 2080 2080 6663 6663 6664 6664 2080 2080 2081 2081 6665 6665 2081 2081 6666 6666 6667 6667 2081 2081 2082 2082 6668 6668 2082 2082 6669 6669 6670 6670 2082 2082 2083 2083 6671 6671 2083 2083 6672 6672 6673 6673 2083 2083 2084 2084 6674 6674 2084 2084 2085 2085 6675 6675 2085 2085 6676 6676 6677 6677 2085 2085 2086 2086 6678 6678 2086 2086 6679 6679 6680 6680 2086 2086 2087 2087 6681 6681 2087 2087 6682 6682 6683 6683 2087 2087 2088 2088 6684 6684 2088 2088 6685 6685 6686 6686 2088 2088 2089 2089 6687 6687 2089 2089 6688 6688 6689 6689 2089 2089 6690 6690 2132 2132 2090 2090 2133 2133 2133 2133 2090 2090 2091 2091 2133 2133 2091 2091 2134 2134 2134 2134 2091 2091 2092 2092 2134 2134 2092 2092 2135 2135 2135 2135 2092 2092 2093 2093 2135 2135 2093 2093 2136 2136 2136 2136 2093 2093 2094 2094 2136 2136 2094 2094 2137 2137 2137 2137 2094 2094 2095 2095 2137 2137 2095 2095 2138 2138 2138 2138 2095 2095 2096 2096 2138 2138 2096 2096 2139 2139 2139 2139 2096 2096 2097 2097 2139 2139 2097 2097 2140 2140 2140 2140 2097 2097 2098 2098 2140 2140 2098 2098 2141 2141 2141 2141 2098 2098 2099 2099 2141 2141 2099 2099 2142 2142 2142 2142 2099 2099 2100 2100 2142 2142 2100 2100 2143 2143 6691 6691 6692 6692 2101 2101 6693 6693 2101 2101 6694 6694 6695 6695 2101 2101 2102 2102 6696 6696 2102 2102 6697 6697 6698 6698 2102 2102 2103 2103 6699 6699 2103 2103 6700 6700 2145 2145 2104 2104 2146 2146 2146 2146 2104 2104 2147 2147 2147 2147 2104 2104 2105 2105 2147 2147 2105 2105 2148 2148 2148 2148 2105 2105 2149 2149 2149 2149 2105 2105 2106 2106 2149 2149 2106 2106 2150 2150 2150 2150 2106 2106 2151 2151 2151 2151 2106 2106 2152 2152 2152 2152 2106 2106 2153 2153 2153 2153 2106 2106 2154 2154 2154 2154 2106 2106 2107 2107 2154 2154 2107 2107 2155 2155 2155 2155 2107 2107 2156 2156 2156 2156 2107 2107 2157 2157 2157 2157 2107 2107 2108 2108 2157 2157 2108 2108 2158 2158 2158 2158 2108 2108 2109 2109 2158 2158 2109 2109 2159 2159 2159 2159 2109 2109 2110 2110 2159 2159 2110 2110 2160 2160 2160 2160 2110 2110 2111 2111 2160 2160 2111 2111 2161 2161 2161 2161 2111 2111 2112 2112 2161 2161 2112 2112 2162 2162 2162 2162 2112 2112 2113 2113 2162 2162 2113 2113 2163 2163 2163 2163 2113 2113 2164 2164 2164 2164 2113 2113 2114 2114 2164 2164 2114 2114 2115 2115 2164 2164 2115 2115 2116 2116 2164 2164 2116 2116 2117 2117 2164 2164 2117 2117 2165 2165 2165 2165 2117 2117 2166 2166 2166 2166 2117 2117 2167 2167 2167 2167 2117 2117 2118 2118 2167 2167 2118 2118 2168 2168 2168 2168 2118 2118 2169 2169 2169 2169 2118 2118 2119 2119 2169 2169 2119 2119 2170 2170 2170 2170 2119 2119 2120 2120 2170 2170 2120 2120 2171 2171 2171 2171 2120 2120 2121 2121 2171 2171 2121 2121 2172 2172 2172 2172 2121 2121 2122 2122 2172 2172 2122 2122 2173 2173 2173 2173 2122 2122 2123 2123 2173 2173 2123 2123 2174 2174 2174 2174 2123 2123 2124 2124 2174 2174 2124 2124 2175 2175 2175 2175 2124 2124 2125 2125 2175 2175 2125 2125 2176 2176 2176 2176 2125 2125 2126 2126 2176 2176 2126 2126 2177 2177 2177 2177 2126 2126 2127 2127 2177 2177 2127 2127 2178 2178 2178 2178 2127 2127 2128 2128 2178 2178 2128 2128 2179 2179 2179 2179 2128 2128 2129 2129 2179 2179 2129 2129 2180 2180 2180 2180 2129 2129 2130 2130 2180 2180 2130 2130 2181 2181 2181 2181 2130 2130 2131 2131 2181 2181 2131 2131 2182 2182 2182 2182 2131 2131 2132 2132 2182 2182 2132 2132 2183 2183 2183 2183 2132 2132 2133 2133 2183 2183 2133 2133 2184 2184 2184 2184 2133 2133 2134 2134 2184 2184 2134 2134 2185 2185 2185 2185 2134 2134 2135 2135 2185 2185 2135 2135 2186 2186 2186 2186 2135 2135 2136 2136 2186 2186 2136 2136 2187 2187 2187 2187 2136 2136 2188 2188 2188 2188 2136 2136 2137 2137 2188 2188 2137 2137 2189 2189 2189 2189 2137 2137 2190 2190 2190 2190 2137 2137 2191 2191 2191 2191 2137 2137 2138 2138 2191 2191 2138 2138 2139 2139 2191 2191 2139 2139 2140 2140 2191 2191 2140 2140 2141 2141 2191 2191 2141 2141 2192 2192 2192 2192 2141 2141 2193 2193 2193 2193 2141 2141 2142 2142 2193 2193 2142 2142 2194 2194 2194 2194 2142 2142 2143 2143 2194 2194 2143 2143 2195 2195 2195 2195 2143 2143 2144 2144 2195 2195 2144 2144 2196 2196 2196 2196 2144 2144 2145 2145 2196 2196 2145 2145 2146 2146 2196 2196 2146 2146 2197 2197 2197 2197 2146 2146 2198 2198 2198 2198 2146 2146 2147 2147 2198 2198 2147 2147 2199 2199 2199 2199 2147 2147 2200 2200 2200 2200 2147 2147 2148 2148 2200 2200 2148 2148 2201 2201 2201 2201 2148 2148 2149 2149 2201 2201 2149 2149 2202 2202 2202 2202 2149 2149 2150 2150 2202 2202 2150 2150 2203 2203 2203 2203 2150 2150 2151 2151 2203 2203 2151 2151 2204 2204 2204 2204 2151 2151 2152 2152 2204 2204 2152 2152 2205 2205 2205 2205 2152 2152 2206 2206 2206 2206 2152 2152 2153 2153 2206 2206 2153 2153 2207 2207 2207 2207 2153 2153 2154 2154 2207 2207 2154 2154 2208 2208 2208 2208 2154 2154 2155 2155 2208 2208 2155 2155 2209 2209 2209 2209 2155 2155 2156 2156 2209 2209 2156 2156 2210 2210 2210 2210 2156 2156 2157 2157 2210 2210 2157 2157 2211 2211 2211 2211 2157 2157 2158 2158 2211 2211 2158 2158 2212 2212 2212 2212 2158 2158 2213 2213 2213 2213 2158 2158 2159 2159 2213 2213 2159 2159 2214 2214 2214 2214 2159 2159 2215 2215 2215 2215 2159 2159 2160 2160 2215 2215 2160 2160 2216 2216 2216 2216 2160 2160 2161 2161 2216 2216 2161 2161 2217 2217 2217 2217 2161 2161 2162 2162 2217 2217 2162 2162 2218 2218 2219 2219 2192 2192 2193 2193 2219 2219 2193 2193 2220 2220 2220 2220 2193 2193 2221 2221 2221 2221 2193 2193 2194 2194 2221 2221 2194 2194 2195 2195 2221 2221 2195 2195 2222 2222 2222 2222 2195 2195 2196 2196 2222 2222 2196 2196 2197 2197 6701 6701 6702 6702 2223 2223 2223 2223 6703 6703 6704 6704 2224 2224 2197 2197 2198 2198 2224 2224 2198 2198 2225 2225 2225 2225 2198 2198 2199 2199 2225 2225 2199 2199 2226 2226 2226 2226 2199 2199 2200 2200 2226 2226 2200 2200 2227 2227 2227 2227 2200 2200 2201 2201 2227 2227 2201 2201 2228 2228 2228 2228 2201 2201 2202 2202 2228 2228 2202 2202 2229 2229 2229 2229 2202 2202 2203 2203 2229 2229 2203 2203 2230 2230 2230 2230 2203 2203 2204 2204 2230 2230 2204 2204 2231 2231 2231 2231 2204 2204 2205 2205 2231 2231 2205 2205 2232 2232 2232 2232 2205 2205 2206 2206 2232 2232 2206 2206 2233 2233 2233 2233 2206 2206 2207 2207 2233 2233 2207 2207 2234 2234 2234 2234 2207 2207 2208 2208 2234 2234 2208 2208 2235 2235 2235 2235 2208 2208 2209 2209 2235 2235 2209 2209 2236 2236 2236 2236 2209 2209 2210 2210 2236 2236 2210 2210 2237 2237 2237 2237 2210 2210 2211 2211 2237 2237 2211 2211 2238 2238 2238 2238 2211 2211 2212 2212 2238 2238 2212 2212 2239 2239 2239 2239 2212 2212 2213 2213 6705 6705 6706 6706 2240 2240 2240 2240 6707 6707 6708 6708 2240 2240 6709 6709 2241 2241 2241 2241 6710 6710 6711 6711 2241 2241 6712 6712 2242 2242 2242 2242 6713 6713 6714 6714 2242 2242 6715 6715 2243 2243 2243 2243 6716 6716 6717 6717 2243 2243 6718 6718 6719 6719 2243 2243 6720 6720 2244 2244 2244 2244 6721 6721 2245 2245 2245 2245 6722 6722 2246 2246 2246 2246 6723 6723 6724 6724 2247 2247 2218 2218 2248 2248 2284 2284 6725 6725 2285 2285 2285 2285 6726 6726 6727 6727 2285 2285 6728 6728 2286 2286 2286 2286 6729 6729 6730 6730 2286 2286 6731 6731 2287 2287 2287 2287 6732 6732 6733 6733 2287 2287 6734 6734 2223 2223 2287 2287 2223 2223 2288 2288 2288 2288 2223 2223 2289 2289 2289 2289 2223 2223 6735 6735 2289 2289 6736 6736 2290 2290 2290 2290 6737 6737 6738 6738 2290 2290 6739 6739 2291 2291 2291 2291 6740 6740 6741 6741 2291 2291 6742 6742 2292 2292 2292 2292 6743 6743 6744 6744 2292 2292 6745 6745 6746 6746 2293 2293 2227 2227 2228 2228 2293 2293 2228 2228 2294 2294 2294 2294 2228 2228 2229 2229 2294 2294 2229 2229 2295 2295 2295 2295 2229 2229 2230 2230 2295 2295 2230 2230 2296 2296 2296 2296 2230 2230 2231 2231 2296 2296 2231 2231 2297 2297 2297 2297 2231 2231 2232 2232 2297 2297 2232 2232 2298 2298 2298 2298 2232 2232 2233 2233 2298 2298 2233 2233 2299 2299 2299 2299 2233 2233 2234 2234 2299 2299 2234 2234 2300 2300 2300 2300 2234 2234 2235 2235 6747 6747 6748 6748 2301 2301 2301 2301 6749 6749 6750 6750 2301 2301 6751 6751 2302 2302 2302 2302 6752 6752 6753 6753 2302 2302 6754 6754 2303 2303 2303 2303 6755 6755 6756 6756 2303 2303 6757 6757 2304 2304 2304 2304 6758 6758 6759 6759 2304 2304 6760 6760 2305 2305 2305 2305 6761 6761 2240 2240 2305 2305 2240 2240 2306 2306 2306 2306 2240 2240 2241 2241 2306 2306 2241 2241 2307 2307 2307 2307 2241 2241 2242 2242 2307 2307 2242 2242 2308 2308 2308 2308 2242 2242 2243 2243 2308 2308 2243 2243 2244 2244 2308 2308 2244 2244 2309 2309 2309 2309 2244 2244 2251 2251 2251 2251 2244 2244 2245 2245 2251 2251 2245 2245 2250 2250 2250 2250 2245 2245 2246 2246 2250 2250 2246 2246 6762 6762 6763 6763 2246 2246 6764 6764 2249 2249 2247 2247 2163 2163 2163 2163 2247 2247 2248 2248 2309 2309 2251 2251 2252 2252 2309 2309 2252 2252 2310 2310 2310 2310 2252 2252 2253 2253 2310 2310 2253 2253 2311 2311 2311 2311 2253 2253 2254 2254 2311 2311 2254 2254 2312 2312 2312 2312 2254 2254 2255 2255 2312 2312 2255 2255 2313 2313 2313 2313 2255 2255 2256 2256 2313 2313 2256 2256 2314 2314 2314 2314 2256 2256 2257 2257 2314 2314 2257 2257 2315 2315 2315 2315 2257 2257 2258 2258 2315 2315 2258 2258 2316 2316 2316 2316 2258 2258 2259 2259 2316 2316 2259 2259 2317 2317 2317 2317 2259 2259 2260 2260 2317 2317 2260 2260 2318 2318 2318 2318 2260 2260 2319 2319 2319 2319 2260 2260 2261 2261 2319 2319 2261 2261 2320 2320 2320 2320 2261 2261 2321 2321 2321 2321 2261 2261 2262 2262 2321 2321 2262 2262 2263 2263 2321 2321 2263 2263 2322 2322 2322 2322 2263 2263 2264 2264 2322 2322 2264 2264 2323 2323 2323 2323 2264 2264 2265 2265 2323 2323 2265 2265 2324 2324 2324 2324 2265 2265 2266 2266 2324 2324 2266 2266 2325 2325 2325 2325 2266 2266 2267 2267 2325 2325 2267 2267 2326 2326 2326 2326 2267 2267 2327 2327 2327 2327 2267 2267 2268 2268 2327 2327 2268 2268 2328 2328 2328 2328 2268 2268 2269 2269 2328 2328 2269 2269 2329 2329 2329 2329 2269 2269 2270 2270 2329 2329 2270 2270 2330 2330 2330 2330 2270 2270 2271 2271 2330 2330 2271 2271 2331 2331 2331 2331 2271 2271 2272 2272 2331 2331 2272 2272 2273 2273 2331 2331 2273 2273 2332 2332 2332 2332 2273 2273 2333 2333 2333 2333 2273 2273 2274 2274 2333 2333 2274 2274 2334 2334 2334 2334 2274 2274 2275 2275 2334 2334 2275 2275 2335 2335 2335 2335 2275 2275 2276 2276 2335 2335 2276 2276 2336 2336 2336 2336 2276 2276 2277 2277 2336 2336 2277 2277 2337 2337 2337 2337 2277 2277 2278 2278 2337 2337 2278 2278 2279 2279 2337 2337 2279 2279 2338 2338 2338 2338 2279 2279 2280 2280 2338 2338 2280 2280 2339 2339 2339 2339 2280 2280 2281 2281 2339 2339 2281 2281 2340 2340 2340 2340 2281 2281 2282 2282 2340 2340 2282 2282 2283 2283 2340 2340 2283 2283 2341 2341 2341 2341 2283 2283 2284 2284 2341 2341 2284 2284 2285 2285 2341 2341 2285 2285 2342 2342 2342 2342 2285 2285 2286 2286 2342 2342 2286 2286 2343 2343 2343 2343 2286 2286 2287 2287 2343 2343 2287 2287 2288 2288 2343 2343 2288 2288 2344 2344 2344 2344 2288 2288 2345 2345 2345 2345 2288 2288 2289 2289 2345 2345 2289 2289 2346 2346 2346 2346 2289 2289 2290 2290 2346 2346 2290 2290 2347 2347 2347 2347 2290 2290 2291 2291 2347 2347 2291 2291 2348 2348 2348 2348 2291 2291 2292 2292 2348 2348 2292 2292 2349 2349 2349 2349 2292 2292 6765 6765 2349 2349 6766 6766 2350 2350 2350 2350 6767 6767 6768 6768 2350 2350 6769 6769 2351 2351 2351 2351 6770 6770 6771 6771 2351 2351 6772 6772 2352 2352 2352 2352 6773 6773 6774 6774 2352 2352 6775 6775 2353 2353 2353 2353 6776 6776 6777 6777 2353 2353 6778 6778 2354 2354 2354 2354 6779 6779 6780 6780 2354 2354 6781 6781 2355 2355 2355 2355 6782 6782 6783 6783 2355 2355 6784 6784 2356 2356 2356 2356 6785 6785 6786 6786 2356 2356 6787 6787 2357 2357 2357 2357 6788 6788 2301 2301 2357 2357 2301 2301 2358 2358 2358 2358 2301 2301 2302 2302 2358 2358 2302 2302 2359 2359 2359 2359 2302 2302 2303 2303 2359 2359 2303 2303 2360 2360 2360 2360 2303 2303 2304 2304 2360 2360 2304 2304 2361 2361 2361 2361 2304 2304 2305 2305 2361 2361 2305 2305 2362 2362 2362 2362 2305 2305 2306 2306 2362 2362 2306 2306 2363 2363 2363 2363 2306 2306 2307 2307 2363 2363 2307 2307 2364 2364 2364 2364 2307 2307 2308 2308 2364 2364 2308 2308 2309 2309 2364 2364 2309 2309 2310 2310 2364 2364 2310 2310 2365 2365 2365 2365 2310 2310 2366 2366 2366 2366 2310 2310 2311 2311 2366 2366 2311 2311 2367 2367 2367 2367 2311 2311 2312 2312 2367 2367 2312 2312 2368 2368 2368 2368 2312 2312 2369 2369 2369 2369 2312 2312 2313 2313 2369 2369 2313 2313 2314 2314 2369 2369 2314 2314 2370 2370 2370 2370 2314 2314 2315 2315 2370 2370 2315 2315 2371 2371 2371 2371 2315 2315 2316 2316 2371 2371 2316 2316 2372 2372 2372 2372 2316 2316 2317 2317 2372 2372 2317 2317 2373 2373 2373 2373 2317 2317 2318 2318 2373 2373 2318 2318 2374 2374 2374 2374 2318 2318 2319 2319 2374 2374 2319 2319 2375 2375 2375 2375 2319 2319 2320 2320 2375 2375 2320 2320 2376 2376 2376 2376 2320 2320 2321 2321 2376 2376 2321 2321 2377 2377 2377 2377 2321 2321 2322 2322 2377 2377 2322 2322 2378 2378 2378 2378 2322 2322 2323 2323 2378 2378 2323 2323 2379 2379 2379 2379 2323 2323 2324 2324 2379 2379 2324 2324 2380 2380 2380 2380 2324 2324 2325 2325 2380 2380 2325 2325 2381 2381 2381 2381 2325 2325 2326 2326 2381 2381 2326 2326 2382 2382 2382 2382 2326 2326 2327 2327 2382 2382 2327 2327 2383 2383 2383 2383 2327 2327 2328 2328 2383 2383 2328 2328 2384 2384 2384 2384 2328 2328 2329 2329 2384 2384 2329 2329 2385 2385 2385 2385 2329 2329 2330 2330 2385 2385 2330 2330 2386 2386 2386 2386 2330 2330 2331 2331 2386 2386 2331 2331 2387 2387 2387 2387 2331 2331 2332 2332 2387 2387 2332 2332 2388 2388 2388 2388 2332 2332 2333 2333 2388 2388 2333 2333 2389 2389 2389 2389 2333 2333 2334 2334 2389 2389 2334 2334 2390 2390 2390 2390 2334 2334 2335 2335 2390 2390 2335 2335 2391 2391 2391 2391 2335 2335 2336 2336 2391 2391 2336 2336 2338 2338 2338 2338 2336 2336 2337 2337 2391 2391 2338 2338 2392 2392 2392 2392 2338 2338 2339 2339 2392 2392 2339 2339 2393 2393 2393 2393 2339 2339 2394 2394 2394 2394 2339 2339 2340 2340 2394 2394 2340 2340 2395 2395 2395 2395 2340 2340 2341 2341 2395 2395 2341 2341 2396 2396 2396 2396 2341 2341 2342 2342 2396 2396 2342 2342 2397 2397 2397 2397 2342 2342 2343 2343 2397 2397 2343 2343 2344 2344 2397 2397 2344 2344 2398 2398 2398 2398 2344 2344 2399 2399 2399 2399 2344 2344 2345 2345 2399 2399 2345 2345 2400 2400 2400 2400 2345 2345 2346 2346 2400 2400 2346 2346 2401 2401 2401 2401 2346 2346 2347 2347 2401 2401 2347 2347 2402 2402 2402 2402 2347 2347 2348 2348 2402 2402 2348 2348 2403 2403 2403 2403 2348 2348 2349 2349 2403 2403 2349 2349 2404 2404 2404 2404 2349 2349 2350 2350 2404 2404 2350 2350 2405 2405 2405 2405 2350 2350 2351 2351 2405 2405 2351 2351 2406 2406 2406 2406 2351 2351 2352 2352 2406 2406 2352 2352 2407 2407 2407 2407 2352 2352 2353 2353 2407 2407 2353 2353 2408 2408 2408 2408 2353 2353 2354 2354 2408 2408 2354 2354 2409 2409 2409 2409 2354 2354 2355 2355 2409 2409 2355 2355 2410 2410 2410 2410 2355 2355 2356 2356 2410 2410 2356 2356 2411 2411 2411 2411 2356 2356 2357 2357 2411 2411 2357 2357 2412 2412 2412 2412 2357 2357 2358 2358 2412 2412 2358 2358 2413 2413 2413 2413 2358 2358 2359 2359 2413 2413 2359 2359 2414 2414 2414 2414 2359 2359 2360 2360 2414 2414 2360 2360 2415 2415 2415 2415 2360 2360 2361 2361 2415 2415 2361 2361 2416 2416 2416 2416 2361 2361 2362 2362 2416 2416 2362 2362 2417 2417 2417 2417 2362 2362 2363 2363 2417 2417 2363 2363 2365 2365 2365 2365 2363 2363 2364 2364 2417 2417 2365 2365 2366 2366 2417 2417 2366 2366 2418 2418 2418 2418 2366 2366 2367 2367 2418 2418 2367 2367 2419 2419 2419 2419 2367 2367 2368 2368 2419 2419 2368 2368 2420 2420 2420 2420 2368 2368 2369 2369 2420 2420 2369 2369 2370 2370 2420 2420 2370 2370 2421 2421 2421 2421 2370 2370 2371 2371 2421 2421 2371 2371 2422 2422 2422 2422 2371 2371 2372 2372 2422 2422 2372 2372 2423 2423 2423 2423 2372 2372 2373 2373 2423 2423 2373 2373 2424 2424 2424 2424 2373 2373 2374 2374 2424 2424 2374 2374 2425 2425 2425 2425 2374 2374 2375 2375 2425 2425 2375 2375 2426 2426 2426 2426 2375 2375 2376 2376 2426 2426 2376 2376 2427 2427 2427 2427 2376 2376 2377 2377 2427 2427 2377 2377 2428 2428 2428 2428 2377 2377 2378 2378 2428 2428 2378 2378 2429 2429 2429 2429 2378 2378 2379 2379 2429 2429 2379 2379 2430 2430 2430 2430 2379 2379 2380 2380 2430 2430 2380 2380 2431 2431 2431 2431 2380 2380 2381 2381 2431 2431 2381 2381 2432 2432 2432 2432 2381 2381 2382 2382 2432 2432 2382 2382 2433 2433 2433 2433 2382 2382 2383 2383 2433 2433 2383 2383 2434 2434 2434 2434 2383 2383 2384 2384 2434 2434 2384 2384 2435 2435 2435 2435 2384 2384 2385 2385 2435 2435 2385 2385 2436 2436 2436 2436 2385 2385 2386 2386 2436 2436 2386 2386 2437 2437 2437 2437 2386 2386 2387 2387 2437 2437 2387 2387 2438 2438 2438 2438 2387 2387 2388 2388 2438 2438 2388 2388 2439 2439 2439 2439 2388 2388 2389 2389 2439 2439 2389 2389 2440 2440 2440 2440 2389 2389 2390 2390 2440 2440 2390 2390 2392 2392 2392 2392 2390 2390 2391 2391 2440 2440 2392 2392 2393 2393 2440 2440 2393 2393 2441 2441 2441 2441 2393 2393 2394 2394 2441 2441 2394 2394 2442 2442 2442 2442 2394 2394 2395 2395 2442 2442 2395 2395 2443 2443 2443 2443 2395 2395 2396 2396 2443 2443 2396 2396 2397 2397 2443 2443 2397 2397 2398 2398 2443 2443 2398 2398 2444 2444 2444 2444 2398 2398 2445 2445 2445 2445 2398 2398 2399 2399 2445 2445 2399 2399 2446 2446 2446 2446 2399 2399 2400 2400 2446 2446 2400 2400 2447 2447 2447 2447 2400 2400 2401 2401 2447 2447 2401 2401 2448 2448 2448 2448 2401 2401 2402 2402 2448 2448 2402 2402 2449 2449 2449 2449 2402 2402 2403 2403 2449 2449 2403 2403 2450 2450 2450 2450 2403 2403 2404 2404 2450 2450 2404 2404 2451 2451 2451 2451 2404 2404 2405 2405 2451 2451 2405 2405 2452 2452 2452 2452 2405 2405 2406 2406 2452 2452 2406 2406 2453 2453 2453 2453 2406 2406 2407 2407 2453 2453 2407 2407 2454 2454 2454 2454 2407 2407 2408 2408 2454 2454 2408 2408 2455 2455 2455 2455 2408 2408 2409 2409 2455 2455 2409 2409 2456 2456 2456 2456 2409 2409 2410 2410 2456 2456 2410 2410 2457 2457 2457 2457 2410 2410 2411 2411 2457 2457 2411 2411 2458 2458 2458 2458 2411 2411 2412 2412 2458 2458 2412 2412 2459 2459 2459 2459 2412 2412 2413 2413 2459 2459 2413 2413 2460 2460 2460 2460 2413 2413 2414 2414 2460 2460 2414 2414 2461 2461 2461 2461 2414 2414 2415 2415 2461 2461 2415 2415 2462 2462 2462 2462 2415 2415 2416 2416 2462 2462 2416 2416 2418 2418 2418 2418 2416 2416 2417 2417 2462 2462 2418 2418 2419 2419 2462 2462 2419 2419 2463 2463 2463 2463 2419 2419 2420 2420 2463 2463 2420 2420 2421 2421 2463 2463 2421 2421 2464 2464 2464 2464 2421 2421 2422 2422 2464 2464 2422 2422 2465 2465 2465 2465 2422 2422 2423 2423 2465 2465 2423 2423 2466 2466 2466 2466 2423 2423 2424 2424 2466 2466 2424 2424 2467 2467 2467 2467 2424 2424 2425 2425 2467 2467 2425 2425 2468 2468 2468 2468 2425 2425 2426 2426 2468 2468 2426 2426 2469 2469 2469 2469 2426 2426 2427 2427 2469 2469 2427 2427 2470 2470 2470 2470 2427 2427 2428 2428 2470 2470 2428 2428 2471 2471 2471 2471 2428 2428 2429 2429 2471 2471 2429 2429 2472 2472 2472 2472 2429 2429 2430 2430 2472 2472 2430 2430 2473 2473 2473 2473 2430 2430 2431 2431 2473 2473 2431 2431 2474 2474 2474 2474 2431 2431 2432 2432 2474 2474 2432 2432 2475 2475 2475 2475 2432 2432 2433 2433 2475 2475 2433 2433 2476 2476 2476 2476 2433 2433 2434 2434 2476 2476 2434 2434 2477 2477 2477 2477 2434 2434 2435 2435 2477 2477 2435 2435 2478 2478 2478 2478 2435 2435 2436 2436 2478 2478 2436 2436 2479 2479 2479 2479 2436 2436 2437 2437 2479 2479 2437 2437 2480 2480 2480 2480 2437 2437 2438 2438 2480 2480 2438 2438 2481 2481 2481 2481 2438 2438 2439 2439 2481 2481 2439 2439 2441 2441 2441 2441 2439 2439 2440 2440 2481 2481 2441 2441 2442 2442 2481 2481 2442 2442 2444 2444 2444 2444 2442 2442 2443 2443 2481 2481 2444 2444 2480 2480 2480 2480 2444 2444 2445 2445 2480 2480 2445 2445 2479 2479 2479 2479 2445 2445 2446 2446 2479 2479 2446 2446 2478 2478 2478 2478 2446 2446 2447 2447 2478 2478 2447 2447 2477 2477 2477 2477 2447 2447 2448 2448 2477 2477 2448 2448 2476 2476 2476 2476 2448 2448 2449 2449 2476 2476 2449 2449 2475 2475 2475 2475 2449 2449 2450 2450 2475 2475 2450 2450 2474 2474 2474 2474 2450 2450 2451 2451 2474 2474 2451 2451 2473 2473 2473 2473 2451 2451 2452 2452 2473 2473 2452 2452 2472 2472 2472 2472 2452 2452 2453 2453 2472 2472 2453 2453 2471 2471 2471 2471 2453 2453 2454 2454 2471 2471 2454 2454 2470 2470 2470 2470 2454 2454 2455 2455 2470 2470 2455 2455 2469 2469 2469 2469 2455 2455 2456 2456 2469 2469 2456 2456 2468 2468 2468 2468 2456 2456 2457 2457 2468 2468 2457 2457 2467 2467 2467 2467 2457 2457 2458 2458 2467 2467 2458 2458 2466 2466 2466 2466 2458 2458 2459 2459 2466 2466 2459 2459 2465 2465 2465 2465 2459 2459 2460 2460 2465 2465 2460 2460 2464 2464 2464 2464 2460 2460 2461 2461 2464 2464 2461 2461 2463 2463 2463 2463 2461 2461 2462 2462 2482 2482 2483 2483 2542 2542 2542 2542 2483 2483 2543 2543 2543 2543 2483 2483 2484 2484 2543 2543 2484 2484 2544 2544 2544 2544 2484 2484 2485 2485 2544 2544 2485 2485 2545 2545 2545 2545 2485 2485 2486 2486 2545 2545 2486 2486 2546 2546 2546 2546 2486 2486 2487 2487 2546 2546 2487 2487 2547 2547 2547 2547 2487 2487 2488 2488 2547 2547 2488 2488 2548 2548 2548 2548 2488 2488 2489 2489 2548 2548 2489 2489 2549 2549 2549 2549 2489 2489 2490 2490 2549 2549 2490 2490 2550 2550 2550 2550 2490 2490 2491 2491 2550 2550 2491 2491 6789 6789 6790 6790 2491 2491 6791 6791 2551 2551 2492 2492 2552 2552 2552 2552 2492 2492 2493 2493 2552 2552 2493 2493 2553 2553 2553 2553 2493 2493 2494 2494 2553 2553 2494 2494 2554 2554 2554 2554 2494 2494 2495 2495 2554 2554 2495 2495 2555 2555 2555 2555 2495 2495 2496 2496 2555 2555 2496 2496 2556 2556 2556 2556 2496 2496 2497 2497 2556 2556 2497 2497 2557 2557 2557 2557 2497 2497 2498 2498 2557 2557 2498 2498 2558 2558 2558 2558 2498 2498 2499 2499 2558 2558 2499 2499 2559 2559 2559 2559 2499 2499 2500 2500 2559 2559 2500 2500 2560 2560 2560 2560 2500 2500 2501 2501 2560 2560 2501 2501 2561 2561 2561 2561 2501 2501 2502 2502 6792 6792 6793 6793 2562 2562 2562 2562 6794 6794 2503 2503 2562 2562 2503 2503 2563 2563 2563 2563 2503 2503 2504 2504 2563 2563 2504 2504 2564 2564 2564 2564 2504 2504 2505 2505 2564 2564 2505 2505 2565 2565 2565 2565 2505 2505 2506 2506 2565 2565 2506 2506 2566 2566 2566 2566 2506 2506 2507 2507 2566 2566 2507 2507 2567 2567 2567 2567 2507 2507 2508 2508 2567 2567 2508 2508 2568 2568 2568 2568 2508 2508 2509 2509 2568 2568 2509 2509 2569 2569 2569 2569 2509 2509 2510 2510 2569 2569 2510 2510 2570 2570 2570 2570 2510 2510 2511 2511 2570 2570 2511 2511 2571 2571 2571 2571 2511 2511 2512 2512 2571 2571 2512 2512 2572 2572 2572 2572 2512 2512 2513 2513 2572 2572 2513 2513 2573 2573 2573 2573 2513 2513 2514 2514 2573 2573 2514 2514 2574 2574 2574 2574 2514 2514 2515 2515 2574 2574 2515 2515 2575 2575 2575 2575 2515 2515 2516 2516 2575 2575 2516 2516 2576 2576 2576 2576 2516 2516 2517 2517 2576 2576 2517 2517 2577 2577 2577 2577 2517 2517 2518 2518 2577 2577 2518 2518 2578 2578 2578 2578 2518 2518 2519 2519 2578 2578 2519 2519 2579 2579 2579 2579 2519 2519 2520 2520 2579 2579 2520 2520 2580 2580 2580 2580 2520 2520 2521 2521 2580 2580 2521 2521 6795 6795 6796 6796 2521 2521 6797 6797 2581 2581 2522 2522 2582 2582 2582 2582 2522 2522 2523 2523 2582 2582 2523 2523 2583 2583 2583 2583 2523 2523 2524 2524 2583 2583 2524 2524 2584 2584 2584 2584 2524 2524 2525 2525 2584 2584 2525 2525 2585 2585 2585 2585 2525 2525 2526 2526 2585 2585 2526 2526 2586 2586 2586 2586 2526 2526 2527 2527 2586 2586 2527 2527 2587 2587 2587 2587 2527 2527 2528 2528 2587 2587 2528 2528 2588 2588 2588 2588 2528 2528 2529 2529 2588 2588 2529 2529 2589 2589 2589 2589 2529 2529 2530 2530 2589 2589 2530 2530 2590 2590 2590 2590 2530 2530 2531 2531 2590 2590 2531 2531 2591 2591 2591 2591 2531 2531 2532 2532 6798 6798 6799 6799 2592 2592 2592 2592 6800 6800 2533 2533 2592 2592 2533 2533 2593 2593 2593 2593 2533 2533 2534 2534 2593 2593 2534 2534 2594 2594 2594 2594 2534 2534 2535 2535 2594 2594 2535 2535 2595 2595 2595 2595 2535 2535 2536 2536 2595 2595 2536 2536 2596 2596 2596 2596 2536 2536 2537 2537 2596 2596 2537 2537 2597 2597 2597 2597 2537 2537 2538 2538 2597 2597 2538 2538 2598 2598 2598 2598 2538 2538 2539 2539 2598 2598 2539 2539 2599 2599 2599 2599 2539 2539 2540 2540 2599 2599 2540 2540 2600 2600 2600 2600 2540 2540 2541 2541 2600 2600 2541 2541 2601 2601 2601 2601 2541 2541 2482 2482 2601 2601 2482 2482 2542 2542 6801 6801 6802 6802 2602 2602 2602 2602 6803 6803 2603 2603 2603 2603 6804 6804 6805 6805 2603 2603 6806 6806 2604 2604 2604 2604 6807 6807 6808 6808 2604 2604 6809 6809 2605 2605 2605 2605 6810 6810 6811 6811 2605 2605 6812 6812 2606 2606 2606 2606 6813 6813 6814 6814 2606 2606 6815 6815 2607 2607 2607 2607 6816 6816 2608 2608 2608 2608 6817 6817 6818 6818 2608 2608 6819 6819 2609 2609 2609 2609 6820 6820 6821 6821 2609 2609 6822 6822 2610 2610 2610 2610 6823 6823 6824 6824 2610 2610 6825 6825 2611 2611 2611 2611 6826 6826 6827 6827 2611 2611 6828 6828 2612 2612 2612 2612 6829 6829 6830 6830 2612 2612 6831 6831 2613 2613 2613 2613 6832 6832 6833 6833 2613 2613 6834 6834 2614 2614 2614 2614 6835 6835 6836 6836 2614 2614 6837 6837 2615 2615 2615 2615 6838 6838 6839 6839 2615 2615 6840 6840 2616 2616 2616 2616 6841 6841 2617 2617 2617 2617 6842 6842 6843 6843 2617 2617 6844 6844 2618 2618 2618 2618 6845 6845 6846 6846 2618 2618 6847 6847 2619 2619 2619 2619 6848 6848 6849 6849 2619 2619 6850 6850 2620 2620 2620 2620 6851 6851 6852 6852 2620 2620 6853 6853 2621 2621 2621 2621 6854 6854 6855 6855 2621 2621 6856 6856 2622 2622 2622 2622 6857 6857 6858 6858 2622 2622 6859 6859 2623 2623 2623 2623 6860 6860 6861 6861 2623 2623 6862 6862 2624 2624 2624 2624 6863 6863 6864 6864 2624 2624 6865 6865 2625 2625 2625 2625 6866 6866 6867 6867 2625 2625 6868 6868 2626 2626 2626 2626 6869 6869 2627 2627 2627 2627 6870 6870 6871 6871 2627 2627 6872 6872 2628 2628 2628 2628 6873 6873 6874 6874 2628 2628 6875 6875 2629 2629 2629 2629 6876 6876 6877 6877 2629 2629 6878 6878 2630 2630 2630 2630 6879 6879 6880 6880 2630 2630 6881 6881 2631 2631 2631 2631 6882 6882 6883 6883 2631 2631 6884 6884 2632 2632 2632 2632 6885 6885 6886 6886 2632 2632 6887 6887 2633 2633 2633 2633 6888 6888 6889 6889 2633 2633 6890 6890 2634 2634 2634 2634 6891 6891 6892 6892 2634 2634 6893 6893 2635 2635 2635 2635 6894 6894 2636 2636 2636 2636 6895 6895 6896 6896 2636 2636 6897 6897 2637 2637 2637 2637 6898 6898 6899 6899 2637 2637 6900 6900 2638 2638 2638 2638 6901 6901 6902 6902 2638 2638 6903 6903 2639 2639 2639 2639 6904 6904 6905 6905 2639 2639 6906 6906 2640 2640 2640 2640 6907 6907 6908 6908 2640 2640 6909 6909 2641 2641 2641 2641 6910 6910 6911 6911 2641 2641 6912 6912 2642 2642 2642 2642 6913 6913 6914 6914 2642 2642 6915 6915 2643 2643 2643 2643 6916 6916 6917 6917 2643 2643 6918 6918 2644 2644 2644 2644 6919 6919 6920 6920 2644 2644 6921 6921 2645 2645 2645 2645 6922 6922 2646 2646 2646 2646 6923 6923 6924 6924 2646 2646 6925 6925 2647 2647 2647 2647 6926 6926 6927 6927 2647 2647 6928 6928 2648 2648 2648 2648 6929 6929 6930 6930 2648 2648 6931 6931 2649 2649 2649 2649 6932 6932 6933 6933 2649 2649 6934 6934 2650 2650 2650 2650 6935 6935 6936 6936 2650 2650 6937 6937 2651 2651 2651 2651 6938 6938 6939 6939 2651 2651 6940 6940 2652 2652 2652 2652 6941 6941 6942 6942 2652 2652 6943 6943 2653 2653 2653 2653 6944 6944 6945 6945 2653 2653 6946 6946 2654 2654 2654 2654 6947 6947 6948 6948 2654 2654 6949 6949 2655 2655 2655 2655 6950 6950 2656 2656 2656 2656 6951 6951 6952 6952 2656 2656 6953 6953 2657 2657 2657 2657 6954 6954 6955 6955 2657 2657 6956 6956 2658 2658 2658 2658 6957 6957 6958 6958 2658 2658 6959 6959 2659 2659 2659 2659 6960 6960 6961 6961 2659 2659 6962 6962 2660 2660 2660 2660 6963 6963 6964 6964 2660 2660 6965 6965 2661 2661 2661 2661 6966 6966 6967 6967 2661 2661 6968 6968 2662 2662 2662 2662 6969 6969 6970 6970 2662 2662 6971 6971 2663 2663 2663 2663 6972 6972 6973 6973 2663 2663 6974 6974 2664 2664 2664 2664 6975 6975 2665 2665 2665 2665 6976 6976 6977 6977 2665 2665 6978 6978 2666 2666 2666 2666 6979 6979 6980 6980 2666 2666 6981 6981 2667 2667 2667 2667 6982 6982 6983 6983 2667 2667 6984 6984 2668 2668 2668 2668 6985 6985 6986 6986 2668 2668 6987 6987 2602 2602 2668 2668 2602 2602 2669 2669 2669 2669 2602 2602 2670 2670 2670 2670 2602 2602 2603 2603 2670 2670 2603 2603 2671 2671 2671 2671 2603 2603 2604 2604 2671 2671 2604 2604 2672 2672 2672 2672 2604 2604 2605 2605 2672 2672 2605 2605 2673 2673 2673 2673 2605 2605 2606 2606 2673 2673 2606 2606 2674 2674 2674 2674 2606 2606 2607 2607 2674 2674 2607 2607 2675 2675 2675 2675 2607 2607 2608 2608 2675 2675 2608 2608 2676 2676 2676 2676 2608 2608 2609 2609 2676 2676 2609 2609 2677 2677 2677 2677 2609 2609 2610 2610 2677 2677 2610 2610 2678 2678 2678 2678 2610 2610 2611 2611 2678 2678 2611 2611 2679 2679 2679 2679 2611 2611 2612 2612 2679 2679 2612 2612 2680 2680 2680 2680 2612 2612 2613 2613 2680 2680 2613 2613 2681 2681 2681 2681 2613 2613 2614 2614 2681 2681 2614 2614 2682 2682 2682 2682 2614 2614 2615 2615 2682 2682 2615 2615 2683 2683 2683 2683 2615 2615 2616 2616 2683 2683 2616 2616 2684 2684 2684 2684 2616 2616 2617 2617 2684 2684 2617 2617 2685 2685 2685 2685 2617 2617 2618 2618 2685 2685 2618 2618 2686 2686 2686 2686 2618 2618 2619 2619 2686 2686 2619 2619 2687 2687 2687 2687 2619 2619 2620 2620 2687 2687 2620 2620 2688 2688 2688 2688 2620 2620 2621 2621 2688 2688 2621 2621 2689 2689 2689 2689 2621 2621 2622 2622 2689 2689 2622 2622 2690 2690 2690 2690 2622 2622 2623 2623 2690 2690 2623 2623 2691 2691 2691 2691 2623 2623 2624 2624 2691 2691 2624 2624 2692 2692 2692 2692 2624 2624 2625 2625 2692 2692 2625 2625 2693 2693 2693 2693 2625 2625 2626 2626 2693 2693 2626 2626 2694 2694 2694 2694 2626 2626 2627 2627 2694 2694 2627 2627 2695 2695 2695 2695 2627 2627 2628 2628 2695 2695 2628 2628 2696 2696 2696 2696 2628 2628 2629 2629 2696 2696 2629 2629 2697 2697 2697 2697 2629 2629 2630 2630 2697 2697 2630 2630 2698 2698 2698 2698 2630 2630 2631 2631 2698 2698 2631 2631 2699 2699 2699 2699 2631 2631 2632 2632 2699 2699 2632 2632 2700 2700 2700 2700 2632 2632 2633 2633 2700 2700 2633 2633 2701 2701 2701 2701 2633 2633 2634 2634 2701 2701 2634 2634 2702 2702 2702 2702 2634 2634 2635 2635 2702 2702 2635 2635 2703 2703 2703 2703 2635 2635 2636 2636 2703 2703 2636 2636 2704 2704 2704 2704 2636 2636 2637 2637 2704 2704 2637 2637 2705 2705 2705 2705 2637 2637 2638 2638 2705 2705 2638 2638 2706 2706 2706 2706 2638 2638 2639 2639 2706 2706 2639 2639 2707 2707 2707 2707 2639 2639 2640 2640 2707 2707 2640 2640 2708 2708 2708 2708 2640 2640 2641 2641 2708 2708 2641 2641 2709 2709 2709 2709 2641 2641 2642 2642 2709 2709 2642 2642 2710 2710 2710 2710 2642 2642 2643 2643 2710 2710 2643 2643 2711 2711 2711 2711 2643 2643 2644 2644 2711 2711 2644 2644 2712 2712 2712 2712 2644 2644 2645 2645 2712 2712 2645 2645 2713 2713 2713 2713 2645 2645 2646 2646 2713 2713 2646 2646 2714 2714 2714 2714 2646 2646 2647 2647 2714 2714 2647 2647 2715 2715 2715 2715 2647 2647 2648 2648 2715 2715 2648 2648 2716 2716 2716 2716 2648 2648 2649 2649 2716 2716 2649 2649 2717 2717 2717 2717 2649 2649 2650 2650 2717 2717 2650 2650 2718 2718 2718 2718 2650 2650 2651 2651 2718 2718 2651 2651 2719 2719 2719 2719 2651 2651 2652 2652 2719 2719 2652 2652 2720 2720 2720 2720 2652 2652 2653 2653 2720 2720 2653 2653 2721 2721 2721 2721 2653 2653 2654 2654 2721 2721 2654 2654 2722 2722 2722 2722 2654 2654 2655 2655 2722 2722 2655 2655 2723 2723 2723 2723 2655 2655 2656 2656 2723 2723 2656 2656 2724 2724 2724 2724 2656 2656 2657 2657 2724 2724 2657 2657 2725 2725 2725 2725 2657 2657 2658 2658 2725 2725 2658 2658 2726 2726 2726 2726 2658 2658 2659 2659 2726 2726 2659 2659 2727 2727 2727 2727 2659 2659 2660 2660 2727 2727 2660 2660 2728 2728 2728 2728 2660 2660 2661 2661 2728 2728 2661 2661 2729 2729 2729 2729 2661 2661 2662 2662 2729 2729 2662 2662 2730 2730 2730 2730 2662 2662 2663 2663 2730 2730 2663 2663 2731 2731 2731 2731 2663 2663 2664 2664 2731 2731 2664 2664 2732 2732 2732 2732 2664 2664 2665 2665 2732 2732 2665 2665 2733 2733 2733 2733 2665 2665 2666 2666 2733 2733 2666 2666 2734 2734 2734 2734 2666 2666 2667 2667 2734 2734 2667 2667 2735 2735 2735 2735 2667 2667 2668 2668 2735 2735 2668 2668 2669 2669 2735 2735 2669 2669 2736 2736 2736 2736 2669 2669 2737 2737 2737 2737 2669 2669 2670 2670 2737 2737 2670 2670 2738 2738 2738 2738 2670 2670 2671 2671 2738 2738 2671 2671 2739 2739 2739 2739 2671 2671 2672 2672 2739 2739 2672 2672 2740 2740 2740 2740 2672 2672 2673 2673 2740 2740 2673 2673 2741 2741 2741 2741 2673 2673 2674 2674 2741 2741 2674 2674 2742 2742 2742 2742 2674 2674 2675 2675 2742 2742 2675 2675 2743 2743 2743 2743 2675 2675 2676 2676 2743 2743 2676 2676 2744 2744 2744 2744 2676 2676 2677 2677 2744 2744 2677 2677 2745 2745 2745 2745 2677 2677 2678 2678 2745 2745 2678 2678 2746 2746 2746 2746 2678 2678 2679 2679 2746 2746 2679 2679 2747 2747 2747 2747 2679 2679 2680 2680 2747 2747 2680 2680 2748 2748 2748 2748 2680 2680 2681 2681 2748 2748 2681 2681 2749 2749 2749 2749 2681 2681 2682 2682 2749 2749 2682 2682 2750 2750 2750 2750 2682 2682 2683 2683 2750 2750 2683 2683 2751 2751 2751 2751 2683 2683 2684 2684 2751 2751 2684 2684 2752 2752 2752 2752 2684 2684 2685 2685 2752 2752 2685 2685 2753 2753 2753 2753 2685 2685 2686 2686 2753 2753 2686 2686 2754 2754 2754 2754 2686 2686 2687 2687 2754 2754 2687 2687 2755 2755 2755 2755 2687 2687 2688 2688 2755 2755 2688 2688 2756 2756 2756 2756 2688 2688 2689 2689 2756 2756 2689 2689 2757 2757 2757 2757 2689 2689 2690 2690 2757 2757 2690 2690 2758 2758 2758 2758 2690 2690 2691 2691 2758 2758 2691 2691 2759 2759 2759 2759 2691 2691 2692 2692 2759 2759 2692 2692 2760 2760 2760 2760 2692 2692 2693 2693 2760 2760 2693 2693 2761 2761 2761 2761 2693 2693 2694 2694 2761 2761 2694 2694 2762 2762 2762 2762 2694 2694 2695 2695 2762 2762 2695 2695 2763 2763 2763 2763 2695 2695 2696 2696 2763 2763 2696 2696 2764 2764 2764 2764 2696 2696 2697 2697 2764 2764 2697 2697 2765 2765 2765 2765 2697 2697 2698 2698 2765 2765 2698 2698 2766 2766 2766 2766 2698 2698 2699 2699 2766 2766 2699 2699 2767 2767 2767 2767 2699 2699 2700 2700 2767 2767 2700 2700 2768 2768 2768 2768 2700 2700 2701 2701 2768 2768 2701 2701 2769 2769 2769 2769 2701 2701 2702 2702 2769 2769 2702 2702 2770 2770 2770 2770 2702 2702 2703 2703 2770 2770 2703 2703 2771 2771 2771 2771 2703 2703 2704 2704 2771 2771 2704 2704 2772 2772 2772 2772 2704 2704 2705 2705 2772 2772 2705 2705 2773 2773 2773 2773 2705 2705 2706 2706 2773 2773 2706 2706 2774 2774 2774 2774 2706 2706 2707 2707 2774 2774 2707 2707 2775 2775 2775 2775 2707 2707 2708 2708 2775 2775 2708 2708 2776 2776 2776 2776 2708 2708 2709 2709 2776 2776 2709 2709 2777 2777 2777 2777 2709 2709 2710 2710 2777 2777 2710 2710 2778 2778 2778 2778 2710 2710 2711 2711 2778 2778 2711 2711 2779 2779 2779 2779 2711 2711 2712 2712 2779 2779 2712 2712 2780 2780 2780 2780 2712 2712 2713 2713 2780 2780 2713 2713 2781 2781 2781 2781 2713 2713 2714 2714 2781 2781 2714 2714 2782 2782 2782 2782 2714 2714 2715 2715 2782 2782 2715 2715 2783 2783 2783 2783 2715 2715 2716 2716 2783 2783 2716 2716 2784 2784 2784 2784 2716 2716 2717 2717 2784 2784 2717 2717 2785 2785 2785 2785 2717 2717 2718 2718 2785 2785 2718 2718 2786 2786 2786 2786 2718 2718 2719 2719 2786 2786 2719 2719 2787 2787 2787 2787 2719 2719 2720 2720 2787 2787 2720 2720 2788 2788 2788 2788 2720 2720 2721 2721 2788 2788 2721 2721 2789 2789 2789 2789 2721 2721 2722 2722 2789 2789 2722 2722 2790 2790 2790 2790 2722 2722 2723 2723 2790 2790 2723 2723 2791 2791 2791 2791 2723 2723 2724 2724 2791 2791 2724 2724 2792 2792 2792 2792 2724 2724 2725 2725 2792 2792 2725 2725 2793 2793 2793 2793 2725 2725 2726 2726 2793 2793 2726 2726 2794 2794 2794 2794 2726 2726 2727 2727 2794 2794 2727 2727 2795 2795 2795 2795 2727 2727 2728 2728 2795 2795 2728 2728 2796 2796 2796 2796 2728 2728 2729 2729 2796 2796 2729 2729 2797 2797 2797 2797 2729 2729 2730 2730 2797 2797 2730 2730 2798 2798 2798 2798 2730 2730 2731 2731 2798 2798 2731 2731 2799 2799 2799 2799 2731 2731 2732 2732 2799 2799 2732 2732 2800 2800 2800 2800 2732 2732 2733 2733 2800 2800 2733 2733 2801 2801 2801 2801 2733 2733 2734 2734 2801 2801 2734 2734 2802 2802 2802 2802 2734 2734 2735 2735 2802 2802 2735 2735 2736 2736 2802 2802 2736 2736 2803 2803 2803 2803 2736 2736 2804 2804 2804 2804 2736 2736 2737 2737 2804 2804 2737 2737 2805 2805 2805 2805 2737 2737 2738 2738 2805 2805 2738 2738 2806 2806 2806 2806 2738 2738 2739 2739 2806 2806 2739 2739 2807 2807 2807 2807 2739 2739 2740 2740 2807 2807 2740 2740 2808 2808 2808 2808 2740 2740 2741 2741 2808 2808 2741 2741 2809 2809 2809 2809 2741 2741 2742 2742 2809 2809 2742 2742 2810 2810 2810 2810 2742 2742 2743 2743 2810 2810 2743 2743 2811 2811 2811 2811 2743 2743 2744 2744 2811 2811 2744 2744 2812 2812 2812 2812 2744 2744 2745 2745 2812 2812 2745 2745 2813 2813 2813 2813 2745 2745 2746 2746 2813 2813 2746 2746 2814 2814 2814 2814 2746 2746 2747 2747 2814 2814 2747 2747 2815 2815 2815 2815 2747 2747 2748 2748 2815 2815 2748 2748 2816 2816 2816 2816 2748 2748 2749 2749 2816 2816 2749 2749 2817 2817 2817 2817 2749 2749 2750 2750 2817 2817 2750 2750 2818 2818 2818 2818 2750 2750 2751 2751 2818 2818 2751 2751 2819 2819 2819 2819 2751 2751 2752 2752 2819 2819 2752 2752 2820 2820 2820 2820 2752 2752 2753 2753 2820 2820 2753 2753 2821 2821 2821 2821 2753 2753 2754 2754 2821 2821 2754 2754 2822 2822 2822 2822 2754 2754 2755 2755 2822 2822 2755 2755 2823 2823 2823 2823 2755 2755 2756 2756 2823 2823 2756 2756 2824 2824 2824 2824 2756 2756 2757 2757 2824 2824 2757 2757 2825 2825 2825 2825 2757 2757 2758 2758 2825 2825 2758 2758 2826 2826 2826 2826 2758 2758 2759 2759 2826 2826 2759 2759 2827 2827 2827 2827 2759 2759 2760 2760 2827 2827 2760 2760 2828 2828 2828 2828 2760 2760 2761 2761 2828 2828 2761 2761 2829 2829 2829 2829 2761 2761 2762 2762 2829 2829 2762 2762 2830 2830 2830 2830 2762 2762 2763 2763 2830 2830 2763 2763 2831 2831 2831 2831 2763 2763 2764 2764 2831 2831 2764 2764 2832 2832 2832 2832 2764 2764 2765 2765 2832 2832 2765 2765 2833 2833 2833 2833 2765 2765 2766 2766 2833 2833 2766 2766 2834 2834 2834 2834 2766 2766 2767 2767 2834 2834 2767 2767 2835 2835 2835 2835 2767 2767 2768 2768 2835 2835 2768 2768 2836 2836 2836 2836 2768 2768 2769 2769 2836 2836 2769 2769 2837 2837 2837 2837 2769 2769 2770 2770 2837 2837 2770 2770 2838 2838 2838 2838 2770 2770 2771 2771 2838 2838 2771 2771 2839 2839 2839 2839 2771 2771 2772 2772 2839 2839 2772 2772 2840 2840 2840 2840 2772 2772 2773 2773 2840 2840 2773 2773 2841 2841 2841 2841 2773 2773 2774 2774 2841 2841 2774 2774 2842 2842 2842 2842 2774 2774 2775 2775 2842 2842 2775 2775 2843 2843 2843 2843 2775 2775 2776 2776 2843 2843 2776 2776 2844 2844 2844 2844 2776 2776 2777 2777 2844 2844 2777 2777 2845 2845 2845 2845 2777 2777 2778 2778 2845 2845 2778 2778 2846 2846 2846 2846 2778 2778 2779 2779 2846 2846 2779 2779 2847 2847 2847 2847 2779 2779 2780 2780 2847 2847 2780 2780 2848 2848 2848 2848 2780 2780 2781 2781 2848 2848 2781 2781 2849 2849 2849 2849 2781 2781 2782 2782 2849 2849 2782 2782 2850 2850 2850 2850 2782 2782 2783 2783 2850 2850 2783 2783 2851 2851 2851 2851 2783 2783 2784 2784 2851 2851 2784 2784 2852 2852 2852 2852 2784 2784 2785 2785 2852 2852 2785 2785 2853 2853 2853 2853 2785 2785 2786 2786 2853 2853 2786 2786 2854 2854 2854 2854 2786 2786 2787 2787 2854 2854 2787 2787 2855 2855 2855 2855 2787 2787 2788 2788 2855 2855 2788 2788 2856 2856 2856 2856 2788 2788 2789 2789 2856 2856 2789 2789 2857 2857 2857 2857 2789 2789 2790 2790 2857 2857 2790 2790 2858 2858 2858 2858 2790 2790 2791 2791 2858 2858 2791 2791 2859 2859 2859 2859 2791 2791 2792 2792 2859 2859 2792 2792 2860 2860 2860 2860 2792 2792 2793 2793 2860 2860 2793 2793 2861 2861 2861 2861 2793 2793 2794 2794 2861 2861 2794 2794 2862 2862 2862 2862 2794 2794 2795 2795 2862 2862 2795 2795 2863 2863 2863 2863 2795 2795 2796 2796 2863 2863 2796 2796 2864 2864 2864 2864 2796 2796 2797 2797 2864 2864 2797 2797 2865 2865 2865 2865 2797 2797 2798 2798 2865 2865 2798 2798 2866 2866 2866 2866 2798 2798 2799 2799 2866 2866 2799 2799 2867 2867 2867 2867 2799 2799 2800 2800 2867 2867 2800 2800 2868 2868 2868 2868 2800 2800 2801 2801 2868 2868 2801 2801 2869 2869 2869 2869 2801 2801 2802 2802 2869 2869 2802 2802 2803 2803 2869 2869 2803 2803 2870 2870 2870 2870 2803 2803 2871 2871 2871 2871 2803 2803 2804 2804 2871 2871 2804 2804 2872 2872 2872 2872 2804 2804 2805 2805 2872 2872 2805 2805 2873 2873 2873 2873 2805 2805 2806 2806 2873 2873 2806 2806 2874 2874 2874 2874 2806 2806 2807 2807 2874 2874 2807 2807 2875 2875 2875 2875 2807 2807 2808 2808 2875 2875 2808 2808 2876 2876 2876 2876 2808 2808 2809 2809 2876 2876 2809 2809 2877 2877 2877 2877 2809 2809 2810 2810 2877 2877 2810 2810 2878 2878 2878 2878 2810 2810 2811 2811 2878 2878 2811 2811 2879 2879 2879 2879 2811 2811 2812 2812 2879 2879 2812 2812 2880 2880 2880 2880 2812 2812 2813 2813 2880 2880 2813 2813 2881 2881 2881 2881 2813 2813 2814 2814 2881 2881 2814 2814 2815 2815 2881 2881 2815 2815 2882 2882 2882 2882 2815 2815 2816 2816 2882 2882 2816 2816 2883 2883 2883 2883 2816 2816 2817 2817 2883 2883 2817 2817 2884 2884 2884 2884 2817 2817 2818 2818 2884 2884 2818 2818 2885 2885 2885 2885 2818 2818 2819 2819 2885 2885 2819 2819 2886 2886 2886 2886 2819 2819 2820 2820 2886 2886 2820 2820 2887 2887 2887 2887 2820 2820 2821 2821 2887 2887 2821 2821 2888 2888 2888 2888 2821 2821 2822 2822 2888 2888 2822 2822 2889 2889 2889 2889 2822 2822 2823 2823 2889 2889 2823 2823 2890 2890 2890 2890 2823 2823 2824 2824 2890 2890 2824 2824 2891 2891 2891 2891 2824 2824 2825 2825 2891 2891 2825 2825 2892 2892 2892 2892 2825 2825 2826 2826 2892 2892 2826 2826 2893 2893 2893 2893 2826 2826 2827 2827 2893 2893 2827 2827 2894 2894 2894 2894 2827 2827 2828 2828 2894 2894 2828 2828 2895 2895 2895 2895 2828 2828 2829 2829 2895 2895 2829 2829 2896 2896 2896 2896 2829 2829 2830 2830 2896 2896 2830 2830 2897 2897 2897 2897 2830 2830 2831 2831 2897 2897 2831 2831 2898 2898 2898 2898 2831 2831 2832 2832 2898 2898 2832 2832 2899 2899 2899 2899 2832 2832 2833 2833 2899 2899 2833 2833 2900 2900 2900 2900 2833 2833 2834 2834 2900 2900 2834 2834 2901 2901 2901 2901 2834 2834 2835 2835 2901 2901 2835 2835 2902 2902 2902 2902 2835 2835 2836 2836 2902 2902 2836 2836 2837 2837 2902 2902 2837 2837 2903 2903 2903 2903 2837 2837 2838 2838 2903 2903 2838 2838 2904 2904 2904 2904 2838 2838 2839 2839 2904 2904 2839 2839 2905 2905 2905 2905 2839 2839 2840 2840 2905 2905 2840 2840 2906 2906 2906 2906 2840 2840 2841 2841 2906 2906 2841 2841 2907 2907 2907 2907 2841 2841 2842 2842 2907 2907 2842 2842 2908 2908 2908 2908 2842 2842 2843 2843 2908 2908 2843 2843 2909 2909 2909 2909 2843 2843 2844 2844 2909 2909 2844 2844 2910 2910 2910 2910 2844 2844 2845 2845 2910 2910 2845 2845 2911 2911 2911 2911 2845 2845 2846 2846 2911 2911 2846 2846 2912 2912 2912 2912 2846 2846 2847 2847 2912 2912 2847 2847 2913 2913 2913 2913 2847 2847 2848 2848 2913 2913 2848 2848 2914 2914 2914 2914 2848 2848 2849 2849 2914 2914 2849 2849 2915 2915 2915 2915 2849 2849 2850 2850 2915 2915 2850 2850 2916 2916 2916 2916 2850 2850 2851 2851 2916 2916 2851 2851 2917 2917 2917 2917 2851 2851 2852 2852 2917 2917 2852 2852 2918 2918 2918 2918 2852 2852 2853 2853 2918 2918 2853 2853 2919 2919 2919 2919 2853 2853 2854 2854 2919 2919 2854 2854 2920 2920 2920 2920 2854 2854 2855 2855 2920 2920 2855 2855 2921 2921 2921 2921 2855 2855 2856 2856 2921 2921 2856 2856 2922 2922 2922 2922 2856 2856 2857 2857 2922 2922 2857 2857 2923 2923 2923 2923 2857 2857 2858 2858 2923 2923 2858 2858 2859 2859 2923 2923 2859 2859 2924 2924 2924 2924 2859 2859 2860 2860 2924 2924 2860 2860 2925 2925 2925 2925 2860 2860 2861 2861 2925 2925 2861 2861 2926 2926 2926 2926 2861 2861 2862 2862 2926 2926 2862 2862 2927 2927 2927 2927 2862 2862 2863 2863 2927 2927 2863 2863 2928 2928 2928 2928 2863 2863 2864 2864 2928 2928 2864 2864 2929 2929 2929 2929 2864 2864 2865 2865 2929 2929 2865 2865 2930 2930 2930 2930 2865 2865 2866 2866 2930 2930 2866 2866 2931 2931 2931 2931 2866 2866 2867 2867 2931 2931 2867 2867 2932 2932 2932 2932 2867 2867 2868 2868 2932 2932 2868 2868 2933 2933 2933 2933 2868 2868 2869 2869 2933 2933 2869 2869 2870 2870 2934 2934 2935 2935 2998 2998 2998 2998 2935 2935 2936 2936 2998 2998 2936 2936 2999 2999 2999 2999 2936 2936 2937 2937 2999 2999 2937 2937 3000 3000 3000 3000 2937 2937 2938 2938 3000 3000 2938 2938 3001 3001 3001 3001 2938 2938 2939 2939 3001 3001 2939 2939 3002 3002 3002 3002 2939 2939 2940 2940 3002 3002 2940 2940 3003 3003 3003 3003 2940 2940 2941 2941 3003 3003 2941 2941 3004 3004 3004 3004 2941 2941 2942 2942 3004 3004 2942 2942 3005 3005 3005 3005 2942 2942 2943 2943 3005 3005 2943 2943 3006 3006 3006 3006 2943 2943 2944 2944 3006 3006 2944 2944 3007 3007 3007 3007 2944 2944 6988 6988 3007 3007 6989 6989 6990 6990 3008 3008 2945 2945 2946 2946 3008 3008 2946 2946 3009 3009 3009 3009 2946 2946 2947 2947 3009 3009 2947 2947 3010 3010 3010 3010 2947 2947 2948 2948 3010 3010 2948 2948 3011 3011 3011 3011 2948 2948 2949 2949 3011 3011 2949 2949 3012 3012 3012 3012 2949 2949 2950 2950 3012 3012 2950 2950 3013 3013 3013 3013 2950 2950 2951 2951 3013 3013 2951 2951 3014 3014 3014 3014 2951 2951 2952 2952 3014 3014 2952 2952 3015 3015 3015 3015 2952 2952 2953 2953 3015 3015 2953 2953 3016 3016 3016 3016 2953 2953 2954 2954 3016 3016 2954 2954 3017 3017 3017 3017 2954 2954 2955 2955 3017 3017 2955 2955 3018 3018 6991 6991 6992 6992 2956 2956 6993 6993 2956 2956 3019 3019 3019 3019 2956 2956 2957 2957 3019 3019 2957 2957 3020 3020 3020 3020 2957 2957 2958 2958 3020 3020 2958 2958 3021 3021 3021 3021 2958 2958 2959 2959 3021 3021 2959 2959 3022 3022 3022 3022 2959 2959 2960 2960 3022 3022 2960 2960 3023 3023 3023 3023 2960 2960 2961 2961 3023 3023 2961 2961 3024 3024 3024 3024 2961 2961 2962 2962 3024 3024 2962 2962 3025 3025 3025 3025 2962 2962 2963 2963 3025 3025 2963 2963 3026 3026 3026 3026 2963 2963 2964 2964 3026 3026 2964 2964 3027 3027 3027 3027 2964 2964 2965 2965 3027 3027 2965 2965 3028 3028 3028 3028 2965 2965 2966 2966 3028 3028 2966 2966 3029 3029 3029 3029 2966 2966 2967 2967 3029 3029 2967 2967 3030 3030 3030 3030 2967 2967 2968 2968 3030 3030 2968 2968 3031 3031 3031 3031 2968 2968 2969 2969 3031 3031 2969 2969 3032 3032 3032 3032 2969 2969 2970 2970 3032 3032 2970 2970 3033 3033 3033 3033 2970 2970 2971 2971 3033 3033 2971 2971 3034 3034 3034 3034 2971 2971 2972 2972 3034 3034 2972 2972 3035 3035 3035 3035 2972 2972 2973 2973 3035 3035 2973 2973 3036 3036 3036 3036 2973 2973 2974 2974 3036 3036 2974 2974 3037 3037 3037 3037 2974 2974 2975 2975 3037 3037 2975 2975 3038 3038 3038 3038 2975 2975 2976 2976 3038 3038 2976 2976 3039 3039 3039 3039 2976 2976 6994 6994 3039 3039 6995 6995 6996 6996 3040 3040 2977 2977 2978 2978 3040 3040 2978 2978 3041 3041 3041 3041 2978 2978 2979 2979 3041 3041 2979 2979 3042 3042 3042 3042 2979 2979 2980 2980 3042 3042 2980 2980 3043 3043 3043 3043 2980 2980 2981 2981 3043 3043 2981 2981 3044 3044 3044 3044 2981 2981 2982 2982 3044 3044 2982 2982 3045 3045 3045 3045 2982 2982 2983 2983 3045 3045 2983 2983 3046 3046 3046 3046 2983 2983 2984 2984 3046 3046 2984 2984 3047 3047 3047 3047 2984 2984 2985 2985 3047 3047 2985 2985 3048 3048 3048 3048 2985 2985 2986 2986 3048 3048 2986 2986 3049 3049 3049 3049 2986 2986 2987 2987 3049 3049 2987 2987 3050 3050 6997 6997 6998 6998 2988 2988 6999 6999 2988 2988 3051 3051 3051 3051 2988 2988 2989 2989 3051 3051 2989 2989 3052 3052 3052 3052 2989 2989 2990 2990 3052 3052 2990 2990 3053 3053 3053 3053 2990 2990 2991 2991 3053 3053 2991 2991 3054 3054 3054 3054 2991 2991 2992 2992 3054 3054 2992 2992 3055 3055 3055 3055 2992 2992 2993 2993 3055 3055 2993 2993 3056 3056 3056 3056 2993 2993 2994 2994 3056 3056 2994 2994 3057 3057 3057 3057 2994 2994 2995 2995 3057 3057 2995 2995 3058 3058 3058 3058 2995 2995 2996 2996 3058 3058 2996 2996 3059 3059 3059 3059 2996 2996 2997 2997 3059 3059 2997 2997 3060 3060 3060 3060 2997 2997 3061 3061 3061 3061 2997 2997 2934 2934 3061 3061 2934 2934 2998 2998 7000 7000 7001 7001 3062 3062 3062 3062 7002 7002 3063 3063 3063 3063 7003 7003 7004 7004 3063 3063 7005 7005 3064 3064 3064 3064 7006 7006 7007 7007 3064 3064 7008 7008 3065 3065 3065 3065 7009 7009 7010 7010 3065 3065 7011 7011 3066 3066 3066 3066 7012 7012 7013 7013 3066 3066 7014 7014 3067 3067 3067 3067 7015 7015 7016 7016 3067 3067 7017 7017 3068 3068 3068 3068 7018 7018 7019 7019 3068 3068 7020 7020 3069 3069 3069 3069 7021 7021 7022 7022 3069 3069 7023 7023 3070 3070 3070 3070 7024 7024 3071 3071 3071 3071 7025 7025 7026 7026 3071 3071 7027 7027 3072 3072 3072 3072 7028 7028 7029 7029 3072 3072 7030 7030 3073 3073 3073 3073 7031 7031 7032 7032 3073 3073 7033 7033 3074 3074 3074 3074 7034 7034 7035 7035 3074 3074 7036 7036 3075 3075 3075 3075 7037 7037 7038 7038 3075 3075 7039 7039 3076 3076 3076 3076 7040 7040 7041 7041 3076 3076 7042 7042 3077 3077 3077 3077 7043 7043 7044 7044 3077 3077 7045 7045 3078 3078 3078 3078 7046 7046 7047 7047 3078 3078 7048 7048 3079 3079 3079 3079 7049 7049 3080 3080 3080 3080 7050 7050 7051 7051 3080 3080 7052 7052 3081 3081 3081 3081 7053 7053 7054 7054 3081 3081 7055 7055 3082 3082 3082 3082 7056 7056 7057 7057 3082 3082 7058 7058 3083 3083 3083 3083 7059 7059 7060 7060 3083 3083 7061 7061 3084 3084 3084 3084 7062 7062 7063 7063 3084 3084 7064 7064 3085 3085 3085 3085 7065 7065 7066 7066 3085 3085 7067 7067 3086 3086 3086 3086 7068 7068 7069 7069 3086 3086 7070 7070 3087 3087 3087 3087 7071 7071 7072 7072 3087 3087 7073 7073 3088 3088 3088 3088 7074 7074 3089 3089 3089 3089 7075 7075 7076 7076 3089 3089 7077 7077 3090 3090 3090 3090 7078 7078 7079 7079 3090 3090 7080 7080 3091 3091 3091 3091 7081 7081 7082 7082 3091 3091 7083 7083 3092 3092 3092 3092 7084 7084 7085 7085 3092 3092 7086 7086 3093 3093 3093 3093 7087 7087 7088 7088 3093 3093 7089 7089 3094 3094 3094 3094 7090 7090 7091 7091 3094 3094 7092 7092 3095 3095 3095 3095 7093 7093 7094 7094 3095 3095 7095 7095 3096 3096 3096 3096 7096 7096 7097 7097 3096 3096 7098 7098 3097 3097 3097 3097 7099 7099 3098 3098 3098 3098 7100 7100 7101 7101 3098 3098 7102 7102 3099 3099 3099 3099 7103 7103 7104 7104 3099 3099 7105 7105 3100 3100 3100 3100 7106 7106 7107 7107 3100 3100 7108 7108 3101 3101 3101 3101 7109 7109 7110 7110 3101 3101 7111 7111 3102 3102 3102 3102 7112 7112 7113 7113 3102 3102 7114 7114 3103 3103 3103 3103 7115 7115 7116 7116 3103 3103 7117 7117 3104 3104 3104 3104 7118 7118 7119 7119 3104 3104 7120 7120 3105 3105 3105 3105 7121 7121 7122 7122 3105 3105 7123 7123 3106 3106 3106 3106 7124 7124 3107 3107 3107 3107 7125 7125 7126 7126 3107 3107 7127 7127 3108 3108 3108 3108 7128 7128 7129 7129 3108 3108 7130 7130 3109 3109 3109 3109 7131 7131 7132 7132 3109 3109 7133 7133 3110 3110 3110 3110 7134 7134 7135 7135 3110 3110 7136 7136 3111 3111 3111 3111 7137 7137 7138 7138 3111 3111 7139 7139 3112 3112 3112 3112 7140 7140 7141 7141 3112 3112 7142 7142 3113 3113 3113 3113 7143 7143 7144 7144 3113 3113 7145 7145 3114 3114 3114 3114 7146 7146 7147 7147 3114 3114 7148 7148 3115 3115 3115 3115 7149 7149 3116 3116 3116 3116 7150 7150 7151 7151 3116 3116 7152 7152 3117 3117 3117 3117 7153 7153 7154 7154 3117 3117 7155 7155 3118 3118 3118 3118 7156 7156 7157 7157 3118 3118 7158 7158 3119 3119 3119 3119 7159 7159 7160 7160 3119 3119 7161 7161 3120 3120 3120 3120 7162 7162 7163 7163 3120 3120 7164 7164 3121 3121 3121 3121 7165 7165 7166 7166 3121 3121 7167 7167 3122 3122 3122 3122 7168 7168 7169 7169 3122 3122 7170 7170 3123 3123 3123 3123 7171 7171 7172 7172 3123 3123 7173 7173 3124 3124 3124 3124 7174 7174 3125 3125 3125 3125 7175 7175 7176 7176 3125 3125 7177 7177 3126 3126 3126 3126 7178 7178 7179 7179 3126 3126 7180 7180 3127 3127 3127 3127 7181 7181 7182 7182 3127 3127 7183 7183 3128 3128 3128 3128 7184 7184 7185 7185 3128 3128 7186 7186 3129 3129 3129 3129 7187 7187 7188 7188 3129 3129 7189 7189 3130 3130 3130 3130 7190 7190 7191 7191 3130 3130 7192 7192 3131 3131 3131 3131 7193 7193 7194 7194 3131 3131 7195 7195 3132 3132 3132 3132 7196 7196 7197 7197 3132 3132 7198 7198 3133 3133 3133 3133 7199 7199 3062 3062 3133 3133 3062 3062 3134 3134 3134 3134 3062 3062 3135 3135 3135 3135 3062 3062 3063 3063 3135 3135 3063 3063 3136 3136 3136 3136 3063 3063 3064 3064 3136 3136 3064 3064 3137 3137 3137 3137 3064 3064 3065 3065 3137 3137 3065 3065 3138 3138 3138 3138 3065 3065 3066 3066 3138 3138 3066 3066 3139 3139 3139 3139 3066 3066 3067 3067 3139 3139 3067 3067 3140 3140 3140 3140 3067 3067 3068 3068 3140 3140 3068 3068 3141 3141 3141 3141 3068 3068 3069 3069 3141 3141 3069 3069 3142 3142 3142 3142 3069 3069 3070 3070 3142 3142 3070 3070 3143 3143 3143 3143 3070 3070 3071 3071 3143 3143 3071 3071 3144 3144 3144 3144 3071 3071 3072 3072 3144 3144 3072 3072 3145 3145 3145 3145 3072 3072 3073 3073 3145 3145 3073 3073 3146 3146 3146 3146 3073 3073 3074 3074 3146 3146 3074 3074 3147 3147 3147 3147 3074 3074 3075 3075 3147 3147 3075 3075 3148 3148 3148 3148 3075 3075 3076 3076 3148 3148 3076 3076 3149 3149 3149 3149 3076 3076 3077 3077 3149 3149 3077 3077 3150 3150 3150 3150 3077 3077 3078 3078 3150 3150 3078 3078 3151 3151 3151 3151 3078 3078 3079 3079 3151 3151 3079 3079 3152 3152 3152 3152 3079 3079 3080 3080 3152 3152 3080 3080 3153 3153 3153 3153 3080 3080 3081 3081 3153 3153 3081 3081 3154 3154 3154 3154 3081 3081 3082 3082 3154 3154 3082 3082 3155 3155 3155 3155 3082 3082 3083 3083 3155 3155 3083 3083 3156 3156 3156 3156 3083 3083 3084 3084 3156 3156 3084 3084 3157 3157 3157 3157 3084 3084 3085 3085 3157 3157 3085 3085 3158 3158 3158 3158 3085 3085 3086 3086 3158 3158 3086 3086 3159 3159 3159 3159 3086 3086 3087 3087 3159 3159 3087 3087 3160 3160 3160 3160 3087 3087 3088 3088 3160 3160 3088 3088 3161 3161 3161 3161 3088 3088 3089 3089 3161 3161 3089 3089 3162 3162 3162 3162 3089 3089 3090 3090 3162 3162 3090 3090 3163 3163 3163 3163 3090 3090 3091 3091 3163 3163 3091 3091 3164 3164 3164 3164 3091 3091 3092 3092 3164 3164 3092 3092 3165 3165 3165 3165 3092 3092 3093 3093 3165 3165 3093 3093 3166 3166 3166 3166 3093 3093 3094 3094 3166 3166 3094 3094 3167 3167 3167 3167 3094 3094 3095 3095 3167 3167 3095 3095 3168 3168 3168 3168 3095 3095 3096 3096 3168 3168 3096 3096 3169 3169 3169 3169 3096 3096 3097 3097 3169 3169 3097 3097 3170 3170 3170 3170 3097 3097 3098 3098 3170 3170 3098 3098 3171 3171 3171 3171 3098 3098 3099 3099 3171 3171 3099 3099 3172 3172 3172 3172 3099 3099 3100 3100 3172 3172 3100 3100 3173 3173 3173 3173 3100 3100 3101 3101 3173 3173 3101 3101 3174 3174 3174 3174 3101 3101 3102 3102 3174 3174 3102 3102 3175 3175 3175 3175 3102 3102 3103 3103 3175 3175 3103 3103 3176 3176 3176 3176 3103 3103 3104 3104 3176 3176 3104 3104 3177 3177 3177 3177 3104 3104 3105 3105 3177 3177 3105 3105 3178 3178 3178 3178 3105 3105 3106 3106 3178 3178 3106 3106 3179 3179 3179 3179 3106 3106 3107 3107 3179 3179 3107 3107 3180 3180 3180 3180 3107 3107 3108 3108 3180 3180 3108 3108 3181 3181 3181 3181 3108 3108 3109 3109 3181 3181 3109 3109 3182 3182 3182 3182 3109 3109 3110 3110 3182 3182 3110 3110 3183 3183 3183 3183 3110 3110 3111 3111 3183 3183 3111 3111 3184 3184 3184 3184 3111 3111 3112 3112 3184 3184 3112 3112 3185 3185 3185 3185 3112 3112 3113 3113 3185 3185 3113 3113 3186 3186 3186 3186 3113 3113 3114 3114 3186 3186 3114 3114 3187 3187 3187 3187 3114 3114 3115 3115 3187 3187 3115 3115 3188 3188 3188 3188 3115 3115 3116 3116 3188 3188 3116 3116 3189 3189 3189 3189 3116 3116 3117 3117 3189 3189 3117 3117 3190 3190 3190 3190 3117 3117 3118 3118 3190 3190 3118 3118 3191 3191 3191 3191 3118 3118 3119 3119 3191 3191 3119 3119 3192 3192 3192 3192 3119 3119 3120 3120 3192 3192 3120 3120 3193 3193 3193 3193 3120 3120 3121 3121 3193 3193 3121 3121 3194 3194 3194 3194 3121 3121 3122 3122 3194 3194 3122 3122 3195 3195 3195 3195 3122 3122 3123 3123 3195 3195 3123 3123 3196 3196 3196 3196 3123 3123 3124 3124 3196 3196 3124 3124 3197 3197 3197 3197 3124 3124 3125 3125 3197 3197 3125 3125 3198 3198 3198 3198 3125 3125 3126 3126 3198 3198 3126 3126 3199 3199 3199 3199 3126 3126 3127 3127 3199 3199 3127 3127 3200 3200 3200 3200 3127 3127 3128 3128 3200 3200 3128 3128 3201 3201 3201 3201 3128 3128 3129 3129 3201 3201 3129 3129 3202 3202 3202 3202 3129 3129 3130 3130 3202 3202 3130 3130 3203 3203 3203 3203 3130 3130 3131 3131 3203 3203 3131 3131 3204 3204 3204 3204 3131 3131 3132 3132 3204 3204 3132 3132 3205 3205 3205 3205 3132 3132 3133 3133 3205 3205 3133 3133 3134 3134 3205 3205 3134 3134 3206 3206 3206 3206 3134 3134 3207 3207 3207 3207 3134 3134 3135 3135 3207 3207 3135 3135 3208 3208 3208 3208 3135 3135 3136 3136 3208 3208 3136 3136 3209 3209 3209 3209 3136 3136 3137 3137 3209 3209 3137 3137 3210 3210 3210 3210 3137 3137 3138 3138 3210 3210 3138 3138 3211 3211 3211 3211 3138 3138 3139 3139 3211 3211 3139 3139 3212 3212 3212 3212 3139 3139 3140 3140 3212 3212 3140 3140 3213 3213 3213 3213 3140 3140 3141 3141 3213 3213 3141 3141 3214 3214 3214 3214 3141 3141 3142 3142 3214 3214 3142 3142 3215 3215 3215 3215 3142 3142 3143 3143 3215 3215 3143 3143 3216 3216 3216 3216 3143 3143 3144 3144 3216 3216 3144 3144 3217 3217 3217 3217 3144 3144 3145 3145 3217 3217 3145 3145 3218 3218 3218 3218 3145 3145 3146 3146 3218 3218 3146 3146 3219 3219 3219 3219 3146 3146 3147 3147 3219 3219 3147 3147 3220 3220 3220 3220 3147 3147 3148 3148 3220 3220 3148 3148 3221 3221 3221 3221 3148 3148 3149 3149 3221 3221 3149 3149 3222 3222 3222 3222 3149 3149 3150 3150 3222 3222 3150 3150 3223 3223 3223 3223 3150 3150 3151 3151 3223 3223 3151 3151 3224 3224 3224 3224 3151 3151 3152 3152 3224 3224 3152 3152 3225 3225 3225 3225 3152 3152 3153 3153 3225 3225 3153 3153 3226 3226 3226 3226 3153 3153 3154 3154 3226 3226 3154 3154 3227 3227 3227 3227 3154 3154 3155 3155 3227 3227 3155 3155 3228 3228 3228 3228 3155 3155 3156 3156 3228 3228 3156 3156 3229 3229 3229 3229 3156 3156 3157 3157 3229 3229 3157 3157 3230 3230 3230 3230 3157 3157 3158 3158 3230 3230 3158 3158 3231 3231 3231 3231 3158 3158 3159 3159 3231 3231 3159 3159 3232 3232 3232 3232 3159 3159 3160 3160 3232 3232 3160 3160 3233 3233 3233 3233 3160 3160 3161 3161 3233 3233 3161 3161 3234 3234 3234 3234 3161 3161 3162 3162 3234 3234 3162 3162 3235 3235 3235 3235 3162 3162 3163 3163 3235 3235 3163 3163 3236 3236 3236 3236 3163 3163 3164 3164 3236 3236 3164 3164 3237 3237 3237 3237 3164 3164 3165 3165 3237 3237 3165 3165 3238 3238 3238 3238 3165 3165 3166 3166 3238 3238 3166 3166 3239 3239 3239 3239 3166 3166 3167 3167 3239 3239 3167 3167 3240 3240 3240 3240 3167 3167 3168 3168 3240 3240 3168 3168 3241 3241 3241 3241 3168 3168 3169 3169 3241 3241 3169 3169 3242 3242 3242 3242 3169 3169 3170 3170 3242 3242 3170 3170 3243 3243 3243 3243 3170 3170 3171 3171 3243 3243 3171 3171 3244 3244 3244 3244 3171 3171 3172 3172 3244 3244 3172 3172 3245 3245 3245 3245 3172 3172 3173 3173 3245 3245 3173 3173 3246 3246 3246 3246 3173 3173 3174 3174 3246 3246 3174 3174 3247 3247 3247 3247 3174 3174 3175 3175 3247 3247 3175 3175 3248 3248 3248 3248 3175 3175 3176 3176 3248 3248 3176 3176 3249 3249 3249 3249 3176 3176 3177 3177 3249 3249 3177 3177 3250 3250 3250 3250 3177 3177 3178 3178 3250 3250 3178 3178 3251 3251 3251 3251 3178 3178 3179 3179 3251 3251 3179 3179 3252 3252 3252 3252 3179 3179 3180 3180 3252 3252 3180 3180 3253 3253 3253 3253 3180 3180 3181 3181 3253 3253 3181 3181 3254 3254 3254 3254 3181 3181 3182 3182 3254 3254 3182 3182 3255 3255 3255 3255 3182 3182 3183 3183 3255 3255 3183 3183 3256 3256 3256 3256 3183 3183 3184 3184 3256 3256 3184 3184 3257 3257 3257 3257 3184 3184 3185 3185 3257 3257 3185 3185 3258 3258 3258 3258 3185 3185 3186 3186 3258 3258 3186 3186 3259 3259 3259 3259 3186 3186 3187 3187 3259 3259 3187 3187 3260 3260 3260 3260 3187 3187 3188 3188 3260 3260 3188 3188 3261 3261 3261 3261 3188 3188 3189 3189 3261 3261 3189 3189 3262 3262 3262 3262 3189 3189 3190 3190 3262 3262 3190 3190 3263 3263 3263 3263 3190 3190 3191 3191 3263 3263 3191 3191 3264 3264 3264 3264 3191 3191 3192 3192 3264 3264 3192 3192 3265 3265 3265 3265 3192 3192 3193 3193 3265 3265 3193 3193 3266 3266 3266 3266 3193 3193 3194 3194 3266 3266 3194 3194 3267 3267 3267 3267 3194 3194 3195 3195 3267 3267 3195 3195 3268 3268 3268 3268 3195 3195 3196 3196 3268 3268 3196 3196 3269 3269 3269 3269 3196 3196 3197 3197 3269 3269 3197 3197 3270 3270 3270 3270 3197 3197 3198 3198 3270 3270 3198 3198 3271 3271 3271 3271 3198 3198 3199 3199 3271 3271 3199 3199 3272 3272 3272 3272 3199 3199 3200 3200 3272 3272 3200 3200 3273 3273 3273 3273 3200 3200 3201 3201 3273 3273 3201 3201 3274 3274 3274 3274 3201 3201 3202 3202 3274 3274 3202 3202 3275 3275 3275 3275 3202 3202 3203 3203 3275 3275 3203 3203 3276 3276 3276 3276 3203 3203 3204 3204 3276 3276 3204 3204 3277 3277 3277 3277 3204 3204 3205 3205 3277 3277 3205 3205 3206 3206 3277 3277 3206 3206 3278 3278 3278 3278 3206 3206 3279 3279 3279 3279 3206 3206 3207 3207 3279 3279 3207 3207 3280 3280 3280 3280 3207 3207 3208 3208 3280 3280 3208 3208 3281 3281 3281 3281 3208 3208 3209 3209 3281 3281 3209 3209 3282 3282 3282 3282 3209 3209 3210 3210 3282 3282 3210 3210 3283 3283 3283 3283 3210 3210 3211 3211 3283 3283 3211 3211 3284 3284 3284 3284 3211 3211 3212 3212 3284 3284 3212 3212 3285 3285 3285 3285 3212 3212 3213 3213 3285 3285 3213 3213 3286 3286 3286 3286 3213 3213 3214 3214 3286 3286 3214 3214 3287 3287 3287 3287 3214 3214 3215 3215 3287 3287 3215 3215 3288 3288 3288 3288 3215 3215 3216 3216 3288 3288 3216 3216 3289 3289 3289 3289 3216 3216 3217 3217 3289 3289 3217 3217 3290 3290 3290 3290 3217 3217 3218 3218 3290 3290 3218 3218 3291 3291 3291 3291 3218 3218 3219 3219 3291 3291 3219 3219 3292 3292 3292 3292 3219 3219 3220 3220 3292 3292 3220 3220 3293 3293 3293 3293 3220 3220 3221 3221 3293 3293 3221 3221 3294 3294 3294 3294 3221 3221 3222 3222 3294 3294 3222 3222 3295 3295 3295 3295 3222 3222 3223 3223 3295 3295 3223 3223 3296 3296 3296 3296 3223 3223 3224 3224 3296 3296 3224 3224 3297 3297 3297 3297 3224 3224 3225 3225 3297 3297 3225 3225 3298 3298 3298 3298 3225 3225 3226 3226 3298 3298 3226 3226 3299 3299 3299 3299 3226 3226 3227 3227 3299 3299 3227 3227 3300 3300 3300 3300 3227 3227 3228 3228 3300 3300 3228 3228 3301 3301 3301 3301 3228 3228 3229 3229 3301 3301 3229 3229 3302 3302 3302 3302 3229 3229 3230 3230 3302 3302 3230 3230 3303 3303 3303 3303 3230 3230 3231 3231 3303 3303 3231 3231 3304 3304 3304 3304 3231 3231 3232 3232 3304 3304 3232 3232 3305 3305 3305 3305 3232 3232 3233 3233 3305 3305 3233 3233 3306 3306 3306 3306 3233 3233 3234 3234 3306 3306 3234 3234 3307 3307 3307 3307 3234 3234 3235 3235 3307 3307 3235 3235 3308 3308 3308 3308 3235 3235 3236 3236 3308 3308 3236 3236 3309 3309 3309 3309 3236 3236 3237 3237 3309 3309 3237 3237 3310 3310 3310 3310 3237 3237 3238 3238 3310 3310 3238 3238 3311 3311 3311 3311 3238 3238 3239 3239 3311 3311 3239 3239 3312 3312 3312 3312 3239 3239 3240 3240 3312 3312 3240 3240 3313 3313 3313 3313 3240 3240 3241 3241 3313 3313 3241 3241 3314 3314 3314 3314 3241 3241 3242 3242 3314 3314 3242 3242 3315 3315 3315 3315 3242 3242 3243 3243 3315 3315 3243 3243 3316 3316 3316 3316 3243 3243 3244 3244 3316 3316 3244 3244 3317 3317 3317 3317 3244 3244 3245 3245 3317 3317 3245 3245 3318 3318 3318 3318 3245 3245 3246 3246 3318 3318 3246 3246 3319 3319 3319 3319 3246 3246 3247 3247 3319 3319 3247 3247 3320 3320 3320 3320 3247 3247 3248 3248 3320 3320 3248 3248 3321 3321 3321 3321 3248 3248 3249 3249 3321 3321 3249 3249 3322 3322 3322 3322 3249 3249 3250 3250 3322 3322 3250 3250 3323 3323 3323 3323 3250 3250 3251 3251 3323 3323 3251 3251 3324 3324 3324 3324 3251 3251 3252 3252 3324 3324 3252 3252 3325 3325 3325 3325 3252 3252 3253 3253 3325 3325 3253 3253 3326 3326 3326 3326 3253 3253 3254 3254 3326 3326 3254 3254 3327 3327 3327 3327 3254 3254 3255 3255 3327 3327 3255 3255 3328 3328 3328 3328 3255 3255 3256 3256 3328 3328 3256 3256 3329 3329 3329 3329 3256 3256 3257 3257 3329 3329 3257 3257 3330 3330 3330 3330 3257 3257 3258 3258 3330 3330 3258 3258 3331 3331 3331 3331 3258 3258 3259 3259 3331 3331 3259 3259 3332 3332 3332 3332 3259 3259 3260 3260 3332 3332 3260 3260 3333 3333 3333 3333 3260 3260 3261 3261 3333 3333 3261 3261 3334 3334 3334 3334 3261 3261 3262 3262 3334 3334 3262 3262 3335 3335 3335 3335 3262 3262 3263 3263 3335 3335 3263 3263 3336 3336 3336 3336 3263 3263 3264 3264 3336 3336 3264 3264 3337 3337 3337 3337 3264 3264 3265 3265 3337 3337 3265 3265 3338 3338 3338 3338 3265 3265 3266 3266 3338 3338 3266 3266 3339 3339 3339 3339 3266 3266 3267 3267 3339 3339 3267 3267 3340 3340 3340 3340 3267 3267 3268 3268 3340 3340 3268 3268 3341 3341 3341 3341 3268 3268 3269 3269 3341 3341 3269 3269 3342 3342 3342 3342 3269 3269 3270 3270 3342 3342 3270 3270 3343 3343 3343 3343 3270 3270 3271 3271 3343 3343 3271 3271 3344 3344 3344 3344 3271 3271 3272 3272 3344 3344 3272 3272 3345 3345 3345 3345 3272 3272 3273 3273 3345 3345 3273 3273 3346 3346 3346 3346 3273 3273 3274 3274 3346 3346 3274 3274 3347 3347 3347 3347 3274 3274 3275 3275 3347 3347 3275 3275 3348 3348 3348 3348 3275 3275 3276 3276 3348 3348 3276 3276 3349 3349 3349 3349 3276 3276 3277 3277 3349 3349 3277 3277 3278 3278 3349 3349 3278 3278 3350 3350 3350 3350 3278 3278 3351 3351 3351 3351 3278 3278 3279 3279 3351 3351 3279 3279 3352 3352 3352 3352 3279 3279 3280 3280 3352 3352 3280 3280 3353 3353 3353 3353 3280 3280 3281 3281 3353 3353 3281 3281 3354 3354 3354 3354 3281 3281 3282 3282 3354 3354 3282 3282 3355 3355 3355 3355 3282 3282 3283 3283 3355 3355 3283 3283 3356 3356 3356 3356 3283 3283 3284 3284 3356 3356 3284 3284 3357 3357 3357 3357 3284 3284 3285 3285 3357 3357 3285 3285 3358 3358 3358 3358 3285 3285 3286 3286 3358 3358 3286 3286 3359 3359 3359 3359 3286 3286 3287 3287 3359 3359 3287 3287 3360 3360 3360 3360 3287 3287 3288 3288 3360 3360 3288 3288 3361 3361 3361 3361 3288 3288 3289 3289 3361 3361 3289 3289 3362 3362 3362 3362 3289 3289 3290 3290 3362 3362 3290 3290 3363 3363 3363 3363 3290 3290 3291 3291 3363 3363 3291 3291 3364 3364 3364 3364 3291 3291 3292 3292 3364 3364 3292 3292 3365 3365 3365 3365 3292 3292 3293 3293 3365 3365 3293 3293 3366 3366 3366 3366 3293 3293 3294 3294 3366 3366 3294 3294 3367 3367 3367 3367 3294 3294 3295 3295 3367 3367 3295 3295 3368 3368 3368 3368 3295 3295 3296 3296 3368 3368 3296 3296 3369 3369 3369 3369 3296 3296 3297 3297 3369 3369 3297 3297 3370 3370 3370 3370 3297 3297 3298 3298 3370 3370 3298 3298 3371 3371 3371 3371 3298 3298 3299 3299 3371 3371 3299 3299 3372 3372 3372 3372 3299 3299 3300 3300 3372 3372 3300 3300 3373 3373 3373 3373 3300 3300 3301 3301 3373 3373 3301 3301 3374 3374 3374 3374 3301 3301 3302 3302 3374 3374 3302 3302 3375 3375 3375 3375 3302 3302 3303 3303 3375 3375 3303 3303 3376 3376 3376 3376 3303 3303 3304 3304 3376 3376 3304 3304 3377 3377 3377 3377 3304 3304 3305 3305 3377 3377 3305 3305 3378 3378 3378 3378 3305 3305 3306 3306 3378 3378 3306 3306 3379 3379 3379 3379 3306 3306 3307 3307 3379 3379 3307 3307 3380 3380 3380 3380 3307 3307 3308 3308 3380 3380 3308 3308 3381 3381 3381 3381 3308 3308 3309 3309 3381 3381 3309 3309 3382 3382 3382 3382 3309 3309 3310 3310 3382 3382 3310 3310 3383 3383 3383 3383 3310 3310 3311 3311 3383 3383 3311 3311 3384 3384 3384 3384 3311 3311 3312 3312 3384 3384 3312 3312 3385 3385 3385 3385 3312 3312 3313 3313 3385 3385 3313 3313 3386 3386 3386 3386 3313 3313 3314 3314 3386 3386 3314 3314 3387 3387 3387 3387 3314 3314 3315 3315 3387 3387 3315 3315 3388 3388 3388 3388 3315 3315 3316 3316 3388 3388 3316 3316 3389 3389 3389 3389 3316 3316 3317 3317 3389 3389 3317 3317 3390 3390 3390 3390 3317 3317 3318 3318 3390 3390 3318 3318 3391 3391 3391 3391 3318 3318 3319 3319 3391 3391 3319 3319 3392 3392 3392 3392 3319 3319 3320 3320 3392 3392 3320 3320 3393 3393 3393 3393 3320 3320 3321 3321 3393 3393 3321 3321 3394 3394 3394 3394 3321 3321 3322 3322 3394 3394 3322 3322 3395 3395 3395 3395 3322 3322 3323 3323 3395 3395 3323 3323 3396 3396 3396 3396 3323 3323 3324 3324 3396 3396 3324 3324 3397 3397 3397 3397 3324 3324 3325 3325 3397 3397 3325 3325 3398 3398 3398 3398 3325 3325 3326 3326 3398 3398 3326 3326 3399 3399 3399 3399 3326 3326 3327 3327 3399 3399 3327 3327 3400 3400 3400 3400 3327 3327 3328 3328 3400 3400 3328 3328 3401 3401 3401 3401 3328 3328 3329 3329 3401 3401 3329 3329 3402 3402 3402 3402 3329 3329 3330 3330 3402 3402 3330 3330 3403 3403 3403 3403 3330 3330 3331 3331 3403 3403 3331 3331 3404 3404 3404 3404 3331 3331 3332 3332 3404 3404 3332 3332 3405 3405 3405 3405 3332 3332 3333 3333 3405 3405 3333 3333 3406 3406 3406 3406 3333 3333 3334 3334 3406 3406 3334 3334 3407 3407 3407 3407 3334 3334 3335 3335 3407 3407 3335 3335 3408 3408 3408 3408 3335 3335 3336 3336 3408 3408 3336 3336 3409 3409 3409 3409 3336 3336 3337 3337 3409 3409 3337 3337 3410 3410 3410 3410 3337 3337 3338 3338 3410 3410 3338 3338 3411 3411 3411 3411 3338 3338 3339 3339 3411 3411 3339 3339 3412 3412 3412 3412 3339 3339 3340 3340 3412 3412 3340 3340 3413 3413 3413 3413 3340 3340 3341 3341 3413 3413 3341 3341 3414 3414 3414 3414 3341 3341 3342 3342 3414 3414 3342 3342 3415 3415 3415 3415 3342 3342 3343 3343 3415 3415 3343 3343 3416 3416 3416 3416 3343 3343 3344 3344 3416 3416 3344 3344 3417 3417 3417 3417 3344 3344 3345 3345 3417 3417 3345 3345 3418 3418 3418 3418 3345 3345 3346 3346 3418 3418 3346 3346 3419 3419 3419 3419 3346 3346 3347 3347 3419 3419 3347 3347 3420 3420 3420 3420 3347 3347 3348 3348 3420 3420 3348 3348 3421 3421 3421 3421 3348 3348 3349 3349 3421 3421 3349 3349 3350 3350 3421 3421 3350 3350 3422 3422 3422 3422 3350 3350 3423 3423 3423 3423 3350 3350 3351 3351 3423 3423 3351 3351 3424 3424 3424 3424 3351 3351 3352 3352 3424 3424 3352 3352 3425 3425 3425 3425 3352 3352 3353 3353 3425 3425 3353 3353 3426 3426 3426 3426 3353 3353 3354 3354 3426 3426 3354 3354 3427 3427 3427 3427 3354 3354 3355 3355 3427 3427 3355 3355 3428 3428 3428 3428 3355 3355 3356 3356 3428 3428 3356 3356 3429 3429 3429 3429 3356 3356 3357 3357 3429 3429 3357 3357 3430 3430 3430 3430 3357 3357 3358 3358 3430 3430 3358 3358 3431 3431 3431 3431 3358 3358 3359 3359 3431 3431 3359 3359 3432 3432 3432 3432 3359 3359 3360 3360 3432 3432 3360 3360 3433 3433 3433 3433 3360 3360 3361 3361 3433 3433 3361 3361 3434 3434 3434 3434 3361 3361 3362 3362 3434 3434 3362 3362 3435 3435 3435 3435 3362 3362 3363 3363 3435 3435 3363 3363 3436 3436 3436 3436 3363 3363 3364 3364 3436 3436 3364 3364 3437 3437 3437 3437 3364 3364 3365 3365 3437 3437 3365 3365 3438 3438 3438 3438 3365 3365 3366 3366 3438 3438 3366 3366 3439 3439 3439 3439 3366 3366 3367 3367 3439 3439 3367 3367 3440 3440 3440 3440 3367 3367 3368 3368 3440 3440 3368 3368 3441 3441 3441 3441 3368 3368 3369 3369 3441 3441 3369 3369 3442 3442 3442 3442 3369 3369 3370 3370 3442 3442 3370 3370 3443 3443 3443 3443 3370 3370 3371 3371 3443 3443 3371 3371 3444 3444 3444 3444 3371 3371 3372 3372 3444 3444 3372 3372 3445 3445 3445 3445 3372 3372 3373 3373 3445 3445 3373 3373 3446 3446 3446 3446 3373 3373 3374 3374 3446 3446 3374 3374 3447 3447 3447 3447 3374 3374 3375 3375 3447 3447 3375 3375 3448 3448 3448 3448 3375 3375 3376 3376 3448 3448 3376 3376 3449 3449 3449 3449 3376 3376 3377 3377 3449 3449 3377 3377 3450 3450 3450 3450 3377 3377 3378 3378 3450 3450 3378 3378 3451 3451 3451 3451 3378 3378 3379 3379 3451 3451 3379 3379 3452 3452 3452 3452 3379 3379 3380 3380 3452 3452 3380 3380 3453 3453 3453 3453 3380 3380 3381 3381 3453 3453 3381 3381 3454 3454 3454 3454 3381 3381 3382 3382 3454 3454 3382 3382 3455 3455 3455 3455 3382 3382 3383 3383 3455 3455 3383 3383 3456 3456 3456 3456 3383 3383 3384 3384 3456 3456 3384 3384 3457 3457 3457 3457 3384 3384 3385 3385 3457 3457 3385 3385 3458 3458 3458 3458 3385 3385 3386 3386 3458 3458 3386 3386 3459 3459 3459 3459 3386 3386 3387 3387 3459 3459 3387 3387 3460 3460 3460 3460 3387 3387 3388 3388 3460 3460 3388 3388 3461 3461 3461 3461 3388 3388 3389 3389 3461 3461 3389 3389 3462 3462 3462 3462 3389 3389 3390 3390 3462 3462 3390 3390 3463 3463 3463 3463 3390 3390 3391 3391 3463 3463 3391 3391 3464 3464 3464 3464 3391 3391 3392 3392 3464 3464 3392 3392 3465 3465 3465 3465 3392 3392 3393 3393 3465 3465 3393 3393 3466 3466 3466 3466 3393 3393 3394 3394 3466 3466 3394 3394 3467 3467 3467 3467 3394 3394 3395 3395 3467 3467 3395 3395 3468 3468 3468 3468 3395 3395 3396 3396 3468 3468 3396 3396 3469 3469 3469 3469 3396 3396 3397 3397 3469 3469 3397 3397 3470 3470 3470 3470 3397 3397 3398 3398 3470 3470 3398 3398 3471 3471 3471 3471 3398 3398 3399 3399 3471 3471 3399 3399 3472 3472 3472 3472 3399 3399 3400 3400 3472 3472 3400 3400 3473 3473 3473 3473 3400 3400 3401 3401 3473 3473 3401 3401 3474 3474 3474 3474 3401 3401 3402 3402 3474 3474 3402 3402 3475 3475 3475 3475 3402 3402 3403 3403 3475 3475 3403 3403 3476 3476 3476 3476 3403 3403 3404 3404 3476 3476 3404 3404 3477 3477 3477 3477 3404 3404 3405 3405 3477 3477 3405 3405 3478 3478 3478 3478 3405 3405 3406 3406 3478 3478 3406 3406 3479 3479 3479 3479 3406 3406 3407 3407 3479 3479 3407 3407 3480 3480 3480 3480 3407 3407 3408 3408 3480 3480 3408 3408 3481 3481 3481 3481 3408 3408 3409 3409 3481 3481 3409 3409 3482 3482 3482 3482 3409 3409 3410 3410 3482 3482 3410 3410 3483 3483 3483 3483 3410 3410 3411 3411 3483 3483 3411 3411 3484 3484 3484 3484 3411 3411 3412 3412 3484 3484 3412 3412 3485 3485 3485 3485 3412 3412 3413 3413 3485 3485 3413 3413 3486 3486 3486 3486 3413 3413 3414 3414 3486 3486 3414 3414 3487 3487 3487 3487 3414 3414 3415 3415 3487 3487 3415 3415 3488 3488 3488 3488 3415 3415 3416 3416 3488 3488 3416 3416 3489 3489 3489 3489 3416 3416 3417 3417 3489 3489 3417 3417 3490 3490 3490 3490 3417 3417 3418 3418 3490 3490 3418 3418 3491 3491 3491 3491 3418 3418 3419 3419 3491 3491 3419 3419 3492 3492 3492 3492 3419 3419 3420 3420 3492 3492 3420 3420 3493 3493 3493 3493 3420 3420 3421 3421 3493 3493 3421 3421 3422 3422 3493 3493 3422 3422 3494 3494 3494 3494 3422 3422 3495 3495 3495 3495 3422 3422 3423 3423 3495 3495 3423 3423 3496 3496 3496 3496 3423 3423 3424 3424 3496 3496 3424 3424 3497 3497 3497 3497 3424 3424 3425 3425 3497 3497 3425 3425 3498 3498 3498 3498 3425 3425 3426 3426 3498 3498 3426 3426 3499 3499 3499 3499 3426 3426 3427 3427 3499 3499 3427 3427 3500 3500 3500 3500 3427 3427 3428 3428 3500 3500 3428 3428 3501 3501 3501 3501 3428 3428 3429 3429 3501 3501 3429 3429 3502 3502 3502 3502 3429 3429 3430 3430 3502 3502 3430 3430 3503 3503 3503 3503 3430 3430 3431 3431 3503 3503 3431 3431 3504 3504 3504 3504 3431 3431 3432 3432 3504 3504 3432 3432 3505 3505 3505 3505 3432 3432 3433 3433 3505 3505 3433 3433 3506 3506 3506 3506 3433 3433 3434 3434 3506 3506 3434 3434 3507 3507 3507 3507 3434 3434 3435 3435 3507 3507 3435 3435 3508 3508 3508 3508 3435 3435 3436 3436 3508 3508 3436 3436 3509 3509 3509 3509 3436 3436 3437 3437 3509 3509 3437 3437 3510 3510 3510 3510 3437 3437 3438 3438 3510 3510 3438 3438 3511 3511 3511 3511 3438 3438 3439 3439 3511 3511 3439 3439 3440 3440 3511 3511 3440 3440 3512 3512 3512 3512 3440 3440 3441 3441 3512 3512 3441 3441 3513 3513 3513 3513 3441 3441 3442 3442 3513 3513 3442 3442 3514 3514 3514 3514 3442 3442 3443 3443 3514 3514 3443 3443 3515 3515 3515 3515 3443 3443 3444 3444 3515 3515 3444 3444 3516 3516 3516 3516 3444 3444 3445 3445 3516 3516 3445 3445 3517 3517 3517 3517 3445 3445 3446 3446 3517 3517 3446 3446 3518 3518 3518 3518 3446 3446 3447 3447 3518 3518 3447 3447 3519 3519 3519 3519 3447 3447 3448 3448 3519 3519 3448 3448 3520 3520 3520 3520 3448 3448 3449 3449 3520 3520 3449 3449 3521 3521 3521 3521 3449 3449 3450 3450 3521 3521 3450 3450 3522 3522 3522 3522 3450 3450 3451 3451 3522 3522 3451 3451 3523 3523 3523 3523 3451 3451 3452 3452 3523 3523 3452 3452 3524 3524 3524 3524 3452 3452 3453 3453 3524 3524 3453 3453 3525 3525 3525 3525 3453 3453 3454 3454 3525 3525 3454 3454 3526 3526 3526 3526 3454 3454 3455 3455 3526 3526 3455 3455 3527 3527 3527 3527 3455 3455 3456 3456 3527 3527 3456 3456 3528 3528 3528 3528 3456 3456 3457 3457 3528 3528 3457 3457 3458 3458 3528 3528 3458 3458 3529 3529 3529 3529 3458 3458 3459 3459 3529 3529 3459 3459 3530 3530 3530 3530 3459 3459 3460 3460 3530 3530 3460 3460 3531 3531 3531 3531 3460 3460 3461 3461 3531 3531 3461 3461 3532 3532 3532 3532 3461 3461 3462 3462 3532 3532 3462 3462 3533 3533 3533 3533 3462 3462 3463 3463 3533 3533 3463 3463 3534 3534 3534 3534 3463 3463 3464 3464 3534 3534 3464 3464 3535 3535 3535 3535 3464 3464 3465 3465 3535 3535 3465 3465 3536 3536 3536 3536 3465 3465 3466 3466 3536 3536 3466 3466 3537 3537 3537 3537 3466 3466 3467 3467 3537 3537 3467 3467 3538 3538 3538 3538 3467 3467 3468 3468 3538 3538 3468 3468 3539 3539 3539 3539 3468 3468 3469 3469 3539 3539 3469 3469 3540 3540 3540 3540 3469 3469 3470 3470 3540 3540 3470 3470 3541 3541 3541 3541 3470 3470 3471 3471 3541 3541 3471 3471 3542 3542 3542 3542 3471 3471 3472 3472 3542 3542 3472 3472 3543 3543 3543 3543 3472 3472 3473 3473 3543 3543 3473 3473 3544 3544 3544 3544 3473 3473 3474 3474 3544 3544 3474 3474 3545 3545 3545 3545 3474 3474 3475 3475 3545 3545 3475 3475 3476 3476 3545 3545 3476 3476 3546 3546 3546 3546 3476 3476 3477 3477 3546 3546 3477 3477 3547 3547 3547 3547 3477 3477 3478 3478 3547 3547 3478 3478 3548 3548 3548 3548 3478 3478 3479 3479 3548 3548 3479 3479 3549 3549 3549 3549 3479 3479 3480 3480 3549 3549 3480 3480 3550 3550 3550 3550 3480 3480 3481 3481 3550 3550 3481 3481 3551 3551 3551 3551 3481 3481 3482 3482 3551 3551 3482 3482 3552 3552 3552 3552 3482 3482 3483 3483 3552 3552 3483 3483 3553 3553 3553 3553 3483 3483 3484 3484 3553 3553 3484 3484 3554 3554 3554 3554 3484 3484 3485 3485 3554 3554 3485 3485 3555 3555 3555 3555 3485 3485 3486 3486 3555 3555 3486 3486 3556 3556 3556 3556 3486 3486 3487 3487 3556 3556 3487 3487 3557 3557 3557 3557 3487 3487 3488 3488 3557 3557 3488 3488 3558 3558 3558 3558 3488 3488 3489 3489 3558 3558 3489 3489 3559 3559 3559 3559 3489 3489 3490 3490 3559 3559 3490 3490 3560 3560 3560 3560 3490 3490 3491 3491 3560 3560 3491 3491 3561 3561 3561 3561 3491 3491 3492 3492 3561 3561 3492 3492 3494 3494 3494 3494 3492 3492 3493 3493 3561 3561 3494 3494 3562 3562 3562 3562 3494 3494 3563 3563 3563 3563 3494 3494 3495 3495 3563 3563 3495 3495 3496 3496 3563 3563 3496 3496 3497 3497 3563 3563 3497 3497 3498 3498 3563 3563 3498 3498 3499 3499 3563 3563 3499 3499 3500 3500 3563 3563 3500 3500 3501 3501 3563 3563 3501 3501 3502 3502 3563 3563 3502 3502 3503 3503 3563 3563 3503 3503 3504 3504 3563 3563 3504 3504 3505 3505 3563 3563 3505 3505 3506 3506 3563 3563 3506 3506 3507 3507 3563 3563 3507 3507 3508 3508 3563 3563 3508 3508 3509 3509 3563 3563 3509 3509 3510 3510 3563 3563 3510 3510 3511 3511 3563 3563 3511 3511 3564 3564 3564 3564 3511 3511 3512 3512 3564 3564 3512 3512 3513 3513 3564 3564 3513 3513 3514 3514 3564 3564 3514 3514 3515 3515 3564 3564 3515 3515 3516 3516 3564 3564 3516 3516 3517 3517 3564 3564 3517 3517 3518 3518 3564 3564 3518 3518 3519 3519 3564 3564 3519 3519 3520 3520 3564 3564 3520 3520 3521 3521 3564 3564 3521 3521 3522 3522 3564 3564 3522 3522 3523 3523 3564 3564 3523 3523 3524 3524 3564 3564 3524 3524 3525 3525 3564 3564 3525 3525 3526 3526 3564 3564 3526 3526 3527 3527 3564 3564 3527 3527 3528 3528 3564 3564 3528 3528 3565 3565 3565 3565 3528 3528 3529 3529 3565 3565 3529 3529 3530 3530 3565 3565 3530 3530 3531 3531 3565 3565 3531 3531 3532 3532 3565 3565 3532 3532 3533 3533 3565 3565 3533 3533 3534 3534 3565 3565 3534 3534 3535 3535 3565 3565 3535 3535 3536 3536 3565 3565 3536 3536 3537 3537 3565 3565 3537 3537 3538 3538 3565 3565 3538 3538 3539 3539 3565 3565 3539 3539 3540 3540 3565 3565 3540 3540 3541 3541 3565 3565 3541 3541 3542 3542 3565 3565 3542 3542 3543 3543 3565 3565 3543 3543 3544 3544 3565 3565 3544 3544 3545 3545 3565 3565 3545 3545 3562 3562 3562 3562 3545 3545 3546 3546 3562 3562 3546 3546 3547 3547 3562 3562 3547 3547 3548 3548 3562 3562 3548 3548 3549 3549 3562 3562 3549 3549 3550 3550 3562 3562 3550 3550 3551 3551 3562 3562 3551 3551 3552 3552 3562 3562 3552 3552 3553 3553 3562 3562 3553 3553 3554 3554 3562 3562 3554 3554 3555 3555 3562 3562 3555 3555 3556 3556 3562 3562 3556 3556 3557 3557 3562 3562 3557 3557 3558 3558 3562 3562 3558 3558 3559 3559 3562 3562 3559 3559 3560 3560 3562 3562 3560 3560 3561 3561 3566 3566 3562 3562 3567 3567 3567 3567 3562 3562 3563 3563 3568 3568 3564 3564 3569 3569 3569 3569 3564 3564 3565 3565 3653 3653 3568 3568 3570 3570 3570 3570 3568 3568 3569 3569 3653 3653 3570 3570 3571 3571 3653 3653 3571 3571 3652 3652 3652 3652 3571 3571 3572 3572 3652 3652 3572 3572 3651 3651 3651 3651 3572 3572 3573 3573 3651 3651 3573 3573 3650 3650 3650 3650 3573 3573 3574 3574 3650 3650 3574 3574 3649 3649 3649 3649 3574 3574 3575 3575 3649 3649 3575 3575 3648 3648 3648 3648 3575 3575 3576 3576 3648 3648 3576 3576 3647 3647 3647 3647 3576 3576 3577 3577 3647 3647 3577 3577 3646 3646 3646 3646 3577 3577 3578 3578 3646 3646 3578 3578 3645 3645 3645 3645 3578 3578 7200 7200 3645 3645 7201 7201 7202 7202 3644 3644 3579 3579 3580 3580 3644 3644 3580 3580 3643 3643 3643 3643 3580 3580 3654 3654 3654 3654 3580 3580 3655 3655 3655 3655 3580 3580 3656 3656 3656 3656 3580 3580 3657 3657 3657 3657 3580 3580 3658 3658 3658 3658 3580 3580 3659 3659 3659 3659 3580 3580 3660 3660 3660 3660 3580 3580 3661 3661 3661 3661 3580 3580 3662 3662 3662 3662 3580 3580 3663 3663 3663 3663 3580 3580 3664 3664 3664 3664 3580 3580 3665 3665 3665 3665 3580 3580 3581 3581 3665 3665 3581 3581 3666 3666 3666 3666 3581 3581 3582 3582 3666 3666 3582 3582 3667 3667 3667 3667 3582 3582 3583 3583 7203 7203 7204 7204 3668 3668 3668 3668 7205 7205 3669 3669 3669 3669 7206 7206 7207 7207 3669 3669 7208 7208 3585 3585 3669 3669 3585 3585 3670 3670 3670 3670 3585 3585 3671 3671 3671 3671 3585 3585 3586 3586 3671 3671 3586 3586 3587 3587 3671 3671 3587 3587 3672 3672 3672 3672 3587 3587 3673 3673 3673 3673 3587 3587 3588 3588 3673 3673 3588 3588 3589 3589 3673 3673 3589 3589 3674 3674 3674 3674 3589 3589 3675 3675 3675 3675 3589 3589 3590 3590 3675 3675 3590 3590 3676 3676 3676 3676 3590 3590 3597 3597 3597 3597 3590 3590 3596 3596 3596 3596 3590 3590 3591 3591 3596 3596 3591 3591 7209 7209 7210 7210 3591 3591 7211 7211 3595 3595 3592 3592 3593 3593 3595 3595 3593 3593 3594 3594 3676 3676 3597 3597 3677 3677 3677 3677 3597 3597 3598 3598 3677 3677 3598 3598 3678 3678 3678 3678 3598 3598 3599 3599 3678 3678 3599 3599 3679 3679 3679 3679 3599 3599 3600 3600 3679 3679 3600 3600 3680 3680 3680 3680 3600 3600 3681 3681 3681 3681 3600 3600 3601 3601 3681 3681 3601 3601 3682 3682 3682 3682 3601 3601 3602 3602 3682 3682 3602 3602 3683 3683 3683 3683 3602 3602 3603 3603 3683 3683 3603 3603 3684 3684 3684 3684 3603 3603 3604 3604 3684 3684 3604 3604 3685 3685 3685 3685 3604 3604 3605 3605 3685 3685 3605 3605 3686 3686 3686 3686 3605 3605 3687 3687 3687 3687 3605 3605 3606 3606 3687 3687 3606 3606 3688 3688 3688 3688 3606 3606 3607 3607 3688 3688 3607 3607 3689 3689 3689 3689 3607 3607 3608 3608 3689 3689 3608 3608 3690 3690 3690 3690 3608 3608 3609 3609 3690 3690 3609 3609 3691 3691 3691 3691 3609 3609 3610 3610 3691 3691 3610 3610 3692 3692 3692 3692 3610 3610 3693 3693 3693 3693 3610 3610 3611 3611 3693 3693 3611 3611 3694 3694 3694 3694 3611 3611 3612 3612 3694 3694 3612 3612 3695 3695 3695 3695 3612 3612 3613 3613 3695 3695 3613 3613 3696 3696 3696 3696 3613 3613 3614 3614 3696 3696 3614 3614 3697 3697 3697 3697 3614 3614 3698 3698 3698 3698 3614 3614 3615 3615 3698 3698 3615 3615 3699 3699 3699 3699 3615 3615 3616 3616 3699 3699 3616 3616 3700 3700 3700 3700 3616 3616 3617 3617 3700 3700 3617 3617 3701 3701 3701 3701 3617 3617 3618 3618 3701 3701 3618 3618 3702 3702 3702 3702 3618 3618 3619 3619 3702 3702 3619 3619 3703 3703 3703 3703 3619 3619 3704 3704 3704 3704 3619 3619 3620 3620 3704 3704 3620 3620 3705 3705 3705 3705 3620 3620 3621 3621 3705 3705 3621 3621 3706 3706 3706 3706 3621 3621 3622 3622 3706 3706 3622 3622 3707 3707 3707 3707 3622 3622 3623 3623 3707 3707 3623 3623 3708 3708 3708 3708 3623 3623 3624 3624 3708 3708 3624 3624 3709 3709 3709 3709 3624 3624 3710 3710 3710 3710 3624 3624 3625 3625 3710 3710 3625 3625 3711 3711 3711 3711 3625 3625 3626 3626 3711 3711 3626 3626 3712 3712 3712 3712 3626 3626 3627 3627 3712 3712 3627 3627 3633 3633 3633 3633 3627 3627 3632 3632 3632 3632 3627 3627 7212 7212 3632 3632 7213 7213 7214 7214 3631 3631 3628 3628 3630 3630 3630 3630 3628 3628 3629 3629 3712 3712 3633 3633 3713 3713 3713 3713 3633 3633 3634 3634 3713 3713 3634 3634 3714 3714 3714 3714 3634 3634 3715 3715 3715 3715 3634 3634 3635 3635 3715 3715 3635 3635 3636 3636 3715 3715 3636 3636 3716 3716 3716 3716 3636 3636 3717 3717 3717 3717 3636 3636 3637 3637 3717 3717 3637 3637 3638 3638 3717 3717 3638 3638 3718 3718 3718 3718 3638 3638 3719 3719 3719 3719 3638 3638 7215 7215 3719 3719 7216 7216 7217 7217 3719 3719 7218 7218 3720 3720 3720 3720 7219 7219 7220 7220 3721 3721 3640 3640 3641 3641 3721 3721 3641 3641 3722 3722 3722 3722 3641 3641 3642 3642 3722 3722 3642 3642 3723 3723 3723 3723 3642 3642 3643 3643 3723 3723 3643 3643 3724 3724 3724 3724 3643 3643 3725 3725 3725 3725 3643 3643 3726 3726 3726 3726 3643 3643 3727 3727 3727 3727 3643 3643 3728 3728 3728 3728 3643 3643 3729 3729 3729 3729 3643 3643 3730 3730 3730 3730 3643 3643 3731 3731 3731 3731 3643 3643 3732 3732 3732 3732 3643 3643 3733 3733 3733 3733 3643 3643 3654 3654 7221 7221 7222 7222 3734 3734 3734 3734 7223 7223 3735 3735 3735 3735 7224 7224 3736 3736 3736 3736 7225 7225 7226 7226 3736 3736 7227 7227 3737 3737 3737 3737 7228 7228 7229 7229 3737 3737 7230 7230 3738 3738 3738 3738 7231 7231 7232 7232 3738 3738 7233 7233 3739 3739 3739 3739 7234 7234 7235 7235 3739 3739 7236 7236 7237 7237 3740 3740 3658 3658 3659 3659 3740 3740 3659 3659 3741 3741 3741 3741 3659 3659 3660 3660 3741 3741 3660 3660 3742 3742 3742 3742 3660 3660 3661 3661 3742 3742 3661 3661 3743 3743 3743 3743 3661 3661 3662 3662 3743 3743 3662 3662 3744 3744 3744 3744 3662 3662 3663 3663 3744 3744 3663 3663 3745 3745 3745 3745 3663 3663 3664 3664 3745 3745 3664 3664 3746 3746 3746 3746 3664 3664 3665 3665 3746 3746 3665 3665 3666 3666 7238 7238 7239 7239 3747 3747 3747 3747 7240 7240 3668 3668 3668 3668 7241 7241 7242 7242 3747 3747 3668 3668 3748 3748 3748 3748 3668 3668 3670 3670 3670 3670 3668 3668 3669 3669 3748 3748 3670 3670 3749 3749 3749 3749 3670 3670 3672 3672 3672 3672 3670 3670 3671 3671 3749 3749 3672 3672 3750 3750 3750 3750 3672 3672 3674 3674 3674 3674 3672 3672 3673 3673 3750 3750 3674 3674 3678 3678 3678 3678 3674 3674 3677 3677 3677 3677 3674 3674 3675 3675 3677 3677 3675 3675 3676 3676 3750 3750 3678 3678 3679 3679 3750 3750 3679 3679 3751 3751 3751 3751 3679 3679 3680 3680 3751 3751 3680 3680 3752 3752 3752 3752 3680 3680 3681 3681 3752 3752 3681 3681 3753 3753 3753 3753 3681 3681 3682 3682 3753 3753 3682 3682 3754 3754 3754 3754 3682 3682 3683 3683 3754 3754 3683 3683 3755 3755 3755 3755 3683 3683 3684 3684 3755 3755 3684 3684 3756 3756 3756 3756 3684 3684 3685 3685 3756 3756 3685 3685 3757 3757 3757 3757 3685 3685 3686 3686 3757 3757 3686 3686 3758 3758 3758 3758 3686 3686 3687 3687 3758 3758 3687 3687 3759 3759 3759 3759 3687 3687 3688 3688 3759 3759 3688 3688 3760 3760 3760 3760 3688 3688 3689 3689 3760 3760 3689 3689 3761 3761 3761 3761 3689 3689 3690 3690 3761 3761 3690 3690 3762 3762 3762 3762 3690 3690 3691 3691 3762 3762 3691 3691 3763 3763 3763 3763 3691 3691 3692 3692 3763 3763 3692 3692 3764 3764 3764 3764 3692 3692 3693 3693 3764 3764 3693 3693 3765 3765 3765 3765 3693 3693 3694 3694 3765 3765 3694 3694 3766 3766 3766 3766 3694 3694 3695 3695 3766 3766 3695 3695 3767 3767 3767 3767 3695 3695 3696 3696 3767 3767 3696 3696 3768 3768 3768 3768 3696 3696 3697 3697 3768 3768 3697 3697 3769 3769 3769 3769 3697 3697 3698 3698 3769 3769 3698 3698 3770 3770 3770 3770 3698 3698 3699 3699 3770 3770 3699 3699 3771 3771 3771 3771 3699 3699 3700 3700 3771 3771 3700 3700 3772 3772 3772 3772 3700 3700 3701 3701 3772 3772 3701 3701 3773 3773 3773 3773 3701 3701 3702 3702 3773 3773 3702 3702 3774 3774 3774 3774 3702 3702 3703 3703 3774 3774 3703 3703 3775 3775 3775 3775 3703 3703 3704 3704 3775 3775 3704 3704 3776 3776 3776 3776 3704 3704 3705 3705 3776 3776 3705 3705 3777 3777 3777 3777 3705 3705 3706 3706 3777 3777 3706 3706 3778 3778 3778 3778 3706 3706 3707 3707 3778 3778 3707 3707 3779 3779 3779 3779 3707 3707 3708 3708 3779 3779 3708 3708 3780 3780 3780 3780 3708 3708 3709 3709 3780 3780 3709 3709 3714 3714 3714 3714 3709 3709 3710 3710 3714 3714 3710 3710 3713 3713 3713 3713 3710 3710 3711 3711 3713 3713 3711 3711 3712 3712 3780 3780 3714 3714 3715 3715 3780 3780 3715 3715 3716 3716 3780 3780 3716 3716 3779 3779 3779 3779 3716 3716 3781 3781 3781 3781 3716 3716 3717 3717 3781 3781 3717 3717 3718 3718 3781 3781 3718 3718 3782 3782 3782 3782 3718 3718 3783 3783 3783 3783 3718 3718 3719 3719 3783 3783 3719 3719 3720 3720 3783 3783 3720 3720 3784 3784 3784 3784 3720 3720 3785 3785 3785 3785 3720 3720 7243 7243 3785 3785 7244 7244 7245 7245 3785 3785 7246 7246 3786 3786 3786 3786 7247 7247 7248 7248 3787 3787 3722 3722 3723 3723 3787 3787 3723 3723 3724 3724 3787 3787 3724 3724 3788 3788 3788 3788 3724 3724 3725 3725 3788 3788 3725 3725 3789 3789 3789 3789 3725 3725 3726 3726 3789 3789 3726 3726 3790 3790 3790 3790 3726 3726 3727 3727 3790 3790 3727 3727 3791 3791 3791 3791 3727 3727 3728 3728 3791 3791 3728 3728 3792 3792 3792 3792 3728 3728 3729 3729 3792 3792 3729 3729 3793 3793 3793 3793 3729 3729 3730 3730 7249 7249 7250 7250 3794 3794 3794 3794 7251 7251 7252 7252 3794 3794 7253 7253 3795 3795 3795 3795 7254 7254 7255 7255 3795 3795 7256 7256 3796 3796 3796 3796 7257 7257 7258 7258 3796 3796 7259 7259 3734 3734 3796 3796 3734 3734 3797 3797 3797 3797 3734 3734 3798 3798 3798 3798 3734 3734 3735 3735 3798 3798 3735 3735 3799 3799 3799 3799 3735 3735 3736 3736 3799 3799 3736 3736 3800 3800 3800 3800 3736 3736 3737 3737 3800 3800 3737 3737 3801 3801 3801 3801 3737 3737 3738 3738 3801 3801 3738 3738 3802 3802 3802 3802 3738 3738 3739 3739 3802 3802 3739 3739 3803 3803 3803 3803 3739 3739 7260 7260 3803 3803 7261 7261 3804 3804 3804 3804 7262 7262 7263 7263 3804 3804 7264 7264 3805 3805 3805 3805 7265 7265 7266 7266 3805 3805 7267 7267 3806 3806 3806 3806 7268 7268 7269 7269 3806 3806 7270 7270 3807 3807 3807 3807 7271 7271 7272 7272 3807 3807 7273 7273 3808 3808 3808 3808 7274 7274 7275 7275 3808 3808 7276 7276 3809 3809 3809 3809 7277 7277 7278 7278 3809 3809 7279 7279 3747 3747 3809 3809 3747 3747 3810 3810 3810 3810 3747 3747 3748 3748 3810 3810 3748 3748 3811 3811 3811 3811 3748 3748 3749 3749 3811 3811 3749 3749 3751 3751 3751 3751 3749 3749 3750 3750 3811 3811 3751 3751 3752 3752 3811 3811 3752 3752 3812 3812 3812 3812 3752 3752 3753 3753 3812 3812 3753 3753 3813 3813 3813 3813 3753 3753 3754 3754 3813 3813 3754 3754 3814 3814 3814 3814 3754 3754 3755 3755 3814 3814 3755 3755 3815 3815 3815 3815 3755 3755 3756 3756 3815 3815 3756 3756 3816 3816 3816 3816 3756 3756 3757 3757 3816 3816 3757 3757 3817 3817 3817 3817 3757 3757 3758 3758 3817 3817 3758 3758 3818 3818 3818 3818 3758 3758 3759 3759 3818 3818 3759 3759 3819 3819 3819 3819 3759 3759 3760 3760 3819 3819 3760 3760 3820 3820 3820 3820 3760 3760 3761 3761 3820 3820 3761 3761 3821 3821 3821 3821 3761 3761 3762 3762 3821 3821 3762 3762 3822 3822 3822 3822 3762 3762 3763 3763 3822 3822 3763 3763 3823 3823 3823 3823 3763 3763 3764 3764 3823 3823 3764 3764 3824 3824 3824 3824 3764 3764 3765 3765 3824 3824 3765 3765 3825 3825 3825 3825 3765 3765 3766 3766 3825 3825 3766 3766 3826 3826 3826 3826 3766 3766 3767 3767 3826 3826 3767 3767 3827 3827 3827 3827 3767 3767 3768 3768 3827 3827 3768 3768 3828 3828 3828 3828 3768 3768 3769 3769 3828 3828 3769 3769 3829 3829 3829 3829 3769 3769 3770 3770 3829 3829 3770 3770 3830 3830 3830 3830 3770 3770 3771 3771 3830 3830 3771 3771 3831 3831 3831 3831 3771 3771 3772 3772 3831 3831 3772 3772 3832 3832 3832 3832 3772 3772 3773 3773 3832 3832 3773 3773 3833 3833 3833 3833 3773 3773 3774 3774 3833 3833 3774 3774 3834 3834 3834 3834 3774 3774 3775 3775 3834 3834 3775 3775 3835 3835 3835 3835 3775 3775 3776 3776 3835 3835 3776 3776 3836 3836 3836 3836 3776 3776 3777 3777 3836 3836 3777 3777 3782 3782 3782 3782 3777 3777 3778 3778 3782 3782 3778 3778 3781 3781 3781 3781 3778 3778 3779 3779 3836 3836 3782 3782 3783 3783 3836 3836 3783 3783 3784 3784 3836 3836 3784 3784 3835 3835 3835 3835 3784 3784 3837 3837 3837 3837 3784 3784 3785 3785 3837 3837 3785 3785 3786 3786 3837 3837 3786 3786 3838 3838 3838 3838 3786 3786 3839 3839 3839 3839 3786 3786 7280 7280 3839 3839 7281 7281 7282 7282 3839 3839 7283 7283 3840 3840 3840 3840 7284 7284 7285 7285 3840 3840 7286 7286 3841 3841 3841 3841 7287 7287 7288 7288 3841 3841 7289 7289 3842 3842 3842 3842 7290 7290 7291 7291 3842 3842 7292 7292 3843 3843 3843 3843 7293 7293 7294 7294 3843 3843 7295 7295 3844 3844 3844 3844 7296 7296 7297 7297 3844 3844 7298 7298 3845 3845 3845 3845 7299 7299 3794 3794 3845 3845 3794 3794 3846 3846 3846 3846 3794 3794 3795 3795 3846 3846 3795 3795 3847 3847 3847 3847 3795 3795 3796 3796 3847 3847 3796 3796 3797 3797 3847 3847 3797 3797 3848 3848 3848 3848 3797 3797 3849 3849 3849 3849 3797 3797 3798 3798 3849 3849 3798 3798 3850 3850 3850 3850 3798 3798 3799 3799 3850 3850 3799 3799 3851 3851 3851 3851 3799 3799 3800 3800 3851 3851 3800 3800 3852 3852 3852 3852 3800 3800 3801 3801 3852 3852 3801 3801 3853 3853 3853 3853 3801 3801 3802 3802 3853 3853 3802 3802 3854 3854 3854 3854 3802 3802 3803 3803 3854 3854 3803 3803 3855 3855 3855 3855 3803 3803 3804 3804 3855 3855 3804 3804 3856 3856 3856 3856 3804 3804 3805 3805 3856 3856 3805 3805 3857 3857 3857 3857 3805 3805 3806 3806 3857 3857 3806 3806 3858 3858 3858 3858 3806 3806 3807 3807 3858 3858 3807 3807 3859 3859 3859 3859 3807 3807 3808 3808 3859 3859 3808 3808 3860 3860 3860 3860 3808 3808 3809 3809 3860 3860 3809 3809 3810 3810 3860 3860 3810 3810 3812 3812 3812 3812 3810 3810 3811 3811 3860 3860 3812 3812 3813 3813 3860 3860 3813 3813 3859 3859 3859 3859 3813 3813 3814 3814 3859 3859 3814 3814 3858 3858 3858 3858 3814 3814 3815 3815 3858 3858 3815 3815 3857 3857 3857 3857 3815 3815 3816 3816 3857 3857 3816 3816 3856 3856 3856 3856 3816 3816 3817 3817 3856 3856 3817 3817 3855 3855 3855 3855 3817 3817 3818 3818 3855 3855 3818 3818 3854 3854 3854 3854 3818 3818 3819 3819 3854 3854 3819 3819 3853 3853 3853 3853 3819 3819 3820 3820 3853 3853 3820 3820 3852 3852 3852 3852 3820 3820 3821 3821 3852 3852 3821 3821 3851 3851 3851 3851 3821 3821 3822 3822 3851 3851 3822 3822 3850 3850 3850 3850 3822 3822 3823 3823 3850 3850 3823 3823 3849 3849 3849 3849 3823 3823 3824 3824 3849 3849 3824 3824 3848 3848 3848 3848 3824 3824 3825 3825 3848 3848 3825 3825 3861 3861 3861 3861 3825 3825 3826 3826 3861 3861 3826 3826 3862 3862 3862 3862 3826 3826 3827 3827 3862 3862 3827 3827 3863 3863 3863 3863 3827 3827 3828 3828 3863 3863 3828 3828 3864 3864 3864 3864 3828 3828 3829 3829 3864 3864 3829 3829 3865 3865 3865 3865 3829 3829 3830 3830 3865 3865 3830 3830 3866 3866 3866 3866 3830 3830 3831 3831 3866 3866 3831 3831 3867 3867 3867 3867 3831 3831 3832 3832 3867 3867 3832 3832 3868 3868 3868 3868 3832 3832 3833 3833 3868 3868 3833 3833 3838 3838 3838 3838 3833 3833 3834 3834 3838 3838 3834 3834 3837 3837 3837 3837 3834 3834 3835 3835 3868 3868 3838 3838 3839 3839 3868 3868 3839 3839 3840 3840 3868 3868 3840 3840 3867 3867 3867 3867 3840 3840 3841 3841 3867 3867 3841 3841 3866 3866 3866 3866 3841 3841 3842 3842 3866 3866 3842 3842 3865 3865 3865 3865 3842 3842 3843 3843 3865 3865 3843 3843 3864 3864 3864 3864 3843 3843 3844 3844 3864 3864 3844 3844 3863 3863 3863 3863 3844 3844 3845 3845 3863 3863 3845 3845 3862 3862 3862 3862 3845 3845 3846 3846 3862 3862 3846 3846 3861 3861 3861 3861 3846 3846 3847 3847 3861 3861 3847 3847 3848 3848 3952 3952 3566 3566 3869 3869 3869 3869 3566 3566 3567 3567 3952 3952 3869 3869 3870 3870 3952 3952 3870 3870 3951 3951 3951 3951 3870 3870 3871 3871 3951 3951 3871 3871 3950 3950 3950 3950 3871 3871 3872 3872 3950 3950 3872 3872 3949 3949 3949 3949 3872 3872 3873 3873 3949 3949 3873 3873 3948 3948 3948 3948 3873 3873 3874 3874 3948 3948 3874 3874 3947 3947 3947 3947 3874 3874 3875 3875 3947 3947 3875 3875 3946 3946 3946 3946 3875 3875 3876 3876 3946 3946 3876 3876 3945 3945 3945 3945 3876 3876 3877 3877 3945 3945 3877 3877 3944 3944 3944 3944 3877 3877 7300 7300 3944 3944 7301 7301 7302 7302 3943 3943 3878 3878 3879 3879 3943 3943 3879 3879 3942 3942 3942 3942 3879 3879 3953 3953 3953 3953 3879 3879 3954 3954 3954 3954 3879 3879 3955 3955 3955 3955 3879 3879 3956 3956 3956 3956 3879 3879 3957 3957 3957 3957 3879 3879 3958 3958 3958 3958 3879 3879 3959 3959 3959 3959 3879 3879 3960 3960 3960 3960 3879 3879 3961 3961 3961 3961 3879 3879 3962 3962 3962 3962 3879 3879 3963 3963 3963 3963 3879 3879 3964 3964 3964 3964 3879 3879 3880 3880 3964 3964 3880 3880 3965 3965 3965 3965 3880 3880 3881 3881 3965 3965 3881 3881 3966 3966 3966 3966 3881 3881 3882 3882 7303 7303 7304 7304 3967 3967 3967 3967 7305 7305 3968 3968 3968 3968 7306 7306 7307 7307 3968 3968 7308 7308 3884 3884 3968 3968 3884 3884 3969 3969 3969 3969 3884 3884 3970 3970 3970 3970 3884 3884 3885 3885 3970 3970 3885 3885 3886 3886 3970 3970 3886 3886 3971 3971 3971 3971 3886 3886 3972 3972 3972 3972 3886 3886 3887 3887 3972 3972 3887 3887 3888 3888 3972 3972 3888 3888 3973 3973 3973 3973 3888 3888 3974 3974 3974 3974 3888 3888 3889 3889 3974 3974 3889 3889 3975 3975 3975 3975 3889 3889 3896 3896 3896 3896 3889 3889 3895 3895 3895 3895 3889 3889 3890 3890 3895 3895 3890 3890 7309 7309 7310 7310 3890 3890 7311 7311 3894 3894 3891 3891 3892 3892 3894 3894 3892 3892 3893 3893 3975 3975 3896 3896 3976 3976 3976 3976 3896 3896 3897 3897 3976 3976 3897 3897 3977 3977 3977 3977 3897 3897 3898 3898 3977 3977 3898 3898 3978 3978 3978 3978 3898 3898 3899 3899 3978 3978 3899 3899 3979 3979 3979 3979 3899 3899 3980 3980 3980 3980 3899 3899 3900 3900 3980 3980 3900 3900 3981 3981 3981 3981 3900 3900 3901 3901 3981 3981 3901 3901 3982 3982 3982 3982 3901 3901 3902 3902 3982 3982 3902 3902 3983 3983 3983 3983 3902 3902 3903 3903 3983 3983 3903 3903 3984 3984 3984 3984 3903 3903 3904 3904 3984 3984 3904 3904 3985 3985 3985 3985 3904 3904 3986 3986 3986 3986 3904 3904 3905 3905 3986 3986 3905 3905 3987 3987 3987 3987 3905 3905 3906 3906 3987 3987 3906 3906 3988 3988 3988 3988 3906 3906 3907 3907 3988 3988 3907 3907 3989 3989 3989 3989 3907 3907 3908 3908 3989 3989 3908 3908 3990 3990 3990 3990 3908 3908 3909 3909 3990 3990 3909 3909 3991 3991 3991 3991 3909 3909 3992 3992 3992 3992 3909 3909 3910 3910 3992 3992 3910 3910 3993 3993 3993 3993 3910 3910 3911 3911 3993 3993 3911 3911 3994 3994 3994 3994 3911 3911 3912 3912 3994 3994 3912 3912 3995 3995 3995 3995 3912 3912 3913 3913 3995 3995 3913 3913 3996 3996 3996 3996 3913 3913 3997 3997 3997 3997 3913 3913 3914 3914 3997 3997 3914 3914 3998 3998 3998 3998 3914 3914 3915 3915 3998 3998 3915 3915 3999 3999 3999 3999 3915 3915 3916 3916 3999 3999 3916 3916 4000 4000 4000 4000 3916 3916 3917 3917 4000 4000 3917 3917 4001 4001 4001 4001 3917 3917 3918 3918 4001 4001 3918 3918 4002 4002 4002 4002 3918 3918 4003 4003 4003 4003 3918 3918 3919 3919 4003 4003 3919 3919 4004 4004 4004 4004 3919 3919 3920 3920 4004 4004 3920 3920 4005 4005 4005 4005 3920 3920 3921 3921 4005 4005 3921 3921 4006 4006 4006 4006 3921 3921 3922 3922 4006 4006 3922 3922 4007 4007 4007 4007 3922 3922 3923 3923 4007 4007 3923 3923 4008 4008 4008 4008 3923 3923 4009 4009 4009 4009 3923 3923 3924 3924 4009 4009 3924 3924 4010 4010 4010 4010 3924 3924 3925 3925 4010 4010 3925 3925 4011 4011 4011 4011 3925 3925 3926 3926 4011 4011 3926 3926 3932 3932 3932 3932 3926 3926 3931 3931 3931 3931 3926 3926 7312 7312 3931 3931 7313 7313 7314 7314 3930 3930 3927 3927 3929 3929 3929 3929 3927 3927 3928 3928 4011 4011 3932 3932 4012 4012 4012 4012 3932 3932 3933 3933 4012 4012 3933 3933 4013 4013 4013 4013 3933 3933 4014 4014 4014 4014 3933 3933 3934 3934 4014 4014 3934 3934 3935 3935 4014 4014 3935 3935 4015 4015 4015 4015 3935 3935 4016 4016 4016 4016 3935 3935 3936 3936 4016 4016 3936 3936 3937 3937 4016 4016 3937 3937 4017 4017 4017 4017 3937 3937 4018 4018 4018 4018 3937 3937 7315 7315 4018 4018 7316 7316 7317 7317 4018 4018 7318 7318 4019 4019 4019 4019 7319 7319 7320 7320 4020 4020 3939 3939 3940 3940 4020 4020 3940 3940 4021 4021 4021 4021 3940 3940 3941 3941 4021 4021 3941 3941 4022 4022 4022 4022 3941 3941 3942 3942 4022 4022 3942 3942 4023 4023 4023 4023 3942 3942 4024 4024 4024 4024 3942 3942 4025 4025 4025 4025 3942 3942 4026 4026 4026 4026 3942 3942 4027 4027 4027 4027 3942 3942 4028 4028 4028 4028 3942 3942 4029 4029 4029 4029 3942 3942 4030 4030 4030 4030 3942 3942 4031 4031 4031 4031 3942 3942 4032 4032 4032 4032 3942 3942 3953 3953 7321 7321 7322 7322 4033 4033 4033 4033 7323 7323 4034 4034 4034 4034 7324 7324 4035 4035 4035 4035 7325 7325 7326 7326 4035 4035 7327 7327 4036 4036 4036 4036 7328 7328 7329 7329 4036 4036 7330 7330 4037 4037 4037 4037 7331 7331 7332 7332 4037 4037 7333 7333 4038 4038 4038 4038 7334 7334 7335 7335 4038 4038 7336 7336 7337 7337 4039 4039 3957 3957 3958 3958 4039 4039 3958 3958 4040 4040 4040 4040 3958 3958 3959 3959 4040 4040 3959 3959 4041 4041 4041 4041 3959 3959 3960 3960 4041 4041 3960 3960 4042 4042 4042 4042 3960 3960 3961 3961 4042 4042 3961 3961 4043 4043 4043 4043 3961 3961 3962 3962 4043 4043 3962 3962 4044 4044 4044 4044 3962 3962 3963 3963 4044 4044 3963 3963 4045 4045 4045 4045 3963 3963 3964 3964 4045 4045 3964 3964 3965 3965 7338 7338 7339 7339 4046 4046 4046 4046 7340 7340 3967 3967 3967 3967 7341 7341 7342 7342 4046 4046 3967 3967 4047 4047 4047 4047 3967 3967 3969 3969 3969 3969 3967 3967 3968 3968 4047 4047 3969 3969 4048 4048 4048 4048 3969 3969 3971 3971 3971 3971 3969 3969 3970 3970 4048 4048 3971 3971 4049 4049 4049 4049 3971 3971 3973 3973 3973 3973 3971 3971 3972 3972 4049 4049 3973 3973 3977 3977 3977 3977 3973 3973 3976 3976 3976 3976 3973 3973 3974 3974 3976 3976 3974 3974 3975 3975 4049 4049 3977 3977 3978 3978 4049 4049 3978 3978 4050 4050 4050 4050 3978 3978 3979 3979 4050 4050 3979 3979 4051 4051 4051 4051 3979 3979 3980 3980 4051 4051 3980 3980 4052 4052 4052 4052 3980 3980 3981 3981 4052 4052 3981 3981 4053 4053 4053 4053 3981 3981 3982 3982 4053 4053 3982 3982 4054 4054 4054 4054 3982 3982 3983 3983 4054 4054 3983 3983 4055 4055 4055 4055 3983 3983 3984 3984 4055 4055 3984 3984 4056 4056 4056 4056 3984 3984 3985 3985 4056 4056 3985 3985 4057 4057 4057 4057 3985 3985 3986 3986 4057 4057 3986 3986 4058 4058 4058 4058 3986 3986 3987 3987 4058 4058 3987 3987 4059 4059 4059 4059 3987 3987 3988 3988 4059 4059 3988 3988 4060 4060 4060 4060 3988 3988 3989 3989 4060 4060 3989 3989 4061 4061 4061 4061 3989 3989 3990 3990 4061 4061 3990 3990 4062 4062 4062 4062 3990 3990 3991 3991 4062 4062 3991 3991 4063 4063 4063 4063 3991 3991 3992 3992 4063 4063 3992 3992 4064 4064 4064 4064 3992 3992 3993 3993 4064 4064 3993 3993 4065 4065 4065 4065 3993 3993 3994 3994 4065 4065 3994 3994 4066 4066 4066 4066 3994 3994 3995 3995 4066 4066 3995 3995 4067 4067 4067 4067 3995 3995 3996 3996 4067 4067 3996 3996 4068 4068 4068 4068 3996 3996 3997 3997 4068 4068 3997 3997 4069 4069 4069 4069 3997 3997 3998 3998 4069 4069 3998 3998 4070 4070 4070 4070 3998 3998 3999 3999 4070 4070 3999 3999 4071 4071 4071 4071 3999 3999 4000 4000 4071 4071 4000 4000 4072 4072 4072 4072 4000 4000 4001 4001 4072 4072 4001 4001 4073 4073 4073 4073 4001 4001 4002 4002 4073 4073 4002 4002 4074 4074 4074 4074 4002 4002 4003 4003 4074 4074 4003 4003 4075 4075 4075 4075 4003 4003 4004 4004 4075 4075 4004 4004 4076 4076 4076 4076 4004 4004 4005 4005 4076 4076 4005 4005 4077 4077 4077 4077 4005 4005 4006 4006 4077 4077 4006 4006 4078 4078 4078 4078 4006 4006 4007 4007 4078 4078 4007 4007 4079 4079 4079 4079 4007 4007 4008 4008 4079 4079 4008 4008 4013 4013 4013 4013 4008 4008 4009 4009 4013 4013 4009 4009 4012 4012 4012 4012 4009 4009 4010 4010 4012 4012 4010 4010 4011 4011 4079 4079 4013 4013 4014 4014 4079 4079 4014 4014 4015 4015 4079 4079 4015 4015 4078 4078 4078 4078 4015 4015 4080 4080 4080 4080 4015 4015 4016 4016 4080 4080 4016 4016 4017 4017 4080 4080 4017 4017 4081 4081 4081 4081 4017 4017 4082 4082 4082 4082 4017 4017 4018 4018 4082 4082 4018 4018 4019 4019 4082 4082 4019 4019 4083 4083 4083 4083 4019 4019 4084 4084 4084 4084 4019 4019 7343 7343 4084 4084 7344 7344 7345 7345 4084 4084 7346 7346 4085 4085 4085 4085 7347 7347 7348 7348 4086 4086 4021 4021 4022 4022 4086 4086 4022 4022 4023 4023 4086 4086 4023 4023 4087 4087 4087 4087 4023 4023 4024 4024 4087 4087 4024 4024 4088 4088 4088 4088 4024 4024 4025 4025 4088 4088 4025 4025 4089 4089 4089 4089 4025 4025 4026 4026 4089 4089 4026 4026 4090 4090 4090 4090 4026 4026 4027 4027 4090 4090 4027 4027 4091 4091 4091 4091 4027 4027 4028 4028 4091 4091 4028 4028 4092 4092 4092 4092 4028 4028 4029 4029 7349 7349 7350 7350 4093 4093 4093 4093 7351 7351 7352 7352 4093 4093 7353 7353 4094 4094 4094 4094 7354 7354 7355 7355 4094 4094 7356 7356 4095 4095 4095 4095 7357 7357 7358 7358 4095 4095 7359 7359 4033 4033 4095 4095 4033 4033 4096 4096 4096 4096 4033 4033 4097 4097 4097 4097 4033 4033 4034 4034 4097 4097 4034 4034 4098 4098 4098 4098 4034 4034 4035 4035 4098 4098 4035 4035 4099 4099 4099 4099 4035 4035 4036 4036 4099 4099 4036 4036 4100 4100 4100 4100 4036 4036 4037 4037 4100 4100 4037 4037 4101 4101 4101 4101 4037 4037 4038 4038 4101 4101 4038 4038 4102 4102 4102 4102 4038 4038 7360 7360 4102 4102 7361 7361 4103 4103 4103 4103 7362 7362 7363 7363 4103 4103 7364 7364 4104 4104 4104 4104 7365 7365 7366 7366 4104 4104 7367 7367 4105 4105 4105 4105 7368 7368 7369 7369 4105 4105 7370 7370 4106 4106 4106 4106 7371 7371 7372 7372 4106 4106 7373 7373 4107 4107 4107 4107 7374 7374 7375 7375 4107 4107 7376 7376 4108 4108 4108 4108 7377 7377 7378 7378 4108 4108 7379 7379 4046 4046 4108 4108 4046 4046 4109 4109 4109 4109 4046 4046 4047 4047 4109 4109 4047 4047 4110 4110 4110 4110 4047 4047 4048 4048 4110 4110 4048 4048 4050 4050 4050 4050 4048 4048 4049 4049 4110 4110 4050 4050 4051 4051 4110 4110 4051 4051 4111 4111 4111 4111 4051 4051 4052 4052 4111 4111 4052 4052 4112 4112 4112 4112 4052 4052 4053 4053 4112 4112 4053 4053 4113 4113 4113 4113 4053 4053 4054 4054 4113 4113 4054 4054 4114 4114 4114 4114 4054 4054 4055 4055 4114 4114 4055 4055 4115 4115 4115 4115 4055 4055 4056 4056 4115 4115 4056 4056 4116 4116 4116 4116 4056 4056 4057 4057 4116 4116 4057 4057 4117 4117 4117 4117 4057 4057 4058 4058 4117 4117 4058 4058 4118 4118 4118 4118 4058 4058 4059 4059 4118 4118 4059 4059 4119 4119 4119 4119 4059 4059 4060 4060 4119 4119 4060 4060 4120 4120 4120 4120 4060 4060 4061 4061 4120 4120 4061 4061 4121 4121 4121 4121 4061 4061 4062 4062 4121 4121 4062 4062 4122 4122 4122 4122 4062 4062 4063 4063 4122 4122 4063 4063 4123 4123 4123 4123 4063 4063 4064 4064 4123 4123 4064 4064 4124 4124 4124 4124 4064 4064 4065 4065 4124 4124 4065 4065 4125 4125 4125 4125 4065 4065 4066 4066 4125 4125 4066 4066 4126 4126 4126 4126 4066 4066 4067 4067 4126 4126 4067 4067 4127 4127 4127 4127 4067 4067 4068 4068 4127 4127 4068 4068 4128 4128 4128 4128 4068 4068 4069 4069 4128 4128 4069 4069 4129 4129 4129 4129 4069 4069 4070 4070 4129 4129 4070 4070 4130 4130 4130 4130 4070 4070 4071 4071 4130 4130 4071 4071 4131 4131 4131 4131 4071 4071 4072 4072 4131 4131 4072 4072 4132 4132 4132 4132 4072 4072 4073 4073 4132 4132 4073 4073 4133 4133 4133 4133 4073 4073 4074 4074 4133 4133 4074 4074 4134 4134 4134 4134 4074 4074 4075 4075 4134 4134 4075 4075 4135 4135 4135 4135 4075 4075 4076 4076 4135 4135 4076 4076 4081 4081 4081 4081 4076 4076 4077 4077 4081 4081 4077 4077 4080 4080 4080 4080 4077 4077 4078 4078 4135 4135 4081 4081 4082 4082 4135 4135 4082 4082 4083 4083 4135 4135 4083 4083 4134 4134 4134 4134 4083 4083 4136 4136 4136 4136 4083 4083 4084 4084 4136 4136 4084 4084 4085 4085 4136 4136 4085 4085 4137 4137 4137 4137 4085 4085 4138 4138 4138 4138 4085 4085 7380 7380 4138 4138 7381 7381 7382 7382 4138 4138 7383 7383 4139 4139 4139 4139 7384 7384 7385 7385 4139 4139 7386 7386 4140 4140 4140 4140 7387 7387 7388 7388 4140 4140 7389 7389 4141 4141 4141 4141 7390 7390 7391 7391 4141 4141 7392 7392 4142 4142 4142 4142 7393 7393 7394 7394 4142 4142 7395 7395 4143 4143 4143 4143 7396 7396 7397 7397 4143 4143 7398 7398 4144 4144 4144 4144 7399 7399 4093 4093 4144 4144 4093 4093 4145 4145 4145 4145 4093 4093 4094 4094 4145 4145 4094 4094 4146 4146 4146 4146 4094 4094 4095 4095 4146 4146 4095 4095 4096 4096 4146 4146 4096 4096 4147 4147 4147 4147 4096 4096 4148 4148 4148 4148 4096 4096 4097 4097 4148 4148 4097 4097 4149 4149 4149 4149 4097 4097 4098 4098 4149 4149 4098 4098 4150 4150 4150 4150 4098 4098 4099 4099 4150 4150 4099 4099 4151 4151 4151 4151 4099 4099 4100 4100 4151 4151 4100 4100 4152 4152 4152 4152 4100 4100 4101 4101 4152 4152 4101 4101 4153 4153 4153 4153 4101 4101 4102 4102 4153 4153 4102 4102 4154 4154 4154 4154 4102 4102 4103 4103 4154 4154 4103 4103 4155 4155 4155 4155 4103 4103 4104 4104 4155 4155 4104 4104 4156 4156 4156 4156 4104 4104 4105 4105 4156 4156 4105 4105 4157 4157 4157 4157 4105 4105 4106 4106 4157 4157 4106 4106 4158 4158 4158 4158 4106 4106 4107 4107 4158 4158 4107 4107 4159 4159 4159 4159 4107 4107 4108 4108 4159 4159 4108 4108 4109 4109 4159 4159 4109 4109 4111 4111 4111 4111 4109 4109 4110 4110 4159 4159 4111 4111 4112 4112 4159 4159 4112 4112 4158 4158 4158 4158 4112 4112 4113 4113 4158 4158 4113 4113 4157 4157 4157 4157 4113 4113 4114 4114 4157 4157 4114 4114 4156 4156 4156 4156 4114 4114 4115 4115 4156 4156 4115 4115 4155 4155 4155 4155 4115 4115 4116 4116 4155 4155 4116 4116 4154 4154 4154 4154 4116 4116 4117 4117 4154 4154 4117 4117 4153 4153 4153 4153 4117 4117 4118 4118 4153 4153 4118 4118 4152 4152 4152 4152 4118 4118 4119 4119 4152 4152 4119 4119 4151 4151 4151 4151 4119 4119 4120 4120 4151 4151 4120 4120 4150 4150 4150 4150 4120 4120 4121 4121 4150 4150 4121 4121 4149 4149 4149 4149 4121 4121 4122 4122 4149 4149 4122 4122 4148 4148 4148 4148 4122 4122 4123 4123 4148 4148 4123 4123 4147 4147 4147 4147 4123 4123 4124 4124 4147 4147 4124 4124 4160 4160 4160 4160 4124 4124 4125 4125 4160 4160 4125 4125 4161 4161 4161 4161 4125 4125 4126 4126 4161 4161 4126 4126 4162 4162 4162 4162 4126 4126 4127 4127 4162 4162 4127 4127 4163 4163 4163 4163 4127 4127 4128 4128 4163 4163 4128 4128 4164 4164 4164 4164 4128 4128 4129 4129 4164 4164 4129 4129 4165 4165 4165 4165 4129 4129 4130 4130 4165 4165 4130 4130 4166 4166 4166 4166 4130 4130 4131 4131 4166 4166 4131 4131 4167 4167 4167 4167 4131 4131 4132 4132 4167 4167 4132 4132 4137 4137 4137 4137 4132 4132 4133 4133 4137 4137 4133 4133 4136 4136 4136 4136 4133 4133 4134 4134 4167 4167 4137 4137 4138 4138 4167 4167 4138 4138 4139 4139 4167 4167 4139 4139 4166 4166 4166 4166 4139 4139 4140 4140 4166 4166 4140 4140 4165 4165 4165 4165 4140 4140 4141 4141 4165 4165 4141 4141 4164 4164 4164 4164 4141 4141 4142 4142 4164 4164 4142 4142 4163 4163 4163 4163 4142 4142 4143 4143 4163 4163 4143 4143 4162 4162 4162 4162 4143 4143 4144 4144 4162 4162 4144 4144 4161 4161 4161 4161 4144 4144 4145 4145 4161 4161 4145 4145 4160 4160 4160 4160 4145 4145 4146 4146 4160 4160 4146 4146 4147 4147 4168 4168 4169 4169 4228 4228 4228 4228 4169 4169 4170 4170 4228 4228 4170 4170 4229 4229 4229 4229 4170 4170 4171 4171 4229 4229 4171 4171 4230 4230 4230 4230 4171 4171 4172 4172 4230 4230 4172 4172 4231 4231 4231 4231 4172 4172 4173 4173 4231 4231 4173 4173 4232 4232 4232 4232 4173 4173 4174 4174 4232 4232 4174 4174 4233 4233 4233 4233 4174 4174 4175 4175 4233 4233 4175 4175 4234 4234 4234 4234 4175 4175 4176 4176 4234 4234 4176 4176 4177 4177 4234 4234 4177 4177 4235 4235 4235 4235 4177 4177 4178 4178 4235 4235 4178 4178 4236 4236 4236 4236 4178 4178 4179 4179 4236 4236 4179 4179 4237 4237 4237 4237 4179 4179 4180 4180 4237 4237 4180 4180 4238 4238 4238 4238 4180 4180 4181 4181 4238 4238 4181 4181 4239 4239 4239 4239 4181 4181 4182 4182 4239 4239 4182 4182 4183 4183 4239 4239 4183 4183 4240 4240 4240 4240 4183 4183 4184 4184 4240 4240 4184 4184 4241 4241 4241 4241 4184 4184 4185 4185 4241 4241 4185 4185 4242 4242 4242 4242 4185 4185 4186 4186 4242 4242 4186 4186 4243 4243 4243 4243 4186 4186 4187 4187 4243 4243 4187 4187 4244 4244 4244 4244 4187 4187 4188 4188 4244 4244 4188 4188 4245 4245 4245 4245 4188 4188 4189 4189 4245 4245 4189 4189 4190 4190 4245 4245 4190 4190 4246 4246 4246 4246 4190 4190 4191 4191 4246 4246 4191 4191 4247 4247 4247 4247 4191 4191 4192 4192 4247 4247 4192 4192 4248 4248 4248 4248 4192 4192 4193 4193 4248 4248 4193 4193 4249 4249 4249 4249 4193 4193 4194 4194 4249 4249 4194 4194 4250 4250 4250 4250 4194 4194 4195 4195 4250 4250 4195 4195 4251 4251 4251 4251 4195 4195 4196 4196 4251 4251 4196 4196 4197 4197 4251 4251 4197 4197 4252 4252 4252 4252 4197 4197 4198 4198 4252 4252 4198 4198 4253 4253 4253 4253 4198 4198 4199 4199 4253 4253 4199 4199 4254 4254 4254 4254 4199 4199 4200 4200 4254 4254 4200 4200 4255 4255 4255 4255 4200 4200 4201 4201 4255 4255 4201 4201 4256 4256 4256 4256 4201 4201 4202 4202 4256 4256 4202 4202 4203 4203 4256 4256 4203 4203 4257 4257 4257 4257 4203 4203 4204 4204 4257 4257 4204 4204 4258 4258 4258 4258 4204 4204 4205 4205 4258 4258 4205 4205 4259 4259 4259 4259 4205 4205 4206 4206 4259 4259 4206 4206 4260 4260 4260 4260 4206 4206 4207 4207 4260 4260 4207 4207 4261 4261 4261 4261 4207 4207 4208 4208 4261 4261 4208 4208 4262 4262 4262 4262 4208 4208 4209 4209 4262 4262 4209 4209 4210 4210 4262 4262 4210 4210 4263 4263 4263 4263 4210 4210 4211 4211 4263 4263 4211 4211 4264 4264 4264 4264 4211 4211 4212 4212 4264 4264 4212 4212 4265 4265 4265 4265 4212 4212 4213 4213 4265 4265 4213 4213 4266 4266 4266 4266 4213 4213 4214 4214 4266 4266 4214 4214 4267 4267 4267 4267 4214 4214 4215 4215 4267 4267 4215 4215 4268 4268 4268 4268 4215 4215 4216 4216 4268 4268 4216 4216 4217 4217 4268 4268 4217 4217 4269 4269 4269 4269 4217 4217 4218 4218 4269 4269 4218 4218 4270 4270 4270 4270 4218 4218 4219 4219 4270 4270 4219 4219 4271 4271 4271 4271 4219 4219 4220 4220 4271 4271 4220 4220 4272 4272 4272 4272 4220 4220 4221 4221 4272 4272 4221 4221 4273 4273 4273 4273 4221 4221 4222 4222 4273 4273 4222 4222 4223 4223 4273 4273 4223 4223 4274 4274 4274 4274 4223 4223 4224 4224 4274 4274 4224 4224 4275 4275 4275 4275 4224 4224 4225 4225 4275 4275 4225 4225 4276 4276 4276 4276 4225 4225 4226 4226 4276 4276 4226 4226 4277 4277 4277 4277 4226 4226 4227 4227 4277 4277 4227 4227 4278 4278 4278 4278 4227 4227 4168 4168 4278 4278 4168 4168 4228 4228 4279 4279 4280 4280 4336 4336 4336 4336 4280 4280 4281 4281 4336 4336 4281 4281 4282 4282 4336 4336 4282 4282 4283 4283 4336 4336 4283 4283 4284 4284 4336 4336 4284 4284 4285 4285 4336 4336 4285 4285 4286 4286 4336 4336 4286 4286 4287 4287 4336 4336 4287 4287 4288 4288 4336 4336 4288 4288 4289 4289 4336 4336 4289 4289 4337 4337 4337 4337 4289 4289 4290 4290 4337 4337 4290 4290 4291 4291 4337 4337 4291 4291 4292 4292 4337 4337 4292 4292 4293 4293 4337 4337 4293 4293 4338 4338 4338 4338 4293 4293 4339 4339 4339 4339 4293 4293 4340 4340 4340 4340 4293 4293 4341 4341 4341 4341 4293 4293 4342 4342 4342 4342 4293 4293 4294 4294 4342 4342 4294 4294 4343 4343 4343 4343 4294 4294 4295 4295 4343 4343 4295 4295 4344 4344 4344 4344 4295 4295 4345 4345 4345 4345 4295 4295 4296 4296 4345 4345 4296 4296 4346 4346 4346 4346 4296 4296 4297 4297 4346 4346 4297 4297 4298 4298 4346 4346 4298 4298 4347 4347 4347 4347 4298 4298 4299 4299 4347 4347 4299 4299 4348 4348 4348 4348 4299 4299 4300 4300 4348 4348 4300 4300 4349 4349 4349 4349 4300 4300 4301 4301 4349 4349 4301 4301 4302 4302 4349 4349 4302 4302 4350 4350 4350 4350 4302 4302 4303 4303 4350 4350 4303 4303 4351 4351 4351 4351 4303 4303 4304 4304 4351 4351 4304 4304 4352 4352 4352 4352 4304 4304 4305 4305 4352 4352 4305 4305 4353 4353 4353 4353 4305 4305 4306 4306 4353 4353 4306 4306 4354 4354 4354 4354 4306 4306 4307 4307 4354 4354 4307 4307 4355 4355 4355 4355 4307 4307 4308 4308 4355 4355 4308 4308 4309 4309 4355 4355 4309 4309 4356 4356 4356 4356 4309 4309 4310 4310 4356 4356 4310 4310 4357 4357 4357 4357 4310 4310 4311 4311 4357 4357 4311 4311 4358 4358 4358 4358 4311 4311 4312 4312 4358 4358 4312 4312 4359 4359 4359 4359 4312 4312 4313 4313 4359 4359 4313 4313 4360 4360 4360 4360 4313 4313 4314 4314 4360 4360 4314 4314 4315 4315 4360 4360 4315 4315 4361 4361 4361 4361 4315 4315 4316 4316 4361 4361 4316 4316 4362 4362 4362 4362 4316 4316 4317 4317 4362 4362 4317 4317 4363 4363 4363 4363 4317 4317 4318 4318 4363 4363 4318 4318 4319 4319 4363 4363 4319 4319 4364 4364 4364 4364 4319 4319 4320 4320 4364 4364 4320 4320 4365 4365 4365 4365 4320 4320 4366 4366 4366 4366 4320 4320 4321 4321 4366 4366 4321 4321 4367 4367 4367 4367 4321 4321 4322 4322 4367 4367 4322 4322 4368 4368 4368 4368 4322 4322 4369 4369 4369 4369 4322 4322 4370 4370 4370 4370 4322 4322 4371 4371 4371 4371 4322 4322 4372 4372 4372 4372 4322 4322 4323 4323 4372 4372 4323 4323 4324 4324 4372 4372 4324 4324 4325 4325 4372 4372 4325 4325 4326 4326 4372 4372 4326 4326 4373 4373 4373 4373 4326 4326 4327 4327 4373 4373 4327 4327 4328 4328 4373 4373 4328 4328 4329 4329 4373 4373 4329 4329 4330 4330 4373 4373 4330 4330 4331 4331 4373 4373 4331 4331 4332 4332 4373 4373 4332 4332 4333 4333 4373 4373 4333 4333 4334 4334 4373 4373 4334 4334 4335 4335 4373 4373 4335 4335 4279 4279 4373 4373 4279 4279 4336 4336 7400 7400 7401 7401 4374 4374 4375 4375 7402 7402 4374 4374 4375 4375 4374 4374 4376 4376 4447 4447 4375 4375 4376 4376 4447 4447 4376 4376 4377 4377 4447 4447 4377 4377 4446 4446 4446 4446 4377 4377 4378 4378 4446 4446 4378 4378 4445 4445 4445 4445 4378 4378 4444 4444 4444 4444 4378 4378 4379 4379 4444 4444 4379 4379 4380 4380 4444 4444 4380 4380 4443 4443 4443 4443 4380 4380 4381 4381 4443 4443 4381 4381 4442 4442 4442 4442 4381 4381 4382 4382 4442 4442 4382 4382 4441 4441 4441 4441 4382 4382 4383 4383 4441 4441 4383 4383 4440 4440 4440 4440 4383 4383 4384 4384 4440 4440 4384 4384 4439 4439 4439 4439 4384 4384 4385 4385 4439 4439 4385 4385 4438 4438 4438 4438 4385 4385 4386 4386 4438 4438 4386 4386 4437 4437 4437 4437 4386 4386 4387 4387 4437 4437 4387 4387 4436 4436 4436 4436 4387 4387 4388 4388 4436 4436 4388 4388 4435 4435 4435 4435 4388 4388 4434 4434 4434 4434 4388 4388 4389 4389 4434 4434 4389 4389 4390 4390 4434 4434 4390 4390 4433 4433 4433 4433 4390 4390 4391 4391 4433 4433 4391 4391 4432 4432 4432 4432 4391 4391 4392 4392 4432 4432 4392 4392 4431 4431 4431 4431 4392 4392 7403 7403 4431 4431 7404 7404 7405 7405 4430 4430 4393 4393 4448 4448 4448 4448 4393 4393 4449 4449 4449 4449 4393 4393 4450 4450 4450 4450 4393 4393 4451 4451 4451 4451 4393 4393 4452 4452 4452 4452 4393 4393 4453 4453 4453 4453 4393 4393 4454 4454 4454 4454 4393 4393 4455 4455 4455 4455 4393 4393 4456 4456 4456 4456 4393 4393 4457 4457 4457 4457 4393 4393 4394 4394 4457 4457 4394 4394 4458 4458 4458 4458 4394 4394 4459 4459 4459 4459 4394 4394 4460 4460 4460 4460 4394 4394 4461 4461 4461 4461 4394 4394 4462 4462 4462 4462 4394 4394 4395 4395 4462 4462 4395 4395 4396 4396 4462 4462 4396 4396 4397 4397 4462 4462 4397 4397 4398 4398 4462 4462 4398 4398 4463 4463 4463 4463 4398 4398 4399 4399 4463 4463 4399 4399 4400 4400 4463 4463 4400 4400 4464 4464 4464 4464 4400 4400 4401 4401 4464 4464 4401 4401 4465 4465 4465 4465 4401 4401 4402 4402 4465 4465 4402 4402 4466 4466 4466 4466 4402 4402 4403 4403 4466 4466 4403 4403 4467 4467 4467 4467 4403 4403 4404 4404 4467 4467 4404 4404 4468 4468 4468 4468 4404 4404 4405 4405 4468 4468 4405 4405 4469 4469 4469 4469 4405 4405 4406 4406 4469 4469 4406 4406 4470 4470 4470 4470 4406 4406 4471 4471 4471 4471 4406 4406 4407 4407 4471 4471 4407 4407 4472 4472 4472 4472 4407 4407 4408 4408 4472 4472 4408 4408 4473 4473 4473 4473 4408 4408 4409 4409 4473 4473 4409 4409 4474 4474 4474 4474 4409 4409 4410 4410 4474 4474 4410 4410 4475 4475 4475 4475 4410 4410 4411 4411 4475 4475 4411 4411 4476 4476 4476 4476 4411 4411 4412 4412 4476 4476 4412 4412 4477 4477 4477 4477 4412 4412 4478 4478 4478 4478 4412 4412 4413 4413 4478 4478 4413 4413 4479 4479 4479 4479 4413 4413 4414 4414 4479 4479 4414 4414 4480 4480 4480 4480 4414 4414 4415 4415 4480 4480 4415 4415 4481 4481 4481 4481 4415 4415 4416 4416 4481 4481 4416 4416 4482 4482 4482 4482 4416 4416 4417 4417 4482 4482 4417 4417 4483 4483 4483 4483 4417 4417 4484 4484 4484 4484 4417 4417 4418 4418 4484 4484 4418 4418 4485 4485 4485 4485 4418 4418 4419 4419 4485 4485 4419 4419 4486 4486 4486 4486 4419 4419 4420 4420 4486 4486 4420 4420 4487 4487 4487 4487 4420 4420 4421 4421 4487 4487 4421 4421 4488 4488 4488 4488 4421 4421 4422 4422 4488 4488 4422 4422 4489 4489 4489 4489 4422 4422 4423 4423 4489 4489 4423 4423 4490 4490 4490 4490 4423 4423 4424 4424 4490 4490 4424 4424 4425 4425 4490 4490 4425 4425 4491 4491 4491 4491 4425 4425 4426 4426 4491 4491 4426 4426 4427 4427 4491 4491 4427 4427 4428 4428 4491 4491 4428 4428 4429 4429 4491 4491 4429 4429 4492 4492 4492 4492 4429 4429 4493 4493 4493 4493 4429 4429 4494 4494 4494 4494 4429 4429 4495 4495 4495 4495 4429 4429 4496 4496 4496 4496 4429 4429 4430 4430 4496 4496 4430 4430 4497 4497 4497 4497 4430 4430 4498 4498 4498 4498 4430 4430 4499 4499 4499 4499 4430 4430 4500 4500 4500 4500 4430 4430 4501 4501 4501 4501 4430 4430 4502 4502 4502 4502 4430 4430 4503 4503 4503 4503 4430 4430 4504 4504 4504 4504 4430 4430 4448 4448 4505 4505 4506 4506 4562 4562 4562 4562 4506 4506 4563 4563 4563 4563 4506 4506 4507 4507 4563 4563 4507 4507 4564 4564 4564 4564 4507 4507 4508 4508 4564 4564 4508 4508 4565 4565 4565 4565 4508 4508 4509 4509 4565 4565 4509 4509 4566 4566 4566 4566 4509 4509 4510 4510 4566 4566 4510 4510 4567 4567 4567 4567 4510 4510 4511 4511 4567 4567 4511 4511 4568 4568 4568 4568 4511 4511 4512 4512 4568 4568 4512 4512 4569 4569 4569 4569 4512 4512 4513 4513 4569 4569 4513 4513 4570 4570 4570 4570 4513 4513 4514 4514 4570 4570 4514 4514 4571 4571 4571 4571 4514 4514 4515 4515 4571 4571 4515 4515 4572 4572 4572 4572 4515 4515 4516 4516 4572 4572 4516 4516 4573 4573 4573 4573 4516 4516 4517 4517 4573 4573 4517 4517 4574 4574 4574 4574 4517 4517 4518 4518 4574 4574 4518 4518 4575 4575 4575 4575 4518 4518 4519 4519 4575 4575 4519 4519 7406 7406 7407 7407 4519 4519 7408 7408 4576 4576 4520 4520 4577 4577 4577 4577 4520 4520 4521 4521 7409 7409 7410 7410 4578 4578 4578 4578 7411 7411 4522 4522 4578 4578 4522 4522 4579 4579 4579 4579 4522 4522 4523 4523 4579 4579 4523 4523 4580 4580 4580 4580 4523 4523 4524 4524 4580 4580 4524 4524 4581 4581 4581 4581 4524 4524 4525 4525 4581 4581 4525 4525 4582 4582 4582 4582 4525 4525 4526 4526 4582 4582 4526 4526 4583 4583 4583 4583 4526 4526 4527 4527 4583 4583 4527 4527 4584 4584 4584 4584 4527 4527 4528 4528 4584 4584 4528 4528 4585 4585 4585 4585 4528 4528 4529 4529 4585 4585 4529 4529 4586 4586 4586 4586 4529 4529 4530 4530 4586 4586 4530 4530 4587 4587 4587 4587 4530 4530 4531 4531 4587 4587 4531 4531 4588 4588 4588 4588 4531 4531 4532 4532 4588 4588 4532 4532 4589 4589 4589 4589 4532 4532 4533 4533 4589 4589 4533 4533 4590 4590 4590 4590 4533 4533 4534 4534 4590 4590 4534 4534 4591 4591 4591 4591 4534 4534 4535 4535 4591 4591 4535 4535 4592 4592 4592 4592 4535 4535 4536 4536 4592 4592 4536 4536 4593 4593 4593 4593 4536 4536 4537 4537 4593 4593 4537 4537 4594 4594 4594 4594 4537 4537 4538 4538 4594 4594 4538 4538 4595 4595 4595 4595 4538 4538 4539 4539 4595 4595 4539 4539 4596 4596 4596 4596 4539 4539 4540 4540 4596 4596 4540 4540 4597 4597 4597 4597 4540 4540 4541 4541 4597 4597 4541 4541 4598 4598 4598 4598 4541 4541 4542 4542 4598 4598 4542 4542 4599 4599 4599 4599 4542 4542 4543 4543 4599 4599 4543 4543 4600 4600 4600 4600 4543 4543 4544 4544 4600 4600 4544 4544 4601 4601 4601 4601 4544 4544 4545 4545 4601 4601 4545 4545 4602 4602 4602 4602 4545 4545 4546 4546 4602 4602 4546 4546 4603 4603 4603 4603 4546 4546 4547 4547 4603 4603 4547 4547 7412 7412 7413 7413 4547 4547 7414 7414 4604 4604 4548 4548 4605 4605 4605 4605 4548 4548 4549 4549 7415 7415 7416 7416 4606 4606 4606 4606 7417 7417 4550 4550 4606 4606 4550 4550 4607 4607 4607 4607 4550 4550 4551 4551 4607 4607 4551 4551 4608 4608 4608 4608 4551 4551 4552 4552 4608 4608 4552 4552 4609 4609 4609 4609 4552 4552 4553 4553 4609 4609 4553 4553 4610 4610 4610 4610 4553 4553 4554 4554 4610 4610 4554 4554 4611 4611 4611 4611 4554 4554 4555 4555 4611 4611 4555 4555 4612 4612 4612 4612 4555 4555 4556 4556 4612 4612 4556 4556 4613 4613 4613 4613 4556 4556 4557 4557 4613 4613 4557 4557 4614 4614 4614 4614 4557 4557 4558 4558 4614 4614 4558 4558 4615 4615 4615 4615 4558 4558 4559 4559 4615 4615 4559 4559 4616 4616 4616 4616 4559 4559 4560 4560 4616 4616 4560 4560 4617 4617 4617 4617 4560 4560 4561 4561 4617 4617 4561 4561 4618 4618 4618 4618 4561 4561 4505 4505 4618 4618 4505 4505 4562 4562 4619 4619 4620 4620 4676 4676 4676 4676 4620 4620 4677 4677 4677 4677 4620 4620 4621 4621 4677 4677 4621 4621 4678 4678 4678 4678 4621 4621 4622 4622 4678 4678 4622 4622 4679 4679 4679 4679 4622 4622 4623 4623 4679 4679 4623 4623 4680 4680 4680 4680 4623 4623 4624 4624 4680 4680 4624 4624 4681 4681 4681 4681 4624 4624 4625 4625 4681 4681 4625 4625 4682 4682 4682 4682 4625 4625 4626 4626 4682 4682 4626 4626 4683 4683 4683 4683 4626 4626 4627 4627 4683 4683 4627 4627 4684 4684 4684 4684 4627 4627 4628 4628 4684 4684 4628 4628 4685 4685 4685 4685 4628 4628 4629 4629 4685 4685 4629 4629 4686 4686 4686 4686 4629 4629 4630 4630 4686 4686 4630 4630 4687 4687 4687 4687 4630 4630 4631 4631 4687 4687 4631 4631 4688 4688 4688 4688 4631 4631 4632 4632 4688 4688 4632 4632 4689 4689 4689 4689 4632 4632 7418 7418 4689 4689 7419 7419 7420 7420 4690 4690 4633 4633 4634 4634 4690 4690 4634 4634 4691 4691 7421 7421 7422 7422 4635 4635 7423 7423 4635 4635 4692 4692 4692 4692 4635 4635 4636 4636 4692 4692 4636 4636 4693 4693 4693 4693 4636 4636 4637 4637 4693 4693 4637 4637 4694 4694 4694 4694 4637 4637 4638 4638 4694 4694 4638 4638 4695 4695 4695 4695 4638 4638 4639 4639 4695 4695 4639 4639 4696 4696 4696 4696 4639 4639 4640 4640 4696 4696 4640 4640 4697 4697 4697 4697 4640 4640 4641 4641 4697 4697 4641 4641 4698 4698 4698 4698 4641 4641 4642 4642 4698 4698 4642 4642 4699 4699 4699 4699 4642 4642 4643 4643 4699 4699 4643 4643 4700 4700 4700 4700 4643 4643 4644 4644 4700 4700 4644 4644 4701 4701 4701 4701 4644 4644 4645 4645 4701 4701 4645 4645 4702 4702 4702 4702 4645 4645 4646 4646 4702 4702 4646 4646 4703 4703 4703 4703 4646 4646 4647 4647 4703 4703 4647 4647 4704 4704 4704 4704 4647 4647 4648 4648 4704 4704 4648 4648 4705 4705 4705 4705 4648 4648 4649 4649 4705 4705 4649 4649 4706 4706 4706 4706 4649 4649 4650 4650 4706 4706 4650 4650 4707 4707 4707 4707 4650 4650 4651 4651 4707 4707 4651 4651 4708 4708 4708 4708 4651 4651 4652 4652 4708 4708 4652 4652 4709 4709 4709 4709 4652 4652 4653 4653 4709 4709 4653 4653 4710 4710 4710 4710 4653 4653 4654 4654 4710 4710 4654 4654 4711 4711 4711 4711 4654 4654 4655 4655 4711 4711 4655 4655 4712 4712 4712 4712 4655 4655 4656 4656 4712 4712 4656 4656 4713 4713 4713 4713 4656 4656 4657 4657 4713 4713 4657 4657 4714 4714 4714 4714 4657 4657 4658 4658 4714 4714 4658 4658 4715 4715 4715 4715 4658 4658 4659 4659 4715 4715 4659 4659 4716 4716 4716 4716 4659 4659 4660 4660 4716 4716 4660 4660 4717 4717 4717 4717 4660 4660 4661 4661 4717 4717 4661 4661 7424 7424 7425 7425 4661 4661 7426 7426 4718 4718 4662 4662 4719 4719 4719 4719 4662 4662 4663 4663 7427 7427 7428 7428 4720 4720 4720 4720 7429 7429 4664 4664 4720 4720 4664 4664 4721 4721 4721 4721 4664 4664 4665 4665 4721 4721 4665 4665 4722 4722 4722 4722 4665 4665 4666 4666 4722 4722 4666 4666 4723 4723 4723 4723 4666 4666 4667 4667 4723 4723 4667 4667 4724 4724 4724 4724 4667 4667 4668 4668 4724 4724 4668 4668 4725 4725 4725 4725 4668 4668 4669 4669 4725 4725 4669 4669 4726 4726 4726 4726 4669 4669 4670 4670 4726 4726 4670 4670 4727 4727 4727 4727 4670 4670 4671 4671 4727 4727 4671 4671 4728 4728 4728 4728 4671 4671 4672 4672 4728 4728 4672 4672 4729 4729 4729 4729 4672 4672 4673 4673 4729 4729 4673 4673 4730 4730 4730 4730 4673 4673 4674 4674 4730 4730 4674 4674 4731 4731 4731 4731 4674 4674 4675 4675 4731 4731 4675 4675 4732 4732 4732 4732 4675 4675 4619 4619 4732 4732 4619 4619 4676 4676 4733 4733 4734 4734 4803 4803 4803 4803 4734 4734 4804 4804 4804 4804 4734 4734 4735 4735 4804 4804 4735 4735 4805 4805 4805 4805 4735 4735 4736 4736 4805 4805 4736 4736 4737 4737 4805 4805 4737 4737 4806 4806 4806 4806 4737 4737 4738 4738 4806 4806 4738 4738 4807 4807 4807 4807 4738 4738 4739 4739 4807 4807 4739 4739 4808 4808 4808 4808 4739 4739 4740 4740 4808 4808 4740 4740 4809 4809 4809 4809 4740 4740 4741 4741 4809 4809 4741 4741 4810 4810 4810 4810 4741 4741 4742 4742 4810 4810 4742 4742 4743 4743 4810 4810 4743 4743 4811 4811 4811 4811 4743 4743 4744 4744 4811 4811 4744 4744 4812 4812 4812 4812 4744 4744 4745 4745 4812 4812 4745 4745 4813 4813 4813 4813 4745 4745 4746 4746 4813 4813 4746 4746 4814 4814 4814 4814 4746 4746 4747 4747 4814 4814 4747 4747 4748 4748 4814 4814 4748 4748 4815 4815 4815 4815 4748 4748 4749 4749 4815 4815 4749 4749 4816 4816 4816 4816 4749 4749 4750 4750 4816 4816 4750 4750 4817 4817 4817 4817 4750 4750 4751 4751 4817 4817 4751 4751 4818 4818 4818 4818 4751 4751 4752 4752 4818 4818 4752 4752 4753 4753 4818 4818 4753 4753 4819 4819 4819 4819 4753 4753 4754 4754 4819 4819 4754 4754 4820 4820 4820 4820 4754 4754 4755 4755 4820 4820 4755 4755 4821 4821 4821 4821 4755 4755 4756 4756 4821 4821 4756 4756 4822 4822 4822 4822 4756 4756 4757 4757 4822 4822 4757 4757 4823 4823 4823 4823 4757 4757 4758 4758 4823 4823 4758 4758 4759 4759 4823 4823 4759 4759 4824 4824 4824 4824 4759 4759 4760 4760 4824 4824 4760 4760 4825 4825 4825 4825 4760 4760 4761 4761 4825 4825 4761 4761 4826 4826 4826 4826 4761 4761 4762 4762 4826 4826 4762 4762 4827 4827 4827 4827 4762 4762 4763 4763 4827 4827 4763 4763 4764 4764 4827 4827 4764 4764 4828 4828 4828 4828 4764 4764 4765 4765 4828 4828 4765 4765 4829 4829 4829 4829 4765 4765 4766 4766 4829 4829 4766 4766 4830 4830 4830 4830 4766 4766 4767 4767 4830 4830 4767 4767 4831 4831 4831 4831 4767 4767 4768 4768 4831 4831 4768 4768 4769 4769 4831 4831 4769 4769 4832 4832 4832 4832 4769 4769 4770 4770 4832 4832 4770 4770 4833 4833 4833 4833 4770 4770 4771 4771 4833 4833 4771 4771 4834 4834 4834 4834 4771 4771 4772 4772 4834 4834 4772 4772 4835 4835 4835 4835 4772 4772 4773 4773 4835 4835 4773 4773 4836 4836 4836 4836 4773 4773 4774 4774 4836 4836 4774 4774 4775 4775 4836 4836 4775 4775 4837 4837 4837 4837 4775 4775 4776 4776 4837 4837 4776 4776 4838 4838 4838 4838 4776 4776 4777 4777 4838 4838 4777 4777 4839 4839 4839 4839 4777 4777 4778 4778 4839 4839 4778 4778 4840 4840 4840 4840 4778 4778 4779 4779 4840 4840 4779 4779 4780 4780 4840 4840 4780 4780 4841 4841 4841 4841 4780 4780 4781 4781 4841 4841 4781 4781 4842 4842 4842 4842 4781 4781 4782 4782 4842 4842 4782 4782 4843 4843 4843 4843 4782 4782 4783 4783 4843 4843 4783 4783 4844 4844 4844 4844 4783 4783 4784 4784 4844 4844 4784 4784 4845 4845 4845 4845 4784 4784 4785 4785 4845 4845 4785 4785 4786 4786 4845 4845 4786 4786 4846 4846 4846 4846 4786 4786 4787 4787 4846 4846 4787 4787 4847 4847 4847 4847 4787 4787 4788 4788 4847 4847 4788 4788 4848 4848 4848 4848 4788 4788 4789 4789 4848 4848 4789 4789 4849 4849 4849 4849 4789 4789 4790 4790 4849 4849 4790 4790 4791 4791 4849 4849 4791 4791 4850 4850 4850 4850 4791 4791 4792 4792 4850 4850 4792 4792 4851 4851 4851 4851 4792 4792 4793 4793 4851 4851 4793 4793 4852 4852 4852 4852 4793 4793 4794 4794 4852 4852 4794 4794 4853 4853 4853 4853 4794 4794 4795 4795 4853 4853 4795 4795 4796 4796 4853 4853 4796 4796 4854 4854 4854 4854 4796 4796 4797 4797 4854 4854 4797 4797 4855 4855 4855 4855 4797 4797 4798 4798 4855 4855 4798 4798 4856 4856 4856 4856 4798 4798 4799 4799 4856 4856 4799 4799 4857 4857 4857 4857 4799 4799 4800 4800 4857 4857 4800 4800 4858 4858 4858 4858 4800 4800 4801 4801 4858 4858 4801 4801 4802 4802 4858 4858 4802 4802 4859 4859 4859 4859 4802 4802 4733 4733 4859 4859 4733 4733 4803 4803 4860 4860 4861 4861 4930 4930 4930 4930 4861 4861 4931 4931 4931 4931 4861 4861 4862 4862 4931 4931 4862 4862 4932 4932 4932 4932 4862 4862 4863 4863 4932 4932 4863 4863 4864 4864 4932 4932 4864 4864 4933 4933 4933 4933 4864 4864 4865 4865 4933 4933 4865 4865 4934 4934 4934 4934 4865 4865 4866 4866 4934 4934 4866 4866 4935 4935 4935 4935 4866 4866 4867 4867 4935 4935 4867 4867 4936 4936 4936 4936 4867 4867 4868 4868 4936 4936 4868 4868 4937 4937 4937 4937 4868 4868 4869 4869 4937 4937 4869 4869 4870 4870 4937 4937 4870 4870 4938 4938 4938 4938 4870 4870 4871 4871 4938 4938 4871 4871 4939 4939 4939 4939 4871 4871 4872 4872 4939 4939 4872 4872 4940 4940 4940 4940 4872 4872 4873 4873 4940 4940 4873 4873 4941 4941 4941 4941 4873 4873 4874 4874 4941 4941 4874 4874 4875 4875 4941 4941 4875 4875 4942 4942 4942 4942 4875 4875 4876 4876 4942 4942 4876 4876 4943 4943 4943 4943 4876 4876 4877 4877 4943 4943 4877 4877 4944 4944 4944 4944 4877 4877 4878 4878 4944 4944 4878 4878 4945 4945 4945 4945 4878 4878 4879 4879 4945 4945 4879 4879 4880 4880 4945 4945 4880 4880 4946 4946 4946 4946 4880 4880 4881 4881 4946 4946 4881 4881 4947 4947 4947 4947 4881 4881 4882 4882 4947 4947 4882 4882 4948 4948 4948 4948 4882 4882 4883 4883 4948 4948 4883 4883 4949 4949 4949 4949 4883 4883 4884 4884 4949 4949 4884 4884 4950 4950 4950 4950 4884 4884 4885 4885 4950 4950 4885 4885 4886 4886 4950 4950 4886 4886 4951 4951 4951 4951 4886 4886 4887 4887 4951 4951 4887 4887 4952 4952 4952 4952 4887 4887 4888 4888 4952 4952 4888 4888 4953 4953 4953 4953 4888 4888 4889 4889 4953 4953 4889 4889 4954 4954 4954 4954 4889 4889 4890 4890 4954 4954 4890 4890 4891 4891 4954 4954 4891 4891 4955 4955 4955 4955 4891 4891 4892 4892 4955 4955 4892 4892 4956 4956 4956 4956 4892 4892 4893 4893 4956 4956 4893 4893 4957 4957 4957 4957 4893 4893 4894 4894 4957 4957 4894 4894 4958 4958 4958 4958 4894 4894 4895 4895 4958 4958 4895 4895 4896 4896 4958 4958 4896 4896 4959 4959 4959 4959 4896 4896 4897 4897 4959 4959 4897 4897 4960 4960 4960 4960 4897 4897 4898 4898 4960 4960 4898 4898 4961 4961 4961 4961 4898 4898 4899 4899 4961 4961 4899 4899 4962 4962 4962 4962 4899 4899 4900 4900 4962 4962 4900 4900 4963 4963 4963 4963 4900 4900 4901 4901 4963 4963 4901 4901 4902 4902 4963 4963 4902 4902 4964 4964 4964 4964 4902 4902 4903 4903 4964 4964 4903 4903 4965 4965 4965 4965 4903 4903 4904 4904 4965 4965 4904 4904 4966 4966 4966 4966 4904 4904 4905 4905 4966 4966 4905 4905 4967 4967 4967 4967 4905 4905 4906 4906 4967 4967 4906 4906 4907 4907 4967 4967 4907 4907 4968 4968 4968 4968 4907 4907 4908 4908 4968 4968 4908 4908 4969 4969 4969 4969 4908 4908 4909 4909 4969 4969 4909 4909 4970 4970 4970 4970 4909 4909 4910 4910 4970 4970 4910 4910 4971 4971 4971 4971 4910 4910 4911 4911 4971 4971 4911 4911 4972 4972 4972 4972 4911 4911 4912 4912 4972 4972 4912 4912 4913 4913 4972 4972 4913 4913 4973 4973 4973 4973 4913 4913 4914 4914 4973 4973 4914 4914 4974 4974 4974 4974 4914 4914 4915 4915 4974 4974 4915 4915 4975 4975 4975 4975 4915 4915 4916 4916 4975 4975 4916 4916 4976 4976 4976 4976 4916 4916 4917 4917 4976 4976 4917 4917 4918 4918 4976 4976 4918 4918 4977 4977 4977 4977 4918 4918 4919 4919 4977 4977 4919 4919 4978 4978 4978 4978 4919 4919 4920 4920 4978 4978 4920 4920 4979 4979 4979 4979 4920 4920 4921 4921 4979 4979 4921 4921 4980 4980 4980 4980 4921 4921 4922 4922 4980 4980 4922 4922 4923 4923 4980 4980 4923 4923 4981 4981 4981 4981 4923 4923 4924 4924 4981 4981 4924 4924 4982 4982 4982 4982 4924 4924 4925 4925 4982 4982 4925 4925 4983 4983 4983 4983 4925 4925 4926 4926 4983 4983 4926 4926 4984 4984 4984 4984 4926 4926 4927 4927 4984 4984 4927 4927 4985 4985 4985 4985 4927 4927 4928 4928 4985 4985 4928 4928 4929 4929 4985 4985 4929 4929 4986 4986 4986 4986 4929 4929 4860 4860 4986 4986 4860 4860 4930 4930 4987 4987 4988 4988 5047 5047 5047 5047 4988 4988 4989 4989 5047 5047 4989 4989 5048 5048 5048 5048 4989 4989 4990 4990 5048 5048 4990 4990 5049 5049 5049 5049 4990 4990 4991 4991 5049 5049 4991 4991 5050 5050 5050 5050 4991 4991 4992 4992 5050 5050 4992 4992 5051 5051 5051 5051 4992 4992 4993 4993 5051 5051 4993 4993 5052 5052 5052 5052 4993 4993 4994 4994 5052 5052 4994 4994 5053 5053 5053 5053 4994 4994 4995 4995 5053 5053 4995 4995 4996 4996 5053 5053 4996 4996 5054 5054 5054 5054 4996 4996 4997 4997 5054 5054 4997 4997 5055 5055 5055 5055 4997 4997 4998 4998 5055 5055 4998 4998 5056 5056 5056 5056 4998 4998 4999 4999 5056 5056 4999 4999 5057 5057 5057 5057 4999 4999 5000 5000 5057 5057 5000 5000 5058 5058 5058 5058 5000 5000 5001 5001 5058 5058 5001 5001 5002 5002 5058 5058 5002 5002 5059 5059 5059 5059 5002 5002 5003 5003 5059 5059 5003 5003 5060 5060 5060 5060 5003 5003 5004 5004 5060 5060 5004 5004 5061 5061 5061 5061 5004 5004 5005 5005 5061 5061 5005 5005 5062 5062 5062 5062 5005 5005 5006 5006 5062 5062 5006 5006 5063 5063 5063 5063 5006 5006 5007 5007 5063 5063 5007 5007 5064 5064 5064 5064 5007 5007 5008 5008 5064 5064 5008 5008 5009 5009 5064 5064 5009 5009 5065 5065 5065 5065 5009 5009 5010 5010 5065 5065 5010 5010 5066 5066 5066 5066 5010 5010 5011 5011 5066 5066 5011 5011 5067 5067 5067 5067 5011 5011 5012 5012 5067 5067 5012 5012 5068 5068 5068 5068 5012 5012 5013 5013 5068 5068 5013 5013 5069 5069 5069 5069 5013 5013 5014 5014 5069 5069 5014 5014 5070 5070 5070 5070 5014 5014 5015 5015 5070 5070 5015 5015 5016 5016 5070 5070 5016 5016 5071 5071 5071 5071 5016 5016 5017 5017 5071 5071 5017 5017 5072 5072 5072 5072 5017 5017 5018 5018 5072 5072 5018 5018 5073 5073 5073 5073 5018 5018 5019 5019 5073 5073 5019 5019 5074 5074 5074 5074 5019 5019 5020 5020 5074 5074 5020 5020 5075 5075 5075 5075 5020 5020 5021 5021 5075 5075 5021 5021 5022 5022 5075 5075 5022 5022 5076 5076 5076 5076 5022 5022 5023 5023 5076 5076 5023 5023 5077 5077 5077 5077 5023 5023 5024 5024 5077 5077 5024 5024 5078 5078 5078 5078 5024 5024 5025 5025 5078 5078 5025 5025 5079 5079 5079 5079 5025 5025 5026 5026 5079 5079 5026 5026 5080 5080 5080 5080 5026 5026 5027 5027 5080 5080 5027 5027 5081 5081 5081 5081 5027 5027 5028 5028 5081 5081 5028 5028 5029 5029 5081 5081 5029 5029 5082 5082 5082 5082 5029 5029 5030 5030 5082 5082 5030 5030 5083 5083 5083 5083 5030 5030 5031 5031 5083 5083 5031 5031 5084 5084 5084 5084 5031 5031 5032 5032 5084 5084 5032 5032 5085 5085 5085 5085 5032 5032 5033 5033 5085 5085 5033 5033 5086 5086 5086 5086 5033 5033 5034 5034 5086 5086 5034 5034 5087 5087 5087 5087 5034 5034 5035 5035 5087 5087 5035 5035 5036 5036 5087 5087 5036 5036 5088 5088 5088 5088 5036 5036 5037 5037 5088 5088 5037 5037 5089 5089 5089 5089 5037 5037 5038 5038 5089 5089 5038 5038 5090 5090 5090 5090 5038 5038 5039 5039 5090 5090 5039 5039 5091 5091 5091 5091 5039 5039 5040 5040 5091 5091 5040 5040 5092 5092 5092 5092 5040 5040 5041 5041 5092 5092 5041 5041 5042 5042 5092 5092 5042 5042 5093 5093 5093 5093 5042 5042 5043 5043 5093 5093 5043 5043 5094 5094 5094 5094 5043 5043 5044 5044 5094 5094 5044 5044 5095 5095 5095 5095 5044 5044 5045 5045 5095 5095 5045 5045 5096 5096 5096 5096 5045 5045 5046 5046 5096 5096 5046 5046 5097 5097 5097 5097 5046 5046 4987 4987 5097 5097 4987 4987 5047 5047 5098 5098 7430 7430 5158 5158 5158 5158 7431 7431 7432 7432 5159 5159 5099 5099 5100 5100 5159 5159 5100 5100 5160 5160 5160 5160 5100 5100 5101 5101 5160 5160 5101 5101 5161 5161 5161 5161 5101 5101 5102 5102 5161 5161 5102 5102 5162 5162 5162 5162 5102 5102 5103 5103 5162 5162 5103 5103 5163 5163 5163 5163 5103 5103 5104 5104 5163 5163 5104 5104 5164 5164 5164 5164 5104 5104 5165 5165 5165 5165 5104 5104 5105 5105 5165 5165 5105 5105 5166 5166 5166 5166 5105 5105 5106 5106 5166 5166 5106 5106 5167 5167 5167 5167 5106 5106 5107 5107 5167 5167 5107 5107 5168 5168 5168 5168 5107 5107 5108 5108 5168 5168 5108 5108 5169 5169 5169 5169 5108 5108 5109 5109 7433 7433 7434 7434 5170 5170 5170 5170 7435 7435 5110 5110 5170 5170 5110 5110 5171 5171 5171 5171 5110 5110 5111 5111 5171 5171 5111 5111 5172 5172 5172 5172 5111 5111 5112 5112 5172 5172 5112 5112 5173 5173 5173 5173 5112 5112 5113 5113 5173 5173 5113 5113 5174 5174 5174 5174 5113 5113 5114 5114 5174 5174 5114 5114 5175 5175 5175 5175 5114 5114 5115 5115 5175 5175 5115 5115 5176 5176 5176 5176 5115 5115 5116 5116 5176 5176 5116 5116 5177 5177 5177 5177 5116 5116 5117 5117 5177 5177 5117 5117 5178 5178 5178 5178 5117 5117 5118 5118 5178 5178 5118 5118 5179 5179 5179 5179 5118 5118 5119 5119 5179 5179 5119 5119 5120 5120 5179 5179 5120 5120 5180 5180 5180 5180 5120 5120 5121 5121 5180 5180 5121 5121 5181 5181 5181 5181 5121 5121 5122 5122 5181 5181 5122 5122 5182 5182 5182 5182 5122 5122 5123 5123 5182 5182 5123 5123 5183 5183 5183 5183 5123 5123 5124 5124 5183 5183 5124 5124 5184 5184 5184 5184 5124 5124 5125 5125 5184 5184 5125 5125 5185 5185 5185 5185 5125 5125 5126 5126 5185 5185 5126 5126 5186 5186 5186 5186 5126 5126 5127 5127 5186 5186 5127 5127 5187 5187 5187 5187 5127 5127 5128 5128 5187 5187 5128 5128 5188 5188 5188 5188 5128 5128 7436 7436 5188 5188 7437 7437 7438 7438 5189 5189 5129 5129 5130 5130 5189 5189 5130 5130 5190 5190 5190 5190 5130 5130 5131 5131 5190 5190 5131 5131 5191 5191 5191 5191 5131 5131 5132 5132 5191 5191 5132 5132 5192 5192 5192 5192 5132 5132 5133 5133 5192 5192 5133 5133 5193 5193 5193 5193 5133 5133 5134 5134 5193 5193 5134 5134 5194 5194 5194 5194 5134 5134 5195 5195 5195 5195 5134 5134 5135 5135 5195 5195 5135 5135 5196 5196 5196 5196 5135 5135 5136 5136 5196 5196 5136 5136 5197 5197 5197 5197 5136 5136 5137 5137 5197 5197 5137 5137 5198 5198 5198 5198 5137 5137 5138 5138 5198 5198 5138 5138 5199 5199 5199 5199 5138 5138 5139 5139 7439 7439 7440 7440 5200 5200 5200 5200 7441 7441 5140 5140 5200 5200 5140 5140 5201 5201 5201 5201 5140 5140 5141 5141 5201 5201 5141 5141 5202 5202 5202 5202 5141 5141 5142 5142 5202 5202 5142 5142 5203 5203 5203 5203 5142 5142 5143 5143 5203 5203 5143 5143 5204 5204 5204 5204 5143 5143 5144 5144 5204 5204 5144 5144 5205 5205 5205 5205 5144 5144 5145 5145 5205 5205 5145 5145 5206 5206 5206 5206 5145 5145 5146 5146 5206 5206 5146 5146 5207 5207 5207 5207 5146 5146 5147 5147 5207 5207 5147 5147 5208 5208 5208 5208 5147 5147 5148 5148 5208 5208 5148 5148 5209 5209 5209 5209 5148 5148 5149 5149 5209 5209 5149 5149 5150 5150 5209 5209 5150 5150 5210 5210 5210 5210 5150 5150 5151 5151 5210 5210 5151 5151 5211 5211 5211 5211 5151 5151 5152 5152 5211 5211 5152 5152 5212 5212 5212 5212 5152 5152 5153 5153 5212 5212 5153 5153 5213 5213 5213 5213 5153 5153 5154 5154 5213 5213 5154 5154 5214 5214 5214 5214 5154 5154 5155 5155 5214 5214 5155 5155 5215 5215 5215 5215 5155 5155 5156 5156 5215 5215 5156 5156 5216 5216 5216 5216 5156 5156 5157 5157 5216 5216 5157 5157 5217 5217 5217 5217 5157 5157 5098 5098 5217 5217 5098 5098 5158 5158 5217 5217 5158 5158 5218 5218 5219 5219 7442 7442 5220 5220 5220 5220 7443 7443 7444 7444 5220 5220 7445 7445 5221 5221 5221 5221 7446 7446 7447 7447 5221 5221 7448 7448 5222 5222 5222 5222 7449 7449 7450 7450 5222 5222 7451 7451 5223 5223 5223 5223 7452 7452 7453 7453 5223 5223 7454 7454 5224 5224 5224 5224 7455 7455 7456 7456 5224 5224 7457 7457 5225 5225 5225 5225 7458 7458 7459 7459 5225 5225 7460 7460 7461 7461 5225 5225 7462 7462 5226 5226 5226 5226 7463 7463 7464 7464 5226 5226 7465 7465 5227 5227 5227 5227 7466 7466 7467 7467 5227 5227 7468 7468 5228 5228 5228 5228 7469 7469 7470 7470 5228 5228 7471 7471 5229 5229 5229 5229 7472 7472 7473 7473 5229 5229 7474 7474 5230 5230 5230 5230 7475 7475 7476 7476 5230 5230 7477 7477 5231 5231 5232 5232 5170 5170 5171 5171 7478 7478 7479 7479 5233 5233 5233 5233 7480 7480 5234 5234 5234 5234 7481 7481 5235 5235 5235 5235 7482 7482 7483 7483 5235 5235 7484 7484 5236 5236 5236 5236 7485 7485 7486 7486 5236 5236 7487 7487 5237 5237 5237 5237 7488 7488 7489 7489 5237 5237 7490 7490 5238 5238 5238 5238 7491 7491 7492 7492 5238 5238 7493 7493 5239 5239 5239 5239 7494 7494 7495 7495 5239 5239 7496 7496 5240 5240 5240 5240 7497 7497 5241 5241 5241 5241 7498 7498 7499 7499 5241 5241 7500 7500 5242 5242 5242 5242 7501 7501 7502 7502 5242 5242 7503 7503 5243 5243 5243 5243 7504 7504 7505 7505 5243 5243 7506 7506 5244 5244 5244 5244 7507 7507 7508 7508 5244 5244 7509 7509 5245 5245 5245 5245 7510 7510 7511 7511 5245 5245 7512 7512 5246 5246 5246 5246 7513 7513 7514 7514 5246 5246 7515 7515 5247 5247 5247 5247 7516 7516 7517 7517 5247 5247 7518 7518 5248 5248 5248 5248 7519 7519 5249 5249 5249 5249 7520 7520 7521 7521 5249 5249 7522 7522 5250 5250 5250 5250 7523 7523 7524 7524 5250 5250 7525 7525 5251 5251 5251 5251 7526 7526 7527 7527 5251 5251 7528 7528 5252 5252 5252 5252 7529 7529 7530 7530 5252 5252 7531 7531 5253 5253 5253 5253 7532 7532 5254 5254 5254 5254 7533 7533 7534 7534 5255 5255 5187 5187 5188 5188 5256 5256 7535 7535 5257 5257 5257 5257 7536 7536 7537 7537 5257 5257 7538 7538 5258 5258 5258 5258 7539 7539 7540 7540 5258 5258 7541 7541 5259 5259 5259 5259 7542 7542 7543 7543 5259 5259 7544 7544 5260 5260 5260 5260 7545 7545 7546 7546 5260 5260 7547 7547 5261 5261 5261 5261 7548 7548 7549 7549 5261 5261 7550 7550 5262 5262 5262 5262 7551 7551 7552 7552 5262 5262 7553 7553 7554 7554 5262 5262 7555 7555 5263 5263 5263 5263 7556 7556 7557 7557 5263 5263 7558 7558 5264 5264 5264 5264 7559 7559 7560 7560 5264 5264 7561 7561 5265 5265 5265 5265 7562 7562 7563 7563 5265 5265 7564 7564 5266 5266 5266 5266 7565 7565 7566 7566 5266 5266 7567 7567 5267 5267 5267 5267 7568 7568 7569 7569 5267 5267 7570 7570 5268 5268 5269 5269 5200 5200 5201 5201 7571 7571 7572 7572 5270 5270 5270 5270 7573 7573 5271 5271 5271 5271 7574 7574 5272 5272 5272 5272 7575 7575 7576 7576 5272 5272 7577 7577 5273 5273 5273 5273 7578 7578 7579 7579 5273 5273 7580 7580 5274 5274 5274 5274 7581 7581 5275 5275 5275 5275 7582 7582 7583 7583 5275 5275 7584 7584 5276 5276 5276 5276 7585 7585 7586 7586 5276 5276 7587 7587 5277 5277 5277 5277 7588 7588 7589 7589 5277 5277 7590 7590 5278 5278 5278 5278 7591 7591 7592 7592 5278 5278 7593 7593 5279 5279 5279 5279 7594 7594 7595 7595 5279 5279 7596 7596 5280 5280 5280 5280 7597 7597 7598 7598 5280 5280 7599 7599 5281 5281 5281 5281 7600 7600 5282 5282 5282 5282 7601 7601 7602 7602 5282 5282 7603 7603 5283 5283 5283 5283 7604 7604 7605 7605 5283 5283 7606 7606 5284 5284 5284 5284 7607 7607 7608 7608 5284 5284 7609 7609 5285 5285 5285 5285 7610 7610 7611 7611 5285 5285 7612 7612 5286 5286 5286 5286 7613 7613 7614 7614 5286 5286 7615 7615 5287 5287 5287 5287 7616 7616 7617 7617 5287 5287 7618 7618 5288 5288 5288 5288 7619 7619 7620 7620 5288 5288 7621 7621 5289 5289 5289 5289 7622 7622 5290 5290 5290 5290 7623 7623 7624 7624 5290 5290 7625 7625 5291 5291 5291 5291 7626 7626 5292 5292 5292 5292 7627 7627 7628 7628 5323 5323 5271 5271 5272 5272 5323 5323 5272 5272 5324 5324 5324 5324 5272 5272 5273 5273 5324 5324 5273 5273 5325 5325 5325 5325 5273 5273 5326 5326 5326 5326 5273 5273 5274 5274 5326 5326 5274 5274 5327 5327 5327 5327 5274 5274 5275 5275 5327 5327 5275 5275 5276 5276 5327 5327 5276 5276 5328 5328 5328 5328 5276 5276 5277 5277 5328 5328 5277 5277 5329 5329 5329 5329 5277 5277 5330 5330 5330 5330 5277 5277 5278 5278 5330 5330 5278 5278 5331 5331 5331 5331 5278 5278 5279 5279 5331 5331 5279 5279 5310 5310 5310 5310 5279 5279 5280 5280 5310 5310 5280 5280 5309 5309 5309 5309 5280 5280 5281 5281 5309 5309 5281 5281 5308 5308 5308 5308 5281 5281 5307 5307 5307 5307 5281 5281 5282 5282 5307 5307 5282 5282 5306 5306 5306 5306 5282 5282 5283 5283 5306 5306 5283 5283 5332 5332 5332 5332 5283 5283 5333 5333 5333 5333 5283 5283 5284 5284 5333 5333 5284 5284 5334 5334 5334 5334 5284 5284 5285 5285 5334 5334 5285 5285 5335 5335 5335 5335 5285 5285 5286 5286 5335 5335 5286 5286 5336 5336 5336 5336 5286 5286 5287 5287 5336 5336 5287 5287 5337 5337 5337 5337 5287 5287 5288 5288 5337 5337 5288 5288 5338 5338 5338 5338 5288 5288 5289 5289 5338 5338 5289 5289 5339 5339 5339 5339 5289 5289 5290 5290 5339 5339 5290 5290 5293 5293 5293 5293 5290 5290 5291 5291 5339 5339 5293 5293 5294 5294 5339 5339 5294 5294 5340 5340 5340 5340 5294 5294 5295 5295 5340 5340 5295 5295 5296 5296 5340 5340 5296 5296 5341 5341 5341 5341 5296 5296 5342 5342 5342 5342 5296 5296 5297 5297 5342 5342 5297 5297 5298 5298 5298 5298 5297 5297 1516 1516 5342 5342 5298 5298 5299 5299 5342 5342 5299 5299 5343 5343 5343 5343 5299 5299 5300 5300 5343 5343 5300 5300 5344 5344 5344 5344 5300 5300 5345 5345 5345 5345 5300 5300 5301 5301 5345 5345 5301 5301 5302 5302 5345 5345 5302 5302 5335 5335 5335 5335 5302 5302 5334 5334 5334 5334 5302 5302 5303 5303 5334 5334 5303 5303 5333 5333 5333 5333 5303 5303 5304 5304 5333 5333 5304 5304 5332 5332 5332 5332 5304 5304 5305 5305 5332 5332 5305 5305 5306 5306 5345 5345 5335 5335 5344 5344 5344 5344 5335 5335 5336 5336 5344 5344 5336 5336 5343 5343 5343 5343 5336 5336 5337 5337 5343 5343 5337 5337 5341 5341 5341 5341 5337 5337 5338 5338 5341 5341 5338 5338 5340 5340 5340 5340 5338 5338 5339 5339 5343 5343 5341 5341 5342 5342 5331 5331 5310 5310 5311 5311 5331 5331 5311 5311 5312 5312 5331 5331 5312 5312 5330 5330 5330 5330 5312 5312 5313 5313 5330 5330 5313 5313 5329 5329 5329 5329 5313 5313 5314 5314 5329 5329 5314 5314 5315 5315 5329 5329 5315 5315 5346 5346 5346 5346 5315 5315 5316 5316 5346 5346 5316 5316 5347 5347 5347 5347 5316 5316 5348 5348 5348 5348 5316 5316 5317 5317 5348 5348 5317 5317 5349 5349 5349 5349 5317 5317 5350 5350 5350 5350 5317 5317 5318 5318 5350 5350 5318 5318 5319 5319 5319 5319 5318 5318 1494 1494 5350 5350 5319 5319 5320 5320 5350 5350 5320 5320 5349 5349 5349 5349 5320 5320 5351 5351 5351 5351 5320 5320 5321 5321 5351 5351 5321 5321 5324 5324 5324 5324 5321 5321 5322 5322 5324 5324 5322 5322 5323 5323 5351 5351 5324 5324 5325 5325 5351 5351 5325 5325 5349 5349 5349 5349 5325 5325 5348 5348 5348 5348 5325 5325 5326 5326 5348 5348 5326 5326 5347 5347 5347 5347 5326 5326 5327 5327 5347 5347 5327 5327 5328 5328 5347 5347 5328 5328 5346 5346 5346 5346 5328 5328 5329 5329 5372 5372 5256 5256 5257 5257 5372 5372 5257 5257 5373 5373 5373 5373 5257 5257 5374 5374 5374 5374 5257 5257 5258 5258 5374 5374 5258 5258 5375 5375 5375 5375 5258 5258 5259 5259 5375 5375 5259 5259 5376 5376 5376 5376 5259 5259 5260 5260 5376 5376 5260 5260 5377 5377 5377 5377 5260 5260 5261 5261 5377 5377 5261 5261 5378 5378 5378 5378 5261 5261 5262 5262 5378 5378 5262 5262 5263 5263 5378 5378 5263 5263 5379 5379 5379 5379 5263 5263 5264 5264 5379 5379 5264 5264 5380 5380 5380 5380 5264 5264 5265 5265 5380 5380 5265 5265 5381 5381 5381 5381 5265 5265 5266 5266 5381 5381 5266 5266 5382 5382 5382 5382 5266 5266 5267 5267 5382 5382 5267 5267 5383 5383 5383 5383 5267 5267 5352 5352 5352 5352 5267 5267 5268 5268 5383 5383 5352 5352 5353 5353 5383 5383 5353 5353 5354 5354 5383 5383 5354 5354 5384 5384 5384 5384 5354 5354 5355 5355 5384 5384 5355 5355 5356 5356 5384 5384 5356 5356 5385 5385 5385 5385 5356 5356 5357 5357 5385 5385 5357 5357 5386 5386 5386 5386 5357 5357 5358 5358 5386 5386 5358 5358 5387 5387 5387 5387 5358 5358 5359 5359 5387 5387 5359 5359 5388 5388 5388 5388 5359 5359 5389 5389 5389 5389 5359 5359 5360 5360 5389 5389 5360 5360 5361 5361 5389 5389 5361 5361 5390 5390 5390 5390 5361 5361 5362 5362 5390 5390 5362 5362 5391 5391 5391 5391 5362 5362 5392 5392 5392 5392 5362 5362 5363 5363 5392 5392 5363 5363 5393 5393 5393 5393 5363 5363 5364 5364 5393 5393 5364 5364 5365 5365 5393 5393 5365 5365 5394 5394 5394 5394 5365 5365 5395 5395 5395 5395 5365 5365 5366 5366 5395 5395 5366 5366 5396 5396 5396 5396 5366 5366 5367 5367 5396 5396 5367 5367 5397 5397 5397 5397 5367 5367 5368 5368 5397 5397 5368 5368 5398 5398 5398 5398 5368 5368 5369 5369 5398 5398 5369 5369 5370 5370 5398 5398 5370 5370 5373 5373 5373 5373 5370 5370 5371 5371 5373 5373 5371 5371 5372 5372 5398 5398 5373 5373 5397 5397 5397 5397 5373 5373 5374 5374 5397 5397 5374 5374 5399 5399 5399 5399 5374 5374 5375 5375 5399 5399 5375 5375 5400 5400 5400 5400 5375 5375 5376 5376 5400 5400 5376 5376 5401 5401 5401 5401 5376 5376 5377 5377 5401 5401 5377 5377 5402 5402 5402 5402 5377 5377 5378 5378 5402 5402 5378 5378 5379 5379 5402 5402 5379 5379 5403 5403 5403 5403 5379 5379 5380 5380 5403 5403 5380 5380 5404 5404 5404 5404 5380 5380 5381 5381 5404 5404 5381 5381 5405 5405 5405 5405 5381 5381 5382 5382 5405 5405 5382 5382 5385 5385 5385 5385 5382 5382 5383 5383 5385 5385 5383 5383 5384 5384 5405 5405 5385 5385 5387 5387 5387 5387 5385 5385 5386 5386 5405 5405 5387 5387 5388 5388 5405 5405 5388 5388 5404 5404 5404 5404 5388 5388 5406 5406 5406 5406 5388 5388 5390 5390 5390 5390 5388 5388 5389 5389 5406 5406 5390 5390 5391 5391 5406 5406 5391 5391 5407 5407 5407 5407 5391 5391 5408 5408 5408 5408 5391 5391 5392 5392 5408 5408 5392 5392 5394 5394 5394 5394 5392 5392 5393 5393 5408 5408 5394 5394 5400 5400 5400 5400 5394 5394 5399 5399 5399 5399 5394 5394 5395 5395 5399 5399 5395 5395 5397 5397 5397 5397 5395 5395 5396 5396 5408 5408 5400 5400 5401 5401 5408 5408 5401 5401 5407 5407 5407 5407 5401 5401 5402 5402 5407 5407 5402 5402 5403 5403 5407 5407 5403 5403 5406 5406 5406 5406 5403 5403 5404 5404 5441 5441 5233 5233 5234 5234 5441 5441 5234 5234 5440 5440 5440 5440 5234 5234 5442 5442 5442 5442 5234 5234 5235 5235 5442 5442 5235 5235 5443 5443 5443 5443 5235 5235 5236 5236 5443 5443 5236 5236 5444 5444 5444 5444 5236 5236 5237 5237 5444 5444 5237 5237 5445 5445 5445 5445 5237 5237 5238 5238 5445 5445 5238 5238 5446 5446 5446 5446 5238 5238 5239 5239 5446 5446 5239 5239 5447 5447 5447 5447 5239 5239 5240 5240 5447 5447 5240 5240 5448 5448 5448 5448 5240 5240 5241 5241 5448 5448 5241 5241 5449 5449 5449 5449 5241 5241 5242 5242 5449 5449 5242 5242 5427 5427 5427 5427 5242 5242 5426 5426 5426 5426 5242 5242 5243 5243 5426 5426 5243 5243 5425 5425 5425 5425 5243 5243 5244 5244 5425 5425 5244 5244 5424 5424 5424 5424 5244 5244 5245 5245 5424 5424 5245 5245 5423 5423 5423 5423 5245 5245 5450 5450 5450 5450 5245 5245 5451 5451 5451 5451 5245 5245 5246 5246 5451 5451 5246 5246 5452 5452 5452 5452 5246 5246 5247 5247 5452 5452 5247 5247 5453 5453 5453 5453 5247 5247 5248 5248 5453 5453 5248 5248 5454 5454 5454 5454 5248 5248 5249 5249 5454 5454 5249 5249 5455 5455 5455 5455 5249 5249 5250 5250 5455 5455 5250 5250 5456 5456 5456 5456 5250 5250 5251 5251 5456 5456 5251 5251 5457 5457 5457 5457 5251 5251 5252 5252 5457 5457 5252 5252 5458 5458 5458 5458 5252 5252 5410 5410 5410 5410 5252 5252 5253 5253 5410 5410 5253 5253 5409 5409 5409 5409 5253 5253 5254 5254 5458 5458 5410 5410 5411 5411 5458 5458 5411 5411 5457 5457 5457 5457 5411 5411 5412 5412 5457 5457 5412 5412 5459 5459 5459 5459 5412 5412 5413 5413 5459 5459 5413 5413 5460 5460 5460 5460 5413 5413 5414 5414 5460 5460 5414 5414 5415 5415 5415 5415 5414 5414 2278 2278 5460 5460 5415 5415 5461 5461 5461 5461 5415 5415 5416 5416 5461 5461 5416 5416 5462 5462 5462 5462 5416 5416 5463 5463 5463 5463 5416 5416 5417 5417 5463 5463 5417 5417 5464 5464 5464 5464 5417 5417 5418 5418 5464 5464 5418 5418 5453 5453 5453 5453 5418 5418 5419 5419 5453 5453 5419 5419 5452 5452 5452 5452 5419 5419 5420 5420 5452 5452 5420 5420 5421 5421 5452 5452 5421 5421 5451 5451 5451 5451 5421 5421 5422 5422 5451 5451 5422 5422 5450 5450 5450 5450 5422 5422 5423 5423 5464 5464 5453 5453 5454 5454 5464 5464 5454 5454 5463 5463 5463 5463 5454 5454 5455 5455 5463 5463 5455 5455 5462 5462 5462 5462 5455 5455 5456 5456 5462 5462 5456 5456 5459 5459 5459 5459 5456 5456 5457 5457 5462 5462 5459 5459 5460 5460 5462 5462 5460 5460 5461 5461 5449 5449 5427 5427 5428 5428 5449 5449 5428 5428 5448 5448 5448 5448 5428 5428 5429 5429 5448 5448 5429 5429 5430 5430 5448 5448 5430 5430 5447 5447 5447 5447 5430 5430 5431 5431 5447 5447 5431 5431 5446 5446 5446 5446 5431 5431 5432 5432 5446 5446 5432 5432 5445 5445 5445 5445 5432 5432 5465 5465 5465 5465 5432 5432 5433 5433 5465 5465 5433 5433 5466 5466 5466 5466 5433 5433 5434 5434 5466 5466 5434 5434 5467 5467 5467 5467 5434 5434 5435 5435 5467 5467 5435 5435 5468 5468 5468 5468 5435 5435 5436 5436 5436 5436 5435 5435 2256 2256 5468 5468 5436 5436 5437 5437 5468 5468 5437 5437 5469 5469 5469 5469 5437 5437 5438 5438 5469 5469 5438 5438 5442 5442 5442 5442 5438 5438 5439 5439 5442 5442 5439 5439 5470 5470 5470 5470 5439 5439 5440 5440 5470 5470 5440 5440 5442 5442 5469 5469 5442 5442 5471 5471 5471 5471 5442 5442 5443 5443 5471 5471 5443 5443 5466 5466 5466 5466 5443 5443 5444 5444 5466 5466 5444 5444 5465 5465 5465 5465 5444 5444 5445 5445 5471 5471 5466 5466 5467 5467 5471 5471 5467 5467 5469 5469 5469 5469 5467 5467 5468 5468 5492 5492 5219 5219 5220 5220 5492 5492 5220 5220 5493 5493 5493 5493 5220 5220 5494 5494 5494 5494 5220 5220 5221 5221 5494 5494 5221 5221 5495 5495 5495 5495 5221 5221 5222 5222 5495 5495 5222 5222 5496 5496 5496 5496 5222 5222 5223 5223 5496 5496 5223 5223 5497 5497 5497 5497 5223 5223 5224 5224 5497 5497 5224 5224 5498 5498 5498 5498 5224 5224 5225 5225 5498 5498 5225 5225 5226 5226 5498 5498 5226 5226 5499 5499 5499 5499 5226 5226 5227 5227 5499 5499 5227 5227 5500 5500 5500 5500 5227 5227 5228 5228 5500 5500 5228 5228 5501 5501 5501 5501 5228 5228 5229 5229 5501 5501 5229 5229 5502 5502 5502 5502 5229 5229 5230 5230 5502 5502 5230 5230 5503 5503 5503 5503 5230 5230 5472 5472 5472 5472 5230 5230 5231 5231 5503 5503 5472 5472 5473 5473 5503 5503 5473 5473 5474 5474 5503 5503 5474 5474 5504 5504 5504 5504 5474 5474 5475 5475 5504 5504 5475 5475 5476 5476 5504 5504 5476 5476 5505 5505 5505 5505 5476 5476 5477 5477 5505 5505 5477 5477 5506 5506 5506 5506 5477 5477 5478 5478 5506 5506 5478 5478 5507 5507 5507 5507 5478 5478 5479 5479 5507 5507 5479 5479 5508 5508 5508 5508 5479 5479 5509 5509 5509 5509 5479 5479 5480 5480 5509 5509 5480 5480 5481 5481 5509 5509 5481 5481 5510 5510 5510 5510 5481 5481 5482 5482 5510 5510 5482 5482 5511 5511 5511 5511 5482 5482 5512 5512 5512 5512 5482 5482 5483 5483 5512 5512 5483 5483 5513 5513 5513 5513 5483 5483 5484 5484 5513 5513 5484 5484 5485 5485 5513 5513 5485 5485 5514 5514 5514 5514 5485 5485 5515 5515 5515 5515 5485 5485 5486 5486 5515 5515 5486 5486 5516 5516 5516 5516 5486 5486 5487 5487 5516 5516 5487 5487 5517 5517 5517 5517 5487 5487 5488 5488 5517 5517 5488 5488 5518 5518 5518 5518 5488 5488 5489 5489 5518 5518 5489 5489 5490 5490 5518 5518 5490 5490 5493 5493 5493 5493 5490 5490 5491 5491 5493 5493 5491 5491 5492 5492 5518 5518 5493 5493 5517 5517 5517 5517 5493 5493 5494 5494 5517 5517 5494 5494 5519 5519 5519 5519 5494 5494 5495 5495 5519 5519 5495 5495 5520 5520 5520 5520 5495 5495 5496 5496 5520 5520 5496 5496 5521 5521 5521 5521 5496 5496 5497 5497 5521 5521 5497 5497 5522 5522 5522 5522 5497 5497 5498 5498 5522 5522 5498 5498 5499 5499 5522 5522 5499 5499 5523 5523 5523 5523 5499 5499 5500 5500 5523 5523 5500 5500 5524 5524 5524 5524 5500 5500 5501 5501 5524 5524 5501 5501 5525 5525 5525 5525 5501 5501 5502 5502 5525 5525 5502 5502 5505 5505 5505 5505 5502 5502 5503 5503 5505 5505 5503 5503 5504 5504 5525 5525 5505 5505 5507 5507 5507 5507 5505 5505 5506 5506 5525 5525 5507 5507 5508 5508 5525 5525 5508 5508 5524 5524 5524 5524 5508 5508 5526 5526 5526 5526 5508 5508 5510 5510 5510 5510 5508 5508 5509 5509 5526 5526 5510 5510 5511 5511 5526 5526 5511 5511 5527 5527 5527 5527 5511 5511 5528 5528 5528 5528 5511 5511 5512 5512 5528 5528 5512 5512 5514 5514 5514 5514 5512 5512 5513 5513 5528 5528 5514 5514 5520 5520 5520 5520 5514 5514 5519 5519 5519 5519 5514 5514 5515 5515 5519 5519 5515 5515 5517 5517 5517 5517 5515 5515 5516 5516 5528 5528 5520 5520 5521 5521 5528 5528 5521 5521 5527 5527 5527 5527 5521 5521 5522 5522 5527 5527 5522 5522 5523 5523 5527 5527 5523 5523 5526 5526 5526 5526 5523 5523 5524 5524 5529 5529 5530 5530 5572 5572 5572 5572 5530 5530 5571 5571 5571 5571 5530 5530 5531 5531 5571 5571 5531 5531 5570 5570 5570 5570 5531 5531 5532 5532 5570 5570 5532 5532 5569 5569 5569 5569 5532 5532 5533 5533 5569 5569 5533 5533 5568 5568 5568 5568 5533 5533 5534 5534 5568 5568 5534 5534 5567 5567 5567 5567 5534 5534 5535 5535 5567 5567 5535 5535 5566 5566 5566 5566 5535 5535 5536 5536 5566 5566 5536 5536 5565 5565 5565 5565 5536 5536 5537 5537 5565 5565 5537 5537 5564 5564 5564 5564 5537 5537 5538 5538 5564 5564 5538 5538 5563 5563 5563 5563 5538 5538 5539 5539 5563 5563 5539 5539 5562 5562 5562 5562 5539 5539 5540 5540 5562 5562 5540 5540 5561 5561 5561 5561 5540 5540 5541 5541 5561 5561 5541 5541 5560 5560 5560 5560 5541 5541 5542 5542 5560 5560 5542 5542 5559 5559 5559 5559 5542 5542 5543 5543 5559 5559 5543 5543 5558 5558 5558 5558 5543 5543 5544 5544 5558 5558 5544 5544 5557 5557 5557 5557 5544 5544 5545 5545 5557 5557 5545 5545 5556 5556 5556 5556 5545 5545 5546 5546 5556 5556 5546 5546 5555 5555 5555 5555 5546 5546 5547 5547 5555 5555 5547 5547 5554 5554 5554 5554 5547 5547 5548 5548 5554 5554 5548 5548 5553 5553 5553 5553 5548 5548 5549 5549 5553 5553 5549 5549 5552 5552 5552 5552 5549 5549 5550 5550 5552 5552 5550 5550 5551 5551 5573 5573 5574 5574 5616 5616 5616 5616 5574 5574 5615 5615 5615 5615 5574 5574 5575 5575 5615 5615 5575 5575 5614 5614 5614 5614 5575 5575 5576 5576 5614 5614 5576 5576 5613 5613 5613 5613 5576 5576 5577 5577 5613 5613 5577 5577 5612 5612 5612 5612 5577 5577 5578 5578 5612 5612 5578 5578 5611 5611 5611 5611 5578 5578 5579 5579 5611 5611 5579 5579 5610 5610 5610 5610 5579 5579 5580 5580 5610 5610 5580 5580 5609 5609 5609 5609 5580 5580 5581 5581 5609 5609 5581 5581 5608 5608 5608 5608 5581 5581 5582 5582 5608 5608 5582 5582 5607 5607 5607 5607 5582 5582 5583 5583 5607 5607 5583 5583 5606 5606 5606 5606 5583 5583 5584 5584 5606 5606 5584 5584 5605 5605 5605 5605 5584 5584 5585 5585 5605 5605 5585 5585 5604 5604 5604 5604 5585 5585 5586 5586 5604 5604 5586 5586 5603 5603 5603 5603 5586 5586 5587 5587 5603 5603 5587 5587 5602 5602 5602 5602 5587 5587 5588 5588 5602 5602 5588 5588 5601 5601 5601 5601 5588 5588 5589 5589 5601 5601 5589 5589 5600 5600 5600 5600 5589 5589 5590 5590 5600 5600 5590 5590 5599 5599 5599 5599 5590 5590 5591 5591 5599 5599 5591 5591 5598 5598 5598 5598 5591 5591 5592 5592 5598 5598 5592 5592 5597 5597 5597 5597 5592 5592 5593 5593 5597 5597 5593 5593 5596 5596 5596 5596 5593 5593 5594 5594 5596 5596 5594 5594 5595 5595 5617 5617 5618 5618 5661 5661 5661 5661 5618 5618 5662 5662 5662 5662 5618 5618 5619 5619 5662 5662 5619 5619 5663 5663 5663 5663 5619 5619 5620 5620 5663 5663 5620 5620 5664 5664 5664 5664 5620 5620 5621 5621 5664 5664 5621 5621 5665 5665 5665 5665 5621 5621 5622 5622 7629 7629 7630 7630 5666 5666 5666 5666 7631 7631 5623 5623 5666 5666 5623 5623 5667 5667 5667 5667 5623 5623 5624 5624 5667 5667 5624 5624 5668 5668 5668 5668 5624 5624 5625 5625 5668 5668 5625 5625 5669 5669 5669 5669 5625 5625 5626 5626 5669 5669 5626 5626 5670 5670 5670 5670 5626 5626 5627 5627 5670 5670 5627 5627 5671 5671 5671 5671 5627 5627 5628 5628 5671 5671 5628 5628 5672 5672 5672 5672 5628 5628 5629 5629 5672 5672 5629 5629 5673 5673 5673 5673 5629 5629 5630 5630 5673 5673 5630 5630 5674 5674 5674 5674 5630 5630 5631 5631 5674 5674 5631 5631 5675 5675 5675 5675 5631 5631 5632 5632 5675 5675 5632 5632 5676 5676 5676 5676 5632 5632 5633 5633 5676 5676 5633 5633 5677 5677 5677 5677 5633 5633 5634 5634 5677 5677 5634 5634 5678 5678 5678 5678 5634 5634 5635 5635 5678 5678 5635 5635 7632 7632 7633 7633 5635 5635 7634 7634 5679 5679 5636 5636 5680 5680 5680 5680 5636 5636 5637 5637 5680 5680 5637 5637 5681 5681 5681 5681 5637 5637 5638 5638 5681 5681 5638 5638 5682 5682 5682 5682 5638 5638 5639 5639 5682 5682 5639 5639 5683 5683 5683 5683 5639 5639 5640 5640 5683 5683 5640 5640 5684 5684 5684 5684 5640 5640 5641 5641 5684 5684 5641 5641 5685 5685 5685 5685 5641 5641 5642 5642 5685 5685 5642 5642 5686 5686 5686 5686 5642 5642 5643 5643 5686 5686 5643 5643 5687 5687 5687 5687 5643 5643 5644 5644 7635 7635 7636 7636 5688 5688 5688 5688 7637 7637 5645 5645 5688 5688 5645 5645 5689 5689 5689 5689 5645 5645 5646 5646 5689 5689 5646 5646 5690 5690 5690 5690 5646 5646 5647 5647 5690 5690 5647 5647 5691 5691 5691 5691 5647 5647 5648 5648 5691 5691 5648 5648 5692 5692 5692 5692 5648 5648 5649 5649 5692 5692 5649 5649 5693 5693 5693 5693 5649 5649 5650 5650 5693 5693 5650 5650 5694 5694 5694 5694 5650 5650 5651 5651 5694 5694 5651 5651 5695 5695 5695 5695 5651 5651 5652 5652 5695 5695 5652 5652 5696 5696 5696 5696 5652 5652 5653 5653 5696 5696 5653 5653 5697 5697 5697 5697 5653 5653 5654 5654 5697 5697 5654 5654 5698 5698 5698 5698 5654 5654 5655 5655 5698 5698 5655 5655 5699 5699 5699 5699 5655 5655 5656 5656 5699 5699 5656 5656 5700 5700 5700 5700 5656 5656 5657 5657 5700 5700 5657 5657 7638 7638 7639 7639 5657 5657 7640 7640 5701 5701 5658 5658 5702 5702 5702 5702 5658 5658 5659 5659 5702 5702 5659 5659 5703 5703 5703 5703 5659 5659 5660 5660 5703 5703 5660 5660 5704 5704 5704 5704 5660 5660 5617 5617 5704 5704 5617 5617 5661 5661 </p>
				</triangles>
			</mesh>
		</geometry>
		<geometry id="ID10" name="geo_1">
			<mesh>
				<source id="geo_1-Position">
					<float_array count="342" id="geo_1-Position-array">-10.05 -0.0781823 -1.26759 -10.05 0.0781823 -1.26759 -10.05 0.233362 -1.24838 -10.05 0.385004 -1.21024 -10.05 0.53081 -1.15375 -10.05 0.668569 -1.07978 -10.05 0.796193 -0.989432 -10.05 0.911748 -0.88409 -10.05 1.01348 -0.765346 -10.05 1.09985 -0.635 -10.05 1.16955 -0.495028 -10.05 1.22152 -0.347552 -10.05 1.25497 -0.194807 -10.05 1.2694 -0.0391097 -10.05 1.26458 0.117181 -10.05 1.2406 0.271695 -10.05 1.19781 0.422091 -10.05 1.13686 0.566088 -10.05 1.05868 0.701504 -10.05 0.964444 0.826285 -10.05 0.855593 0.938541 -10.05 0.733773 1.03657 -10.05 0.600829 1.11889 -10.05 0.458777 1.18424 -10.05 0.30977 1.23164 -10.05 0.156068 1.26037 -10.05 0 1.27 -10.05 -0.156068 1.26037 -10.05 -0.30977 1.23164 -10.05 -0.458777 1.18424 -10.05 -0.600829 1.11889 -10.05 -0.733773 1.03657 -10.05 -0.855593 0.938541 -10.05 -0.964444 0.826285 -10.05 -1.05868 0.701504 -10.05 -1.13686 0.566088 -10.05 -1.19781 0.422091 -10.05 -1.2406 0.271695 -10.05 -1.26458 0.117181 -10.05 -1.2694 -0.0391097 -10.05 -1.25497 -0.194807 -10.05 -1.22152 -0.347552 -10.05 -1.16955 -0.495028 -10.05 -1.09985 -0.635 -10.05 -1.01348 -0.765346 -10.05 -0.911748 -0.88409 -10.05 -0.796193 -0.989432 -10.05 -0.668569 -1.07978 -10.05 -0.53081 -1.15375 -10.05 -0.385004 -1.21024 -10.05 -0.233362 -1.24838 9.05 0 -1.27 9.05 0.156068 -1.26037 9.05 0.30977 -1.23164 9.05 0.458777 -1.18424 9.05 0.600829 -1.11889 9.05 0.733773 -1.03657 9.05 0.855593 -0.938541 9.05 0.964444 -0.826285 9.05 1.05868 -0.701504 9.05 1.13686 -0.566088 9.05 1.19781 -0.422091 9.05 1.2406 -0.271695 9.05 1.26458 -0.117181 9.05 1.2694 0.0391097 9.05 1.25497 0.194807 9.05 1.22152 0.347552 9.05 1.16955 0.495028 9.05 1.09985 0.635 9.05 1.01348 0.765346 9.05 0.911748 0.88409 9.05 0.796193 0.989432 9.05 0.668569 1.07978 9.05 0.53081 1.15375 9.05 0.385004 1.21024 9.05 0.233362 1.24838 9.05 0.0781823 1.26759 9.05 -0.0781823 1.26759 9.05 -0.233362 1.24838 9.05 -0.385004 1.21024 9.05 -0.53081 1.15375 9.05 -0.668569 1.07978 9.05 -0.796193 0.989432 9.05 -0.911748 0.88409 9.05 -1.01348 0.765346 9.05 -1.09985 0.635 9.05 -1.16955 0.495028 9.05 -1.22152 0.347552 9.05 -1.25497 0.194807 9.05 -1.2694 0.0391097 9.05 -1.26458 -0.117181 9.05 -1.2406 -0.271695 9.05 -1.19781 -0.422091 9.05 -1.13686 -0.566088 9.05 -1.05868 -0.701504 9.05 -0.964444 -0.826285 9.05 -0.855593 -0.938541 9.05 -0.733773 -1.03657 9.05 -0.600829 -1.11889 9.05 -0.458777 -1.18424 9.05 -0.30977 -1.23164 9.05 -0.156068 -1.26037 -10.05 0.911748 -0.88409 -10.05 0.911748 -0.88409 9.05 0.964444 -0.826285 9.05 0.911748 0.88409 -10.05 0.964444 0.826285 9.05 0.911748 0.88409 9.05 -0.911748 0.88409 9.05 -0.911748 0.88409 -10.05 -0.964444 0.826285 9.05 -0.964444 -0.826285 -10.05 -0.911748 -0.88409 -10.05 -0.911748 -0.88409 </float_array>
					<technique_common>
						<accessor count="114" source="#geo_1-Position-array" stride="3">
							<param name="X" type="float"/>
							<param name="Y" type="float"/>
							<param name="Z" type="float"/>
						</accessor>
					</technique_common>
				</source>
				<source id="geo_1-Normals">
					<float_array count="342" id="geo_1-Normals-array">0.00392163 -0.0588235 -1 0.00392163 0.0588236 -1 0.00392163 0.184314 -0.984314 0.00392163 0.301961 -0.952941 0.00392163 0.419608 -0.905882 0.00392163 0.529412 -0.85098 0.00392163 0.62353 -0.780392 0.00392163 0.717647 -0.694118 0.00392163 0.796079 -0.6 0.00392163 0.866667 -0.498039 0.00392163 0.921569 -0.388235 0.00392163 0.960784 -0.270588 0.00392163 0.984314 -0.152941 0.00392163 1 -0.0274509 0.00392163 0.992157 0.0901961 0.00392163 0.976471 0.215686 0.00392163 0.945098 0.333333 0.00392163 0.898039 0.443137 0.00392163 0.835294 0.552941 0.00392163 0.756863 0.647059 0.00392163 0.670588 0.741177 0.00392163 0.576471 0.819608 0.00392163 0.47451 0.882353 0.00392163 0.364706 0.929412 0.00392163 0.247059 0.968628 0.00392163 0.121569 0.992157 0.00392163 0.00392163 1 0.00392163 -0.121569 0.992157 0.00392163 -0.247059 0.968628 0.00392163 -0.364706 0.929412 0.00392163 -0.47451 0.882353 0.00392163 -0.576471 0.819608 0.00392163 -0.670588 0.741177 0.00392163 -0.756863 0.647059 0.00392163 -0.835294 0.552941 0.00392163 -0.898039 0.443137 0.00392163 -0.945098 0.333333 0.00392163 -0.976471 0.215686 0.00392163 -0.992157 0.0901961 0.00392163 -1 -0.0274509 0.00392163 -0.984314 -0.152941 0.00392163 -0.960784 -0.270588 0.00392163 -0.921569 -0.388235 0.00392163 -0.866667 -0.498039 0.00392163 -0.796078 -0.6 0.00392163 -0.717647 -0.694118 0.00392163 -0.623529 -0.780392 0.00392163 -0.529412 -0.85098 0.00392163 -0.419608 -0.905882 0.00392163 -0.301961 -0.952941 0.00392163 -0.184314 -0.984314 0.00392163 0.00392163 -1 0.00392163 0.121569 -0.992157 0.00392163 0.247059 -0.968627 0.00392163 0.364706 -0.929412 0.00392163 0.47451 -0.882353 0.00392163 0.576471 -0.819608 0.00392163 0.670588 -0.741176 0.00392163 0.756863 -0.647059 0.00392163 0.835294 -0.552941 0.00392163 0.898039 -0.443137 0.00392163 0.945098 -0.333333 0.00392163 0.976471 -0.215686 0.00392163 0.992157 -0.090196 0.00392163 1 0.027451 0.00392163 0.984314 0.152941 0.00392163 0.960784 0.270588 0.00392163 0.921569 0.388235 0.00392163 0.866667 0.498039 0.00392163 0.796079 0.6 0.00392163 0.717647 0.694118 0.00392163 0.62353 0.780392 0.00392163 0.529412 0.850981 0.00392163 0.419608 0.905882 0.00392163 0.301961 0.952941 0.00392163 0.184314 0.984314 0.00392163 0.0588236 1 0.00392163 -0.0588235 1 0.00392163 -0.184314 0.984314 0.00392163 -0.301961 0.952941 0.00392163 -0.419608 0.905882 0.00392163 -0.529412 0.850981 0.00392163 -0.623529 0.780392 0.00392163 -0.717647 0.694118 0.00392163 -0.796078 0.6 0.00392163 -0.866667 0.498039 0.00392163 -0.921569 0.388235 0.00392163 -0.960784 0.270588 0.00392163 -0.984314 0.152941 0.00392163 -1 0.027451 0.00392163 -0.992157 -0.090196 0.00392163 -0.976471 -0.215686 0.00392163 -0.945098 -0.333333 0.00392163 -0.898039 -0.443137 0.00392163 -0.835294 -0.552941 0.00392163 -0.756863 -0.647059 0.00392163 -0.670588 -0.741176 0.00392163 -0.576471 -0.819608 0.00392163 -0.47451 -0.882353 0.00392163 -0.364706 -0.929412 0.00392163 -0.247059 -0.968627 0.00392163 -0.121569 -0.992157 0.00392163 0.717647 -0.694118 0.00392163 0.717647 -0.694118 0.00392163 0.756863 -0.647059 0.00392163 0.717647 0.694118 0.00392163 0.756863 0.647059 0.00392163 0.717647 0.694118 0.00392163 -0.717647 0.694118 0.00392163 -0.717647 0.694118 0.00392163 -0.756863 0.647059 0.00392163 -0.756863 -0.647059 0.00392163 -0.717647 -0.694118 0.00392163 -0.717647 -0.694118 </float_array>
					<technique_common>
						<accessor count="114" source="#geo_1-Normals-array" stride="3">
							<param name="X" type="float"/>
							<param name="Y" type="float"/>
							<param name="Z" type="float"/>
						</accessor>
					</technique_common>
				</source>
				<vertices id="geo_1-Vertex">
					<input semantic="POSITION" source="#geo_1-Position"/>
				</vertices>
				<triangles count="102" material="R255_G254_B247">
					<input offset="0" semantic="VERTEX" source="#geo_1-Vertex"/>
					<input offset="1" semantic="NORMAL"  source="#geo_1-Normals"/>
					<p>0 0 1 1 51 51 51 51 1 1 52 52 52 52 1 1 2 2 52 52 2 2 53 53 53 53 2 2 3 3 53 53 3 3 54 54 54 54 3 3 4 4 54 54 4 4 55 55 55 55 4 4 5 5 55 55 5 5 56 56 56 56 5 5 6 6 56 56 6 6 57 57 57 57 6 6 102 102 57 57 103 103 104 104 58 58 7 7 8 8 58 58 8 8 59 59 59 59 8 8 9 9 59 59 9 9 60 60 60 60 9 9 10 10 60 60 10 10 61 61 61 61 10 10 11 11 61 61 11 11 62 62 62 62 11 11 12 12 62 62 12 12 63 63 63 63 12 12 13 13 63 63 13 13 64 64 64 64 13 13 14 14 64 64 14 14 65 65 65 65 14 14 15 15 65 65 15 15 66 66 66 66 15 15 16 16 66 66 16 16 67 67 67 67 16 16 17 17 67 67 17 17 68 68 68 68 17 17 18 18 68 68 18 18 69 69 69 69 18 18 19 19 69 69 19 19 70 70 105 105 106 106 20 20 107 107 20 20 71 71 71 71 20 20 21 21 71 71 21 21 72 72 72 72 21 21 22 22 72 72 22 22 73 73 73 73 22 22 23 23 73 73 23 23 74 74 74 74 23 23 24 24 74 74 24 24 75 75 75 75 24 24 25 25 75 75 25 25 76 76 76 76 25 25 26 26 76 76 26 26 77 77 77 77 26 26 27 27 77 77 27 27 78 78 78 78 27 27 28 28 78 78 28 28 79 79 79 79 28 28 29 29 79 79 29 29 80 80 80 80 29 29 30 30 80 80 30 30 81 81 81 81 30 30 31 31 81 81 31 31 82 82 82 82 31 31 32 32 82 82 32 32 108 108 109 109 32 32 110 110 83 83 33 33 84 84 84 84 33 33 34 34 84 84 34 34 85 85 85 85 34 34 35 35 85 85 35 35 86 86 86 86 35 35 36 36 86 86 36 36 87 87 87 87 36 36 37 37 87 87 37 37 88 88 88 88 37 37 38 38 88 88 38 38 89 89 89 89 38 38 39 39 89 89 39 39 90 90 90 90 39 39 40 40 90 90 40 40 91 91 91 91 40 40 41 41 91 91 41 41 92 92 92 92 41 41 42 42 92 92 42 42 93 93 93 93 42 42 43 43 93 93 43 43 94 94 94 94 43 43 44 44 94 94 44 44 95 95 95 95 44 44 45 45 111 111 112 112 96 96 96 96 113 113 46 46 96 96 46 46 97 97 97 97 46 46 47 47 97 97 47 47 98 98 98 98 47 47 48 48 98 98 48 48 99 99 99 99 48 48 49 49 99 99 49 49 100 100 100 100 49 49 50 50 100 100 50 50 101 101 101 101 50 50 0 0 101 101 0 0 51 51 </p>
				</triangles>
			</mesh>
		</geometry>
	</library_geometries>
	<library_materials>
		<material id="ID8" name="R179_G0_B0">
			<instance_effect url="#ID12"/>
		</material>
		<material id="ID11" name="R255_G254_B247">
			<instance_effect url="#ID13"/>
		</material>
	</library_materials>
	<library_effects>
		<effect id="ID12">
			<profile_COMMON>
				<newparam sid="ID16">
					<surface type="2D">
						<init_from>ID15</init_from>
					</surface>
				</newparam>
				<newparam sid="ID14">
					<sampler2D>
						<source>ID16</source>
					</sampler2D>
				</newparam>
				<technique sid="standard">
					<phong>
						<emission><color>0 0 0 1</color></emission>
						<ambient><color>0.35098 0 0 1</color></ambient>
						<diffuse>
							<color>0.701961 0 0 1</color>
						</diffuse>
						<specular><color>1 1 1 1</color></specular>
						<reflective>
							<texture texture="ID14" texcoord="UVSET0" />
						</reflective>
						<reflectivity><float>0.0431373</float></reflectivity>
						<transparent opaque="A_ONE"><color>1.0 1.0 1.0 1.0</color></transparent>
						<transparency><float>1</float></transparency>
					</phong>
				</technique>
			</profile_COMMON>
		</effect>
		<effect id="ID13">
			<profile_COMMON>
				<newparam sid="ID18">
					<surface type="2D">
						<init_from>ID15</init_from>
					</surface>
				</newparam>
				<newparam sid="ID17">
					<sampler2D>
						<source>ID18</source>
					</sampler2D>
				</newparam>
				<technique sid="standard">
					<phong>
						<emission><color>0 0 0 1</color></emission>
						<ambient><color>0.5 0.498039 0.484314 1</color></ambient>
						<diffuse>
							<color>1 0.996078 0.968628 1</color>
						</diffuse>
						<specular><color>1 0.996078 0.968628 1</color></specular>
						<reflective>
							<texture texture="ID17" texcoord="UVSET0" />
						</reflective>
						<reflectivity><float>0.929412</float></reflectivity>
						<transparent opaque="A_ONE"><color>1.0 1.0 1.0 1.0</color></transparent>
						<transparency><float>1</float></transparency>
					</phong>
				</technique>
			</profile_COMMON>
		</effect>
	</library_effects>
	<!-- <library_images> -->
		<!-- <image id="ID15" name="Img_1_ENVIRONMENT-F36F8E54-5909-41d6-9FC3-020CB8A46593.png">
			<init_from>file:///C:\Users\cerqu\AppData\Roaming\SimLab\SimLab Collada From Inventor 2020\data\Imported_Textures\11\DWF\SimLabDWFFile\ENVIRONMENT-F36F8E54-5909-41d6-9FC3-020CB8A46593.png</init_from>
		</image> -->
	<!-- </library_images> -->
	<scene>
		<instance_visual_scene url="#Scene"/>
	</scene>
</COLLADA>
